0,0,fY73xxIIR3SeL1/jUZTGTzuvrVE=,eKVuAVuZcpyAyjbTh5LF45eE6Es=
1,0,fY73xxIIR3SeL1/jUZTGTzuvrVE=,eKVuAVuZcpyAyjbTh5LF45eE6Es=
2,0,fY73xxIIR3SeL1/jUZTGTzuvrVE=,GXMbabqxElCUZLxZzdc05gnH00I=
2,1,fY73xxIIR3SeL1/jUZTGTzuvrVE=,eKVuAVuZcpyAyjbTh5LF45eE6Es=
2,2,fY73xxIIR3SeL1/jUZTGTzuvrVE=,GXMbabqxElCUZLxZzdc05gnH00I=
2,3,fY73xxIIR3SeL1/jUZTGTzuvrVE=,eKVuAVuZcpyAyjbTh5LF45eE6Es=
3,1,fY73xxIIR3SeL1/jUZTGTzuvrVE=,eKVuAVuZcpyAyjbTh5LF45eE6Es=
3,0,fY73xxIIR3SeL1/jUZTGTzuvrVE=,eKVuAVuZcpyAyjbTh5LF45eE6Es=
4,1,fY73xxIIR3SeL1/jUZTGTzuvrVE=,Hslx1Na4pdq5IVn0Z77fF2wjpkQ=
4,0,fY73xxIIR3SeL1/jUZTGTzuvrVE=,Hslx1Na4pdq5IVn0Z77fF2wjpkQ=
4,3,fY73xxIIR3SeL1/jUZTGTzuvrVE=,6V05xhVevJC3A9vsvwARMQd26Uw=
5,0,fY73xxIIR3SeL1/jUZTGTzuvrVE=,6V05xhVevJC3A9vsvwARMQd26Uw=
