814,427,fY73xxIIR3SeL1/jUZTGTzuvrVE=,AF+f0DdifGrInzX3Z58+cf880Q4=
815,427,fY73xxIIR3SeL1/jUZTGTzuvrVE=,GXMbabqxElCUZLxZzdc05gnH00I=
830,427,fY73xxIIR3SeL1/jUZTGTzuvrVE=,GXMbabqxElCUZLxZzdc05gnH00I=
817,425,fY73xxIIR3SeL1/jUZTGTzuvrVE=,JLw91V6xM7py+s7AdiagMP7+w0I=
817,424,fY73xxIIR3SeL1/jUZTGTzuvrVE=,B2gLzOAjhUhxbfCDaWgi3wL5V30=
817,427,fY73xxIIR3SeL1/jUZTGTzuvrVE=,JLw91V6xM7py+s7AdiagMP7+w0I=
817,426,fY73xxIIR3SeL1/jUZTGTzuvrVE=,JLw91V6xM7py+s7AdiagMP7+w0I=
822,427,fY73xxIIR3SeL1/jUZTGTzuvrVE=,GXMbabqxElCUZLxZzdc05gnH00I=
810,427,fY73xxIIR3SeL1/jUZTGTzuvrVE=,GXMbabqxElCUZLxZzdc05gnH00I=
818,426,fY73xxIIR3SeL1/jUZTGTzuvrVE=,JLw91V6xM7py+s7AdiagMP7+w0I=
818,427,fY73xxIIR3SeL1/jUZTGTzuvrVE=,JLw91V6xM7py+s7AdiagMP7+w0I=
818,428,fY73xxIIR3SeL1/jUZTGTzuvrVE=,eKVuAVuZcpyAyjbTh5LF45eE6Es=
818,425,fY73xxIIR3SeL1/jUZTGTzuvrVE=,GXMbabqxElCUZLxZzdc05gnH00I=
809,427,fY73xxIIR3SeL1/jUZTGTzuvrVE=,eKVuAVuZcpyAyjbTh5LF45eE6Es=
816,427,fY73xxIIR3SeL1/jUZTGTzuvrVE=,AF+f0DdifGrInzX3Z58+cf880Q4=
816,426,fY73xxIIR3SeL1/jUZTGTzuvrVE=,eKVuAVuZcpyAyjbTh5LF45eE6Es=
819,427,fY73xxIIR3SeL1/jUZTGTzuvrVE=,AF+f0DdifGrInzX3Z58+cf880Q4=
817,428,fY73xxIIR3SeL1/jUZTGTzuvrVE=,GXMbabqxElCUZLxZzdc05gnH00I=
820,427,fY73xxIIR3SeL1/jUZTGTzuvrVE=,VcyTz8/ych/pU4933q0T19Uz7js=
812,427,fY73xxIIR3SeL1/jUZTGTzuvrVE=,GXMbabqxElCUZLxZzdc05gnH00I=
811,427,fY73xxIIR3SeL1/jUZTGTzuvrVE=,AF+f0DdifGrInzX3Z58+cf880Q4=
827,427,fY73xxIIR3SeL1/jUZTGTzuvrVE=,eKVuAVuZcpyAyjbTh5LF45eE6Es=
819,426,fY73xxIIR3SeL1/jUZTGTzuvrVE=,6V05xhVevJC3A9vsvwARMQd26Uw=
821,427,fY73xxIIR3SeL1/jUZTGTzuvrVE=,Hslx1Na4pdq5IVn0Z77fF2wjpkQ=
813,427,fY73xxIIR3SeL1/jUZTGTzuvrVE=,Hslx1Na4pdq5IVn0Z77fF2wjpkQ=
