0,0,soipMxNvg7Olm74QOjw+9JbX0eI=,5TsOv7XyDqf83uzlP1IDtwCGk/4=
1,0,soipMxNvg7Olm74QOjw+9JbX0eI=,vBjD7cNOyHcFfSbaF7x6EEXU+to=
4,1,36uOh//JF/Ln2m2FzyjEyLZBQj4=,HPkevIPu+w+Fa0g94dZPF/PB2pE=
8,0,36uOh//JF/Ln2m2FzyjEyLZBQj4=,XdWpud2CtEL4N8i8WSJdcEzZvHk=
9,7,36uOh//JF/Ln2m2FzyjEyLZBQj4=,XdWpud2CtEL4N8i8WSJdcEzZvHk=
10,9,36uOh//JF/Ln2m2FzyjEyLZBQj4=,Qpfs0le6txKP+VRPxoFqIXp4Y1E=
10,11,J6Myg3tzIkOBmknX1hCjQAm/8IQ=,Qpfs0le6txKP+VRPxoFqIXp4Y1E=
10,12,J6Myg3tzIkOBmknX1hCjQAm/8IQ=,Qpfs0le6txKP+VRPxoFqIXp4Y1E=
11,11,J6Myg3tzIkOBmknX1hCjQAm/8IQ=,Qpfs0le6txKP+VRPxoFqIXp4Y1E=
11,12,J6Myg3tzIkOBmknX1hCjQAm/8IQ=,Qpfs0le6txKP+VRPxoFqIXp4Y1E=
11,2,J6Myg3tzIkOBmknX1hCjQAm/8IQ=,Qpfs0le6txKP+VRPxoFqIXp4Y1E=
12,6,J6Myg3tzIkOBmknX1hCjQAm/8IQ=,BQjj0dy6wOCFCtgt/mEkiC26gHQ=
13,2,J6Myg3tzIkOBmknX1hCjQAm/8IQ=,BQjj0dy6wOCFCtgt/mEkiC26gHQ=
16,5,J6Myg3tzIkOBmknX1hCjQAm/8IQ=,UmRjR730wLKqB49zzSV7+1grMBE=
17,1,J6Myg3tzIkOBmknX1hCjQAm/8IQ=,UmRjR730wLKqB49zzSV7+1grMBE=
18,13,J6Myg3tzIkOBmknX1hCjQAm/8IQ=,6MawkYHIt1A4oUHz1dGfMrPQkFs=
19,2,J6Myg3tzIkOBmknX1hCjQAm/8IQ=,6MawkYHIt1A4oUHz1dGfMrPQkFs=
19,6,J6Myg3tzIkOBmknX1hCjQAm/8IQ=,6MawkYHIt1A4oUHz1dGfMrPQkFs=
23,0,50O7Az3hor1Y5vAd444TaFVMzxo=,6MawkYHIt1A4oUHz1dGfMrPQkFs=
