6,-20,soipMxNvg7Olm74QOjw+9JbX0eI=,vBjD7cNOyHcFfSbaF7x6EEXU+to=
6,-19,soipMxNvg7Olm74QOjw+9JbX0eI=,vBjD7cNOyHcFfSbaF7x6EEXU+to=
5,-19,soipMxNvg7Olm74QOjw+9JbX0eI=,5TsOv7XyDqf83uzlP1IDtwCGk/4=
5,-20,soipMxNvg7Olm74QOjw+9JbX0eI=,Jj0f/1ZILvoLmOF6v6f/yuFK2EY=
5,-21,soipMxNvg7Olm74QOjw+9JbX0eI=,Jj0f/1ZILvoLmOF6v6f/yuFK2EY=
5,-22,soipMxNvg7Olm74QOjw+9JbX0eI=,5TsOv7XyDqf83uzlP1IDtwCGk/4=
1,-3,36uOh//JF/Ln2m2FzyjEyLZBQj4=,xoEjB4EYtpLEZ2A77N9ytujD0y4=
0,-3,36uOh//JF/Ln2m2FzyjEyLZBQj4=,xoEjB4EYtpLEZ2A77N9ytujD0y4=
0,-1,36uOh//JF/Ln2m2FzyjEyLZBQj4=,XdWpud2CtEL4N8i8WSJdcEzZvHk=
16,-3,J6Myg3tzIkOBmknX1hCjQAm/8IQ=,6MawkYHIt1A4oUHz1dGfMrPQkFs=
10,-2,50O7Az3hor1Y5vAd444TaFVMzxo=,7wRCr+XKBOoA9Psbr42FPlPRRVc=
9,-19,50O7Az3hor1Y5vAd444TaFVMzxo=,zCaKoqIlpQ2vJnRyUQYob64PzS8=
9,-20,50O7Az3hor1Y5vAd444TaFVMzxo=,zCaKoqIlpQ2vJnRyUQYob64PzS8=
7,-19,50O7Az3hor1Y5vAd444TaFVMzxo=,7wRCr+XKBOoA9Psbr42FPlPRRVc=
7,-20,50O7Az3hor1Y5vAd444TaFVMzxo=,7wRCr+XKBOoA9Psbr42FPlPRRVc=
