3329,1709,J6Myg3tzIkOBmknX1hCjQAm/8IQ=,MYVMVRSyMsxVNKzVM3aUHSL5lak=
3329,1708,J6Myg3tzIkOBmknX1hCjQAm/8IQ=,BQjj0dy6wOCFCtgt/mEkiC26gHQ=
3340,1708,J6Myg3tzIkOBmknX1hCjQAm/8IQ=,BQjj0dy6wOCFCtgt/mEkiC26gHQ=
3340,1709,J6Myg3tzIkOBmknX1hCjQAm/8IQ=,MYVMVRSyMsxVNKzVM3aUHSL5lak=
3330,1708,J6Myg3tzIkOBmknX1hCjQAm/8IQ=,BQjj0dy6wOCFCtgt/mEkiC26gHQ=
3330,1709,J6Myg3tzIkOBmknX1hCjQAm/8IQ=,MYVMVRSyMsxVNKzVM3aUHSL5lak=
3339,1709,J6Myg3tzIkOBmknX1hCjQAm/8IQ=,5532zfsLlIgtSJe8o6HJm2NgCeA=
3339,1708,J6Myg3tzIkOBmknX1hCjQAm/8IQ=,rai/kwe2NlthSFL34WPsAYkIrCs=
