3271,1703,soipMxNvg7Olm74QOjw+9JbX0eI=,QYx8ds182EFX8AuxdD7PYDoRyus=
3271,1702,soipMxNvg7Olm74QOjw+9JbX0eI=,a03z00GK/BACuTSdw2VGbYIawLw=
3271,1701,soipMxNvg7Olm74QOjw+9JbX0eI=,a03z00GK/BACuTSdw2VGbYIawLw=
3271,1700,soipMxNvg7Olm74QOjw+9JbX0eI=,a03z00GK/BACuTSdw2VGbYIawLw=
3271,1699,soipMxNvg7Olm74QOjw+9JbX0eI=,HPkevIPu+w+Fa0g94dZPF/PB2pE=
3271,1697,soipMxNvg7Olm74QOjw+9JbX0eI=,HPkevIPu+w+Fa0g94dZPF/PB2pE=
3271,1711,soipMxNvg7Olm74QOjw+9JbX0eI=,a03z00GK/BACuTSdw2VGbYIawLw=
3271,1710,soipMxNvg7Olm74QOjw+9JbX0eI=,QYx8ds182EFX8AuxdD7PYDoRyus=
3271,1709,soipMxNvg7Olm74QOjw+9JbX0eI=,QYx8ds182EFX8AuxdD7PYDoRyus=
3271,1708,soipMxNvg7Olm74QOjw+9JbX0eI=,QYx8ds182EFX8AuxdD7PYDoRyus=
3271,1707,36uOh//JF/Ln2m2FzyjEyLZBQj4=,QYx8ds182EFX8AuxdD7PYDoRyus=
3271,1706,36uOh//JF/Ln2m2FzyjEyLZBQj4=,QYx8ds182EFX8AuxdD7PYDoRyus=
3271,1705,36uOh//JF/Ln2m2FzyjEyLZBQj4=,QYx8ds182EFX8AuxdD7PYDoRyus=
3271,1704,36uOh//JF/Ln2m2FzyjEyLZBQj4=,yhgz7ZuYX0uT1x4K2557XnBKNM0=
3270,1703,36uOh//JF/Ln2m2FzyjEyLZBQj4=,QYx8ds182EFX8AuxdD7PYDoRyus=
3270,1710,36uOh//JF/Ln2m2FzyjEyLZBQj4=,4gqb6BbB7ou1yXjsr7ObJBfkq/U=
3270,1708,36uOh//JF/Ln2m2FzyjEyLZBQj4=,YQUyhpmsmeFuxawHb/6Zh53nW6A=
3270,1709,36uOh//JF/Ln2m2FzyjEyLZBQj4=,YQUyhpmsmeFuxawHb/6Zh53nW6A=
3270,1706,36uOh//JF/Ln2m2FzyjEyLZBQj4=,YQUyhpmsmeFuxawHb/6Zh53nW6A=
3270,1707,36uOh//JF/Ln2m2FzyjEyLZBQj4=,YQUyhpmsmeFuxawHb/6Zh53nW6A=
3270,1704,36uOh//JF/Ln2m2FzyjEyLZBQj4=,YQUyhpmsmeFuxawHb/6Zh53nW6A=
3270,1705,36uOh//JF/Ln2m2FzyjEyLZBQj4=,YQUyhpmsmeFuxawHb/6Zh53nW6A=
3270,1702,36uOh//JF/Ln2m2FzyjEyLZBQj4=,a03z00GK/BACuTSdw2VGbYIawLw=
3270,1700,36uOh//JF/Ln2m2FzyjEyLZBQj4=,a03z00GK/BACuTSdw2VGbYIawLw=
3270,1701,36uOh//JF/Ln2m2FzyjEyLZBQj4=,a03z00GK/BACuTSdw2VGbYIawLw=
3270,1699,36uOh//JF/Ln2m2FzyjEyLZBQj4=,HPkevIPu+w+Fa0g94dZPF/PB2pE=
3290,1709,36uOh//JF/Ln2m2FzyjEyLZBQj4=,3FtM4UA1BQ2pAG2IZJtUEHMCd4c=
3273,1705,36uOh//JF/Ln2m2FzyjEyLZBQj4=,6pApML5Jn3aWFA5oO8ZpG4NCcn8=
3273,1704,36uOh//JF/Ln2m2FzyjEyLZBQj4=,6pApML5Jn3aWFA5oO8ZpG4NCcn8=
3273,1707,36uOh//JF/Ln2m2FzyjEyLZBQj4=,JE+n3IOdrFMoJKAv8QcSWodgKIM=
3273,1706,36uOh//JF/Ln2m2FzyjEyLZBQj4=,JE+n3IOdrFMoJKAv8QcSWodgKIM=
3273,1709,36uOh//JF/Ln2m2FzyjEyLZBQj4=,JE+n3IOdrFMoJKAv8QcSWodgKIM=
3273,1708,36uOh//JF/Ln2m2FzyjEyLZBQj4=,JE+n3IOdrFMoJKAv8QcSWodgKIM=
3291,1709,36uOh//JF/Ln2m2FzyjEyLZBQj4=,6pApML5Jn3aWFA5oO8ZpG4NCcn8=
3273,1711,36uOh//JF/Ln2m2FzyjEyLZBQj4=,ovNJWPElkftZ/2frDxasoPr1J0c=
3273,1710,36uOh//JF/Ln2m2FzyjEyLZBQj4=,JE+n3IOdrFMoJKAv8QcSWodgKIM=
3273,1712,36uOh//JF/Ln2m2FzyjEyLZBQj4=,xoEjB4EYtpLEZ2A77N9ytujD0y4=
3273,1703,36uOh//JF/Ln2m2FzyjEyLZBQj4=,JE+n3IOdrFMoJKAv8QcSWodgKIM=
3289,1709,36uOh//JF/Ln2m2FzyjEyLZBQj4=,XokzZzlI1rR2VPCgVb/iYcXzDQ8=
3273,1702,36uOh//JF/Ln2m2FzyjEyLZBQj4=,6pApML5Jn3aWFA5oO8ZpG4NCcn8=
3272,1704,36uOh//JF/Ln2m2FzyjEyLZBQj4=,RjOF1jvuCo7Z6foYUuuEr1dxqQs=
3272,1705,36uOh//JF/Ln2m2FzyjEyLZBQj4=,OKzQ8cMUzapBvrdWMod1AwsnTAA=
3272,1706,36uOh//JF/Ln2m2FzyjEyLZBQj4=,OKzQ8cMUzapBvrdWMod1AwsnTAA=
3272,1707,36uOh//JF/Ln2m2FzyjEyLZBQj4=,OKzQ8cMUzapBvrdWMod1AwsnTAA=
3272,1708,36uOh//JF/Ln2m2FzyjEyLZBQj4=,OKzQ8cMUzapBvrdWMod1AwsnTAA=
3272,1709,36uOh//JF/Ln2m2FzyjEyLZBQj4=,OKzQ8cMUzapBvrdWMod1AwsnTAA=
3272,1710,36uOh//JF/Ln2m2FzyjEyLZBQj4=,VFM8xbk8IAM2sqpluVM8XegfKC4=
3272,1711,36uOh//JF/Ln2m2FzyjEyLZBQj4=,I1YnQlZg3C2QLPwx/Pm0vIKr9fE=
3272,1712,36uOh//JF/Ln2m2FzyjEyLZBQj4=,WcIc0ieKwlW2A7vhU1Z4S3m245A=
3272,1703,36uOh//JF/Ln2m2FzyjEyLZBQj4=,I1YnQlZg3C2QLPwx/Pm0vIKr9fE=
3267,1709,36uOh//JF/Ln2m2FzyjEyLZBQj4=,I1YnQlZg3C2QLPwx/Pm0vIKr9fE=
3267,1708,36uOh//JF/Ln2m2FzyjEyLZBQj4=,a6AbSGoCm9tnhs5jx7TxW7AAE3E=
3267,1707,36uOh//JF/Ln2m2FzyjEyLZBQj4=,XdWpud2CtEL4N8i8WSJdcEzZvHk=
3267,1706,36uOh//JF/Ln2m2FzyjEyLZBQj4=,XdWpud2CtEL4N8i8WSJdcEzZvHk=
3266,1709,36uOh//JF/Ln2m2FzyjEyLZBQj4=,I1YnQlZg3C2QLPwx/Pm0vIKr9fE=
3266,1708,36uOh//JF/Ln2m2FzyjEyLZBQj4=,XdWpud2CtEL4N8i8WSJdcEzZvHk=
3269,1701,36uOh//JF/Ln2m2FzyjEyLZBQj4=,I1YnQlZg3C2QLPwx/Pm0vIKr9fE=
3269,1700,36uOh//JF/Ln2m2FzyjEyLZBQj4=,sWRqjSKaNcIYNMNCvfkKfxecfbo=
3269,1703,36uOh//JF/Ln2m2FzyjEyLZBQj4=,sWRqjSKaNcIYNMNCvfkKfxecfbo=
3269,1702,36uOh//JF/Ln2m2FzyjEyLZBQj4=,sWRqjSKaNcIYNMNCvfkKfxecfbo=
3269,1699,36uOh//JF/Ln2m2FzyjEyLZBQj4=,sWRqjSKaNcIYNMNCvfkKfxecfbo=
3279,1709,36uOh//JF/Ln2m2FzyjEyLZBQj4=,sWRqjSKaNcIYNMNCvfkKfxecfbo=
3269,1698,36uOh//JF/Ln2m2FzyjEyLZBQj4=,QMcRYWP4Z2PYH0HtkmldaFXBQTA=
3269,1709,36uOh//JF/Ln2m2FzyjEyLZBQj4=,sWRqjSKaNcIYNMNCvfkKfxecfbo=
3269,1708,36uOh//JF/Ln2m2FzyjEyLZBQj4=,sWRqjSKaNcIYNMNCvfkKfxecfbo=
3269,1711,36uOh//JF/Ln2m2FzyjEyLZBQj4=,V2yygzJc440RlRfkfgbo1x1h5Mo=
3269,1710,36uOh//JF/Ln2m2FzyjEyLZBQj4=,sWRqjSKaNcIYNMNCvfkKfxecfbo=
3269,1705,36uOh//JF/Ln2m2FzyjEyLZBQj4=,sWRqjSKaNcIYNMNCvfkKfxecfbo=
3269,1704,36uOh//JF/Ln2m2FzyjEyLZBQj4=,sWRqjSKaNcIYNMNCvfkKfxecfbo=
3269,1707,36uOh//JF/Ln2m2FzyjEyLZBQj4=,sWRqjSKaNcIYNMNCvfkKfxecfbo=
3269,1706,36uOh//JF/Ln2m2FzyjEyLZBQj4=,sWRqjSKaNcIYNMNCvfkKfxecfbo=
3269,1712,36uOh//JF/Ln2m2FzyjEyLZBQj4=,AGb8OuG6lDDbY7mBHJ+fQAqbPM4=
3268,1712,36uOh//JF/Ln2m2FzyjEyLZBQj4=,TwzVJtwNlPmHOSAqbUzB56ewe8I=
3268,1713,36uOh//JF/Ln2m2FzyjEyLZBQj4=,TwzVJtwNlPmHOSAqbUzB56ewe8I=
3268,1714,36uOh//JF/Ln2m2FzyjEyLZBQj4=,TwzVJtwNlPmHOSAqbUzB56ewe8I=
3268,1708,36uOh//JF/Ln2m2FzyjEyLZBQj4=,TwzVJtwNlPmHOSAqbUzB56ewe8I=
3278,1709,36uOh//JF/Ln2m2FzyjEyLZBQj4=,TwzVJtwNlPmHOSAqbUzB56ewe8I=
3268,1709,J6Myg3tzIkOBmknX1hCjQAm/8IQ=,TwzVJtwNlPmHOSAqbUzB56ewe8I=
3268,1710,J6Myg3tzIkOBmknX1hCjQAm/8IQ=,TwzVJtwNlPmHOSAqbUzB56ewe8I=
3268,1711,J6Myg3tzIkOBmknX1hCjQAm/8IQ=,TwzVJtwNlPmHOSAqbUzB56ewe8I=
3268,1706,J6Myg3tzIkOBmknX1hCjQAm/8IQ=,TwzVJtwNlPmHOSAqbUzB56ewe8I=
3268,1707,J6Myg3tzIkOBmknX1hCjQAm/8IQ=,TwzVJtwNlPmHOSAqbUzB56ewe8I=
3268,1704,J6Myg3tzIkOBmknX1hCjQAm/8IQ=,Qpfs0le6txKP+VRPxoFqIXp4Y1E=
3268,1705,J6Myg3tzIkOBmknX1hCjQAm/8IQ=,AGb8OuG6lDDbY7mBHJ+fQAqbPM4=
3280,1709,J6Myg3tzIkOBmknX1hCjQAm/8IQ=,t/dhEemCNVM1mmE4BsOGeldDgo8=
3281,1709,J6Myg3tzIkOBmknX1hCjQAm/8IQ=,Fab/MO9H9VTq71Wx6cbn1LSrkqA=
3275,1707,J6Myg3tzIkOBmknX1hCjQAm/8IQ=,t/dhEemCNVM1mmE4BsOGeldDgo8=
3275,1706,J6Myg3tzIkOBmknX1hCjQAm/8IQ=,MYVMVRSyMsxVNKzVM3aUHSL5lak=
3275,1705,J6Myg3tzIkOBmknX1hCjQAm/8IQ=,t/dhEemCNVM1mmE4BsOGeldDgo8=
3275,1704,J6Myg3tzIkOBmknX1hCjQAm/8IQ=,t/dhEemCNVM1mmE4BsOGeldDgo8=
3275,1709,J6Myg3tzIkOBmknX1hCjQAm/8IQ=,t/dhEemCNVM1mmE4BsOGeldDgo8=
3275,1708,J6Myg3tzIkOBmknX1hCjQAm/8IQ=,t/dhEemCNVM1mmE4BsOGeldDgo8=
3275,1703,J6Myg3tzIkOBmknX1hCjQAm/8IQ=,xog9jyQolFNQ1+uYfKL/l62fhBc=
3274,1706,J6Myg3tzIkOBmknX1hCjQAm/8IQ=,s/D96CNyh/jf6o8iXd90BVJ9tMs=
3274,1707,J6Myg3tzIkOBmknX1hCjQAm/8IQ=,s/D96CNyh/jf6o8iXd90BVJ9tMs=
3274,1704,J6Myg3tzIkOBmknX1hCjQAm/8IQ=,QuxDGPQ0jDwG2qQM8eH6xRFmzck=
3274,1705,J6Myg3tzIkOBmknX1hCjQAm/8IQ=,lufG1VOAd3lIyVdI+pIYpaBjQd4=
3274,1710,J6Myg3tzIkOBmknX1hCjQAm/8IQ=,tIRLp88Dp3Nmf6yRn0Xjr/xnU1o=
3274,1711,J6Myg3tzIkOBmknX1hCjQAm/8IQ=,BQjj0dy6wOCFCtgt/mEkiC26gHQ=
3274,1708,J6Myg3tzIkOBmknX1hCjQAm/8IQ=,s/D96CNyh/jf6o8iXd90BVJ9tMs=
3274,1709,J6Myg3tzIkOBmknX1hCjQAm/8IQ=,s/D96CNyh/jf6o8iXd90BVJ9tMs=
3274,1702,J6Myg3tzIkOBmknX1hCjQAm/8IQ=,ie647pKK15Y9M0yM+J3cTzYrkgw=
3274,1703,J6Myg3tzIkOBmknX1hCjQAm/8IQ=,abp7Evf4zqdUYsUFUxvKKWs26Nw=
3277,1709,J6Myg3tzIkOBmknX1hCjQAm/8IQ=,abp7Evf4zqdUYsUFUxvKKWs26Nw=
3277,1708,J6Myg3tzIkOBmknX1hCjQAm/8IQ=,9q8GY3KDqoeUXuxsQddGgta6NPc=
3277,1707,J6Myg3tzIkOBmknX1hCjQAm/8IQ=,O4JlDAr0rbPORxbx/tuw9UDR33s=
3276,1708,J6Myg3tzIkOBmknX1hCjQAm/8IQ=,abp7Evf4zqdUYsUFUxvKKWs26Nw=
3276,1709,J6Myg3tzIkOBmknX1hCjQAm/8IQ=,abp7Evf4zqdUYsUFUxvKKWs26Nw=
3276,1707,J6Myg3tzIkOBmknX1hCjQAm/8IQ=,O4JlDAr0rbPORxbx/tuw9UDR33s=
3286,1709,J6Myg3tzIkOBmknX1hCjQAm/8IQ=,Lxn1sbBsWnSZG3GJ0trMFwQJBy8=
3287,1709,J6Myg3tzIkOBmknX1hCjQAm/8IQ=,rhzjG84O8Nrdu+WfLShtIbSmCRY=
3285,1709,J6Myg3tzIkOBmknX1hCjQAm/8IQ=,Lxn1sbBsWnSZG3GJ0trMFwQJBy8=
3288,1709,J6Myg3tzIkOBmknX1hCjQAm/8IQ=,5532zfsLlIgtSJe8o6HJm2NgCeA=
3282,1709,50O7Az3hor1Y5vAd444TaFVMzxo=,5532zfsLlIgtSJe8o6HJm2NgCeA=
3283,1709,50O7Az3hor1Y5vAd444TaFVMzxo=,5532zfsLlIgtSJe8o6HJm2NgCeA=
3284,1709,50O7Az3hor1Y5vAd444TaFVMzxo=,4LmXcb/OnbPOynC5KtzYWtIYDn8=
3265,1709,50O7Az3hor1Y5vAd444TaFVMzxo=,NLa8vhlP79gU8TR3CjNyQHFOxXE=
3264,1709,50O7Az3hor1Y5vAd444TaFVMzxo=,NLa8vhlP79gU8TR3CjNyQHFOxXE=
