3258,1709,soipMxNvg7Olm74QOjw+9JbX0eI=,+IaDq9KbSJVl2ovvEWxjnNruS1g=
3259,1709,soipMxNvg7Olm74QOjw+9JbX0eI=,sQdOdPDu/KknuSPFGaBAWj3B5p8=
3261,1709,soipMxNvg7Olm74QOjw+9JbX0eI=,QOR4cdzF5d2f4Itl8i4tRoJbGmE=
3262,1709,soipMxNvg7Olm74QOjw+9JbX0eI=,sQdOdPDu/KknuSPFGaBAWj3B5p8=
3260,1709,soipMxNvg7Olm74QOjw+9JbX0eI=,GMr/9OcVUCv2kIFkMCU6SLCM+aE=
3240,1709,36uOh//JF/Ln2m2FzyjEyLZBQj4=,JE+n3IOdrFMoJKAv8QcSWodgKIM=
3239,1709,36uOh//JF/Ln2m2FzyjEyLZBQj4=,OKzQ8cMUzapBvrdWMod1AwsnTAA=
3242,1709,36uOh//JF/Ln2m2FzyjEyLZBQj4=,I1YnQlZg3C2QLPwx/Pm0vIKr9fE=
3241,1709,36uOh//JF/Ln2m2FzyjEyLZBQj4=,I1YnQlZg3C2QLPwx/Pm0vIKr9fE=
3238,1709,J6Myg3tzIkOBmknX1hCjQAm/8IQ=,5UiCvF+bspBPqo/LhlXivKYXV4s=
3248,1709,J6Myg3tzIkOBmknX1hCjQAm/8IQ=,t/dhEemCNVM1mmE4BsOGeldDgo8=
3247,1709,J6Myg3tzIkOBmknX1hCjQAm/8IQ=,t/dhEemCNVM1mmE4BsOGeldDgo8=
3249,1709,J6Myg3tzIkOBmknX1hCjQAm/8IQ=,ncUlHWZaZFmFiRRIpSj9gbub6mY=
3250,1709,J6Myg3tzIkOBmknX1hCjQAm/8IQ=,Fab/MO9H9VTq71Wx6cbn1LSrkqA=
3244,1709,J6Myg3tzIkOBmknX1hCjQAm/8IQ=,abp7Evf4zqdUYsUFUxvKKWs26Nw=
3243,1709,J6Myg3tzIkOBmknX1hCjQAm/8IQ=,abp7Evf4zqdUYsUFUxvKKWs26Nw=
3246,1709,J6Myg3tzIkOBmknX1hCjQAm/8IQ=,abp7Evf4zqdUYsUFUxvKKWs26Nw=
3245,1709,J6Myg3tzIkOBmknX1hCjQAm/8IQ=,abp7Evf4zqdUYsUFUxvKKWs26Nw=
3255,1709,J6Myg3tzIkOBmknX1hCjQAm/8IQ=,5532zfsLlIgtSJe8o6HJm2NgCeA=
3256,1709,J6Myg3tzIkOBmknX1hCjQAm/8IQ=,5532zfsLlIgtSJe8o6HJm2NgCeA=
3254,1709,J6Myg3tzIkOBmknX1hCjQAm/8IQ=,4LmXcb/OnbPOynC5KtzYWtIYDn8=
3257,1709,J6Myg3tzIkOBmknX1hCjQAm/8IQ=,5532zfsLlIgtSJe8o6HJm2NgCeA=
3251,1709,50O7Az3hor1Y5vAd444TaFVMzxo=,4LmXcb/OnbPOynC5KtzYWtIYDn8=
3252,1709,50O7Az3hor1Y5vAd444TaFVMzxo=,K6Jws3/8o0yXqUgmwEWc2AtB0IY=
3263,1709,50O7Az3hor1Y5vAd444TaFVMzxo=,NLa8vhlP79gU8TR3CjNyQHFOxXE=
3253,1709,50O7Az3hor1Y5vAd444TaFVMzxo=,NLa8vhlP79gU8TR3CjNyQHFOxXE=
