0,0,50O7Az3hor1Y5vAd444TaFVMzxo=,zCaKoqIlpQ2vJnRyUQYob64PzS8=
2,0,50O7Az3hor1Y5vAd444TaFVMzxo=,ExZZ6Zj+mZVvY/TR2h2X70gRfKk=
4,0,50O7Az3hor1Y5vAd444TaFVMzxo=,ExZZ6Zj+mZVvY/TR2h2X70gRfKk=
4,3,50O7Az3hor1Y5vAd444TaFVMzxo=,ExZZ6Zj+mZVvY/TR2h2X70gRfKk=
5,4,50O7Az3hor1Y5vAd444TaFVMzxo=,ExZZ6Zj+mZVvY/TR2h2X70gRfKk=
5,5,50O7Az3hor1Y5vAd444TaFVMzxo=,bVAJujSocNLViICmTwRG6ndyNgw=
5,6,50O7Az3hor1Y5vAd444TaFVMzxo=,bVAJujSocNLViICmTwRG6ndyNgw=
5,1,50O7Az3hor1Y5vAd444TaFVMzxo=,FHBVXdy7S3unUoxg7uk3V8RYfD4=
6,3,50O7Az3hor1Y5vAd444TaFVMzxo=,FHBVXdy7S3unUoxg7uk3V8RYfD4=
6,1,50O7Az3hor1Y5vAd444TaFVMzxo=,FHBVXdy7S3unUoxg7uk3V8RYfD4=
8,2,fY73xxIIR3SeL1/jUZTGTzuvrVE=,FHBVXdy7S3unUoxg7uk3V8RYfD4=
8,0,fY73xxIIR3SeL1/jUZTGTzuvrVE=,FHBVXdy7S3unUoxg7uk3V8RYfD4=
9,6,fY73xxIIR3SeL1/jUZTGTzuvrVE=,FHBVXdy7S3unUoxg7uk3V8RYfD4=
9,1,fY73xxIIR3SeL1/jUZTGTzuvrVE=,FHBVXdy7S3unUoxg7uk3V8RYfD4=
9,3,fY73xxIIR3SeL1/jUZTGTzuvrVE=,FHBVXdy7S3unUoxg7uk3V8RYfD4=
11,0,fY73xxIIR3SeL1/jUZTGTzuvrVE=,eKVuAVuZcpyAyjbTh5LF45eE6Es=
