3,-10,50O7Az3hor1Y5vAd444TaFVMzxo=,tBGC0XbM1pjRMM4g8rxpH4N6xKo=
2,-10,50O7Az3hor1Y5vAd444TaFVMzxo=,zCaKoqIlpQ2vJnRyUQYob64PzS8=
2,-11,50O7Az3hor1Y5vAd444TaFVMzxo=,zCaKoqIlpQ2vJnRyUQYob64PzS8=
0,-2,50O7Az3hor1Y5vAd444TaFVMzxo=,C0b70XK0Dy5eHMc9nFw9V5wRvpo=
0,-1,50O7Az3hor1Y5vAd444TaFVMzxo=,ExZZ6Zj+mZVvY/TR2h2X70gRfKk=
8,-2,fY73xxIIR3SeL1/jUZTGTzuvrVE=,FHBVXdy7S3unUoxg7uk3V8RYfD4=
5,-1,fY73xxIIR3SeL1/jUZTGTzuvrVE=,eKVuAVuZcpyAyjbTh5LF45eE6Es=
4,-10,fY73xxIIR3SeL1/jUZTGTzuvrVE=,GXMbabqxElCUZLxZzdc05gnH00I=
