1629,854,50O7Az3hor1Y5vAd444TaFVMzxo=,zCaKoqIlpQ2vJnRyUQYob64PzS8=
1630,854,50O7Az3hor1Y5vAd444TaFVMzxo=,zCaKoqIlpQ2vJnRyUQYob64PzS8=
1631,854,50O7Az3hor1Y5vAd444TaFVMzxo=,68idlywdj3hbDYs0drKZjF7/sm4=
1620,854,50O7Az3hor1Y5vAd444TaFVMzxo=,C0b70XK0Dy5eHMc9nFw9V5wRvpo=
1619,854,50O7Az3hor1Y5vAd444TaFVMzxo=,6bMcpB/x+wo5uD2b1oB8bJxlWU4=
1621,854,50O7Az3hor1Y5vAd444TaFVMzxo=,7mL90hDwAwWUxXC6LboZxCeY8TU=
1624,854,50O7Az3hor1Y5vAd444TaFVMzxo=,bVAJujSocNLViICmTwRG6ndyNgw=
1623,854,50O7Az3hor1Y5vAd444TaFVMzxo=,bVAJujSocNLViICmTwRG6ndyNgw=
1625,854,50O7Az3hor1Y5vAd444TaFVMzxo=,08DtEbaIsxBtlXeDwTUmbi0GEWI=
1622,854,fY73xxIIR3SeL1/jUZTGTzuvrVE=,bVAJujSocNLViICmTwRG6ndyNgw=
1627,854,fY73xxIIR3SeL1/jUZTGTzuvrVE=,bVAJujSocNLViICmTwRG6ndyNgw=
1628,854,fY73xxIIR3SeL1/jUZTGTzuvrVE=,bVAJujSocNLViICmTwRG6ndyNgw=
1626,854,fY73xxIIR3SeL1/jUZTGTzuvrVE=,GXMbabqxElCUZLxZzdc05gnH00I=
