1660,854,50O7Az3hor1Y5vAd444TaFVMzxo=,zCaKoqIlpQ2vJnRyUQYob64PzS8=
1635,851,50O7Az3hor1Y5vAd444TaFVMzxo=,5NE6/USWV+SDa6MIA93NfZ/QMy8=
1635,850,50O7Az3hor1Y5vAd444TaFVMzxo=,5NE6/USWV+SDa6MIA93NfZ/QMy8=
1635,849,50O7Az3hor1Y5vAd444TaFVMzxo=,vocMPKRAqiLl8K2RjlRQZBYOxyo=
1635,848,50O7Az3hor1Y5vAd444TaFVMzxo=,7wRCr+XKBOoA9Psbr42FPlPRRVc=
1635,855,50O7Az3hor1Y5vAd444TaFVMzxo=,zV9Np7Zmsq0M8Wfk0CgLHZsTCNM=
1635,854,50O7Az3hor1Y5vAd444TaFVMzxo=,5NE6/USWV+SDa6MIA93NfZ/QMy8=
1661,854,50O7Az3hor1Y5vAd444TaFVMzxo=,zCaKoqIlpQ2vJnRyUQYob64PzS8=
1635,853,50O7Az3hor1Y5vAd444TaFVMzxo=,TTZNX5GnLDMN7iLJj1SBOJBuPIc=
1635,852,50O7Az3hor1Y5vAd444TaFVMzxo=,TTZNX5GnLDMN7iLJj1SBOJBuPIc=
1645,854,50O7Az3hor1Y5vAd444TaFVMzxo=,C0b70XK0Dy5eHMc9nFw9V5wRvpo=
1636,852,50O7Az3hor1Y5vAd444TaFVMzxo=,TTZNX5GnLDMN7iLJj1SBOJBuPIc=
1636,853,50O7Az3hor1Y5vAd444TaFVMzxo=,TTZNX5GnLDMN7iLJj1SBOJBuPIc=
1636,854,50O7Az3hor1Y5vAd444TaFVMzxo=,TTZNX5GnLDMN7iLJj1SBOJBuPIc=
1636,855,50O7Az3hor1Y5vAd444TaFVMzxo=,TTZNX5GnLDMN7iLJj1SBOJBuPIc=
1636,856,50O7Az3hor1Y5vAd444TaFVMzxo=,C0b70XK0Dy5eHMc9nFw9V5wRvpo=
1636,851,50O7Az3hor1Y5vAd444TaFVMzxo=,DDTryJBP6fLb6Pp4WbL67NV/t7w=
1644,854,50O7Az3hor1Y5vAd444TaFVMzxo=,6bMcpB/x+wo5uD2b1oB8bJxlWU4=
1633,854,50O7Az3hor1Y5vAd444TaFVMzxo=,TTZNX5GnLDMN7iLJj1SBOJBuPIc=
1633,853,50O7Az3hor1Y5vAd444TaFVMzxo=,C0b70XK0Dy5eHMc9nFw9V5wRvpo=
1634,850,50O7Az3hor1Y5vAd444TaFVMzxo=,C0b70XK0Dy5eHMc9nFw9V5wRvpo=
1634,851,50O7Az3hor1Y5vAd444TaFVMzxo=,C0b70XK0Dy5eHMc9nFw9V5wRvpo=
1634,849,50O7Az3hor1Y5vAd444TaFVMzxo=,C0b70XK0Dy5eHMc9nFw9V5wRvpo=
1639,854,50O7Az3hor1Y5vAd444TaFVMzxo=,C0b70XK0Dy5eHMc9nFw9V5wRvpo=
1634,854,50O7Az3hor1Y5vAd444TaFVMzxo=,UZk3ZQOm92JpIOhoJ17WsZLurRg=
1634,855,50O7Az3hor1Y5vAd444TaFVMzxo=,J9QLMJYggytuJWQF19w1jolD0xE=
1634,852,50O7Az3hor1Y5vAd444TaFVMzxo=,J9QLMJYggytuJWQF19w1jolD0xE=
1634,853,50O7Az3hor1Y5vAd444TaFVMzxo=,J9QLMJYggytuJWQF19w1jolD0xE=
1634,856,50O7Az3hor1Y5vAd444TaFVMzxo=,DDTryJBP6fLb6Pp4WbL67NV/t7w=
1634,857,50O7Az3hor1Y5vAd444TaFVMzxo=,ExZZ6Zj+mZVvY/TR2h2X70gRfKk=
1640,854,50O7Az3hor1Y5vAd444TaFVMzxo=,bVAJujSocNLViICmTwRG6ndyNgw=
1637,853,50O7Az3hor1Y5vAd444TaFVMzxo=,/Z4oxs6lruHzeWub/MajiEBc/Ps=
1637,852,50O7Az3hor1Y5vAd444TaFVMzxo=,/Z4oxs6lruHzeWub/MajiEBc/Ps=
1637,854,50O7Az3hor1Y5vAd444TaFVMzxo=,/Z4oxs6lruHzeWub/MajiEBc/Ps=
1637,851,50O7Az3hor1Y5vAd444TaFVMzxo=,v+cjN0kiFWbGYFw6Ilr8u+OmqYY=
1637,855,50O7Az3hor1Y5vAd444TaFVMzxo=,bVAJujSocNLViICmTwRG6ndyNgw=
1655,854,50O7Az3hor1Y5vAd444TaFVMzxo=,bVAJujSocNLViICmTwRG6ndyNgw=
1638,854,fY73xxIIR3SeL1/jUZTGTzuvrVE=,/Z4oxs6lruHzeWub/MajiEBc/Ps=
1638,853,fY73xxIIR3SeL1/jUZTGTzuvrVE=,bVAJujSocNLViICmTwRG6ndyNgw=
1643,854,fY73xxIIR3SeL1/jUZTGTzuvrVE=,bVAJujSocNLViICmTwRG6ndyNgw=
1642,854,fY73xxIIR3SeL1/jUZTGTzuvrVE=,wPHtukDnBk6YWYxqtEAGsRTOWrY=
1641,854,fY73xxIIR3SeL1/jUZTGTzuvrVE=,GXMbabqxElCUZLxZzdc05gnH00I=
1632,854,fY73xxIIR3SeL1/jUZTGTzuvrVE=,GXMbabqxElCUZLxZzdc05gnH00I=
