13,-39,e6MDk/D5CTO8gs7wXMbYU3rMMZE=,Bj2zMHoTf+lp5dhbxrrgbI2ndp8=
13,-38,e6MDk/D5CTO8gs7wXMbYU3rMMZE=,Bj2zMHoTf+lp5dhbxrrgbI2ndp8=
10,-38,e6MDk/D5CTO8gs7wXMbYU3rMMZE=,Bj2zMHoTf+lp5dhbxrrgbI2ndp8=
10,-40,e6MDk/D5CTO8gs7wXMbYU3rMMZE=,Bj2zMHoTf+lp5dhbxrrgbI2ndp8=
10,-39,e6MDk/D5CTO8gs7wXMbYU3rMMZE=,Bj2zMHoTf+lp5dhbxrrgbI2ndp8=
10,-42,e6MDk/D5CTO8gs7wXMbYU3rMMZE=,JnDlcPwwdN3HKapqVzG2FZ4WL5I=
10,-41,e6MDk/D5CTO8gs7wXMbYU3rMMZE=,JnDlcPwwdN3HKapqVzG2FZ4WL5I=
10,-43,e6MDk/D5CTO8gs7wXMbYU3rMMZE=,JnDlcPwwdN3HKapqVzG2FZ4WL5I=
11,-38,e6MDk/D5CTO8gs7wXMbYU3rMMZE=,Bj2zMHoTf+lp5dhbxrrgbI2ndp8=
11,-39,e6MDk/D5CTO8gs7wXMbYU3rMMZE=,Bj2zMHoTf+lp5dhbxrrgbI2ndp8=
11,-40,e6MDk/D5CTO8gs7wXMbYU3rMMZE=,Bj2zMHoTf+lp5dhbxrrgbI2ndp8=
11,-41,e6MDk/D5CTO8gs7wXMbYU3rMMZE=,JnDlcPwwdN3HKapqVzG2FZ4WL5I=
11,-42,e6MDk/D5CTO8gs7wXMbYU3rMMZE=,JnDlcPwwdN3HKapqVzG2FZ4WL5I=
11,-43,e6MDk/D5CTO8gs7wXMbYU3rMMZE=,JnDlcPwwdN3HKapqVzG2FZ4WL5I=
18,-38,soipMxNvg7Olm74QOjw+9JbX0eI=,b1WSXkAC0X/4WVyUm1jz/POVqAE=
18,-39,soipMxNvg7Olm74QOjw+9JbX0eI=,b1WSXkAC0X/4WVyUm1jz/POVqAE=
19,-38,soipMxNvg7Olm74QOjw+9JbX0eI=,b1WSXkAC0X/4WVyUm1jz/POVqAE=
19,-39,soipMxNvg7Olm74QOjw+9JbX0eI=,b1WSXkAC0X/4WVyUm1jz/POVqAE=
14,-38,soipMxNvg7Olm74QOjw+9JbX0eI=,Bj2zMHoTf+lp5dhbxrrgbI2ndp8=
14,-39,soipMxNvg7Olm74QOjw+9JbX0eI=,Bj2zMHoTf+lp5dhbxrrgbI2ndp8=
