0,0,e6MDk/D5CTO8gs7wXMbYU3rMMZE=,2vFX/xlVbn2/r/Sijj4subyskdc=
0,1,e6MDk/D5CTO8gs7wXMbYU3rMMZE=,2vFX/xlVbn2/r/Sijj4subyskdc=
3,1,e6MDk/D5CTO8gs7wXMbYU3rMMZE=,2vFX/xlVbn2/r/Sijj4subyskdc=
8,2,1ajoqwbgn2fMMUYI7RRLk78OL10=,h7E8jn0b4lhc7rUwXTixc9GM+Is=
16,0,ezy8F0+iTh0QDQywlEtwESnPN/E=,Jmem0AkYcb+YqMVkr5o4tUrCQ2k=
18,14,ezy8F0+iTh0QDQywlEtwESnPN/E=,iA6OQ/3uSXSccKVxjCZgjj71Ne0=
20,19,jB9GWnNNEhG2IRBa9GtRU9EbzHw=,dLhU57JJawT1ysYPTqZvXYEA7Z0=
21,23,jB9GWnNNEhG2IRBa9GtRU9EbzHw=,dLhU57JJawT1ysYPTqZvXYEA7Z0=
21,24,jB9GWnNNEhG2IRBa9GtRU9EbzHw=,dLhU57JJawT1ysYPTqZvXYEA7Z0=
22,23,jB9GWnNNEhG2IRBa9GtRU9EbzHw=,dLhU57JJawT1ysYPTqZvXYEA7Z0=
22,24,jB9GWnNNEhG2IRBa9GtRU9EbzHw=,dLhU57JJawT1ysYPTqZvXYEA7Z0=
22,5,jB9GWnNNEhG2IRBa9GtRU9EbzHw=,Jmem0AkYcb+YqMVkr5o4tUrCQ2k=
24,12,PdavAvVm5f2TUlFNSD8WmW+DN1Q=,0ktLLPcvJRhDKvvCgJDNy4iLGCs=
27,4,PdavAvVm5f2TUlFNSD8WmW+DN1Q=,0ktLLPcvJRhDKvvCgJDNy4iLGCs=
