32000,54936,e6MDk/D5CTO8gs7wXMbYU3rMMZE=,JnDlcPwwdN3HKapqVzG2FZ4WL5I=
32000,54937,e6MDk/D5CTO8gs7wXMbYU3rMMZE=,JnDlcPwwdN3HKapqVzG2FZ4WL5I=
32000,54938,e6MDk/D5CTO8gs7wXMbYU3rMMZE=,JnDlcPwwdN3HKapqVzG2FZ4WL5I=
32000,54939,e6MDk/D5CTO8gs7wXMbYU3rMMZE=,JnDlcPwwdN3HKapqVzG2FZ4WL5I=
32001,54937,e6MDk/D5CTO8gs7wXMbYU3rMMZE=,JnDlcPwwdN3HKapqVzG2FZ4WL5I=
32001,54936,e6MDk/D5CTO8gs7wXMbYU3rMMZE=,JnDlcPwwdN3HKapqVzG2FZ4WL5I=
32001,54939,e6MDk/D5CTO8gs7wXMbYU3rMMZE=,JnDlcPwwdN3HKapqVzG2FZ4WL5I=
32001,54938,e6MDk/D5CTO8gs7wXMbYU3rMMZE=,JnDlcPwwdN3HKapqVzG2FZ4WL5I=
32002,54938,e6MDk/D5CTO8gs7wXMbYU3rMMZE=,JnDlcPwwdN3HKapqVzG2FZ4WL5I=
32002,54939,e6MDk/D5CTO8gs7wXMbYU3rMMZE=,JnDlcPwwdN3HKapqVzG2FZ4WL5I=
32002,54936,e6MDk/D5CTO8gs7wXMbYU3rMMZE=,JnDlcPwwdN3HKapqVzG2FZ4WL5I=
32002,54937,e6MDk/D5CTO8gs7wXMbYU3rMMZE=,JnDlcPwwdN3HKapqVzG2FZ4WL5I=
