3588,40687,bQgTc1lQOBl6cSpWcpVS6rWg5qU=,9Awv5365ipDO2HUhJq3cbhR++mQ=
3588,40688,bQgTc1lQOBl6cSpWcpVS6rWg5qU=,hiEbH9qNm8ZmoQXlHOeScD6vAgg=
3588,40689,bQgTc1lQOBl6cSpWcpVS6rWg5qU=,X8lspukojpm7OZu/IxT1xSRtAcE=
3587,40687,bQgTc1lQOBl6cSpWcpVS6rWg5qU=,9Awv5365ipDO2HUhJq3cbhR++mQ=
3587,40689,bQgTc1lQOBl6cSpWcpVS6rWg5qU=,X8lspukojpm7OZu/IxT1xSRtAcE=
3587,40688,bQgTc1lQOBl6cSpWcpVS6rWg5qU=,hiEbH9qNm8ZmoQXlHOeScD6vAgg=
3586,40687,f5qXTuOdgY9RDC3infLfzRK9Fis=,9Awv5365ipDO2HUhJq3cbhR++mQ=
3586,40688,f5qXTuOdgY9RDC3infLfzRK9Fis=,YZ3jf50M8Oi3XV/WleWXzLGTV1g=
