6480,3418,//fma4Zx8ut15/zHvmHRHi1wLlw=,czYcEDXJ0zCtP52EqXBzlD4V41I=
6480,3419,//fma4Zx8ut15/zHvmHRHi1wLlw=,czYcEDXJ0zCtP52EqXBzlD4V41I=
6481,3419,//fma4Zx8ut15/zHvmHRHi1wLlw=,czYcEDXJ0zCtP52EqXBzlD4V41I=
6481,3418,//fma4Zx8ut15/zHvmHRHi1wLlw=,czYcEDXJ0zCtP52EqXBzlD4V41I=
6478,3418,//fma4Zx8ut15/zHvmHRHi1wLlw=,CDUf0a3V86CBiQBzsOoWBmmi7CE=
6478,3419,//fma4Zx8ut15/zHvmHRHi1wLlw=,CDUf0a3V86CBiQBzsOoWBmmi7CE=
6479,3419,ezy8F0+iTh0QDQywlEtwESnPN/E=,CDUf0a3V86CBiQBzsOoWBmmi7CE=
6479,3418,ezy8F0+iTh0QDQywlEtwESnPN/E=,CDUf0a3V86CBiQBzsOoWBmmi7CE=
6484,3418,ezy8F0+iTh0QDQywlEtwESnPN/E=,CuDqdiE+4ZH+58HLQn+U6gBufus=
6484,3419,ezy8F0+iTh0QDQywlEtwESnPN/E=,h7E8jn0b4lhc7rUwXTixc9GM+Is=
6485,3419,ezy8F0+iTh0QDQywlEtwESnPN/E=,FtBT04yhDaI7kp5fiq15dYfx1NA=
6485,3418,ezy8F0+iTh0QDQywlEtwESnPN/E=,FtBT04yhDaI7kp5fiq15dYfx1NA=
6482,3418,ezy8F0+iTh0QDQywlEtwESnPN/E=,czYcEDXJ0zCtP52EqXBzlD4V41I=
6482,3419,ezy8F0+iTh0QDQywlEtwESnPN/E=,czYcEDXJ0zCtP52EqXBzlD4V41I=
6483,3419,ezy8F0+iTh0QDQywlEtwESnPN/E=,zvpKLua+g8/7bsNtsZ0acyAGqjw=
6483,3418,ezy8F0+iTh0QDQywlEtwESnPN/E=,AGdDovZIrxoZb/vTwIKtT2K5fAk=
6476,3418,jB9GWnNNEhG2IRBa9GtRU9EbzHw=,CDUf0a3V86CBiQBzsOoWBmmi7CE=
6476,3419,jB9GWnNNEhG2IRBa9GtRU9EbzHw=,CDUf0a3V86CBiQBzsOoWBmmi7CE=
6477,3419,PdavAvVm5f2TUlFNSD8WmW+DN1Q=,CDUf0a3V86CBiQBzsOoWBmmi7CE=
6477,3418,PdavAvVm5f2TUlFNSD8WmW+DN1Q=,CDUf0a3V86CBiQBzsOoWBmmi7CE=
6494,3418,PdavAvVm5f2TUlFNSD8WmW+DN1Q=,0ktLLPcvJRhDKvvCgJDNy4iLGCs=
6494,3419,PdavAvVm5f2TUlFNSD8WmW+DN1Q=,0ktLLPcvJRhDKvvCgJDNy4iLGCs=
6495,3419,PdavAvVm5f2TUlFNSD8WmW+DN1Q=,0ktLLPcvJRhDKvvCgJDNy4iLGCs=
6495,3418,PdavAvVm5f2TUlFNSD8WmW+DN1Q=,0ktLLPcvJRhDKvvCgJDNy4iLGCs=
6488,3418,bQgTc1lQOBl6cSpWcpVS6rWg5qU=,0ktLLPcvJRhDKvvCgJDNy4iLGCs=
6488,3419,bQgTc1lQOBl6cSpWcpVS6rWg5qU=,0ktLLPcvJRhDKvvCgJDNy4iLGCs=
6489,3419,bQgTc1lQOBl6cSpWcpVS6rWg5qU=,0ktLLPcvJRhDKvvCgJDNy4iLGCs=
6489,3418,bQgTc1lQOBl6cSpWcpVS6rWg5qU=,0ktLLPcvJRhDKvvCgJDNy4iLGCs=
6486,3418,bQgTc1lQOBl6cSpWcpVS6rWg5qU=,czYcEDXJ0zCtP52EqXBzlD4V41I=
6486,3419,bQgTc1lQOBl6cSpWcpVS6rWg5qU=,czYcEDXJ0zCtP52EqXBzlD4V41I=
6487,3419,bQgTc1lQOBl6cSpWcpVS6rWg5qU=,czYcEDXJ0zCtP52EqXBzlD4V41I=
6487,3418,bQgTc1lQOBl6cSpWcpVS6rWg5qU=,czYcEDXJ0zCtP52EqXBzlD4V41I=
6492,3418,bQgTc1lQOBl6cSpWcpVS6rWg5qU=,0ktLLPcvJRhDKvvCgJDNy4iLGCs=
6492,3419,bQgTc1lQOBl6cSpWcpVS6rWg5qU=,0ktLLPcvJRhDKvvCgJDNy4iLGCs=
6493,3419,bQgTc1lQOBl6cSpWcpVS6rWg5qU=,0ktLLPcvJRhDKvvCgJDNy4iLGCs=
6493,3418,bQgTc1lQOBl6cSpWcpVS6rWg5qU=,0ktLLPcvJRhDKvvCgJDNy4iLGCs=
6490,3418,bQgTc1lQOBl6cSpWcpVS6rWg5qU=,0ktLLPcvJRhDKvvCgJDNy4iLGCs=
6490,3419,bQgTc1lQOBl6cSpWcpVS6rWg5qU=,0ktLLPcvJRhDKvvCgJDNy4iLGCs=
6491,3419,bQgTc1lQOBl6cSpWcpVS6rWg5qU=,0ktLLPcvJRhDKvvCgJDNy4iLGCs=
6491,3418,bQgTc1lQOBl6cSpWcpVS6rWg5qU=,0ktLLPcvJRhDKvvCgJDNy4iLGCs=
