6581,3419,//fma4Zx8ut15/zHvmHRHi1wLlw=,h7E8jn0b4lhc7rUwXTixc9GM+Is=
6581,3418,//fma4Zx8ut15/zHvmHRHi1wLlw=,h7E8jn0b4lhc7rUwXTixc9GM+Is=
6582,3418,//fma4Zx8ut15/zHvmHRHi1wLlw=,h7E8jn0b4lhc7rUwXTixc9GM+Is=
6582,3419,//fma4Zx8ut15/zHvmHRHi1wLlw=,h7E8jn0b4lhc7rUwXTixc9GM+Is=
6579,3419,//fma4Zx8ut15/zHvmHRHi1wLlw=,h7E8jn0b4lhc7rUwXTixc9GM+Is=
6579,3418,//fma4Zx8ut15/zHvmHRHi1wLlw=,h7E8jn0b4lhc7rUwXTixc9GM+Is=
6580,3418,ezy8F0+iTh0QDQywlEtwESnPN/E=,h7E8jn0b4lhc7rUwXTixc9GM+Is=
6580,3419,ezy8F0+iTh0QDQywlEtwESnPN/E=,h7E8jn0b4lhc7rUwXTixc9GM+Is=
6561,3419,PdavAvVm5f2TUlFNSD8WmW+DN1Q=,m/Z5C5o6yUYR/RQIzXT7S8ujENQ=
6561,3418,PdavAvVm5f2TUlFNSD8WmW+DN1Q=,m/Z5C5o6yUYR/RQIzXT7S8ujENQ=
6562,3418,PdavAvVm5f2TUlFNSD8WmW+DN1Q=,m/Z5C5o6yUYR/RQIzXT7S8ujENQ=
6562,3419,PdavAvVm5f2TUlFNSD8WmW+DN1Q=,m/Z5C5o6yUYR/RQIzXT7S8ujENQ=
6560,3418,PdavAvVm5f2TUlFNSD8WmW+DN1Q=,m/Z5C5o6yUYR/RQIzXT7S8ujENQ=
6560,3419,PdavAvVm5f2TUlFNSD8WmW+DN1Q=,m/Z5C5o6yUYR/RQIzXT7S8ujENQ=
6573,3419,bQgTc1lQOBl6cSpWcpVS6rWg5qU=,9Awv5365ipDO2HUhJq3cbhR++mQ=
6573,3418,bQgTc1lQOBl6cSpWcpVS6rWg5qU=,9Awv5365ipDO2HUhJq3cbhR++mQ=
6574,3418,bQgTc1lQOBl6cSpWcpVS6rWg5qU=,9Awv5365ipDO2HUhJq3cbhR++mQ=
6574,3419,bQgTc1lQOBl6cSpWcpVS6rWg5qU=,9Awv5365ipDO2HUhJq3cbhR++mQ=
6571,3419,bQgTc1lQOBl6cSpWcpVS6rWg5qU=,9Awv5365ipDO2HUhJq3cbhR++mQ=
6571,3418,bQgTc1lQOBl6cSpWcpVS6rWg5qU=,9Awv5365ipDO2HUhJq3cbhR++mQ=
6572,3418,f5qXTuOdgY9RDC3infLfzRK9Fis=,9Awv5365ipDO2HUhJq3cbhR++mQ=
6572,3419,f5qXTuOdgY9RDC3infLfzRK9Fis=,9Awv5365ipDO2HUhJq3cbhR++mQ=
6577,3419,f5qXTuOdgY9RDC3infLfzRK9Fis=,h7E8jn0b4lhc7rUwXTixc9GM+Is=
6577,3418,f5qXTuOdgY9RDC3infLfzRK9Fis=,h7E8jn0b4lhc7rUwXTixc9GM+Is=
6578,3418,f5qXTuOdgY9RDC3infLfzRK9Fis=,h7E8jn0b4lhc7rUwXTixc9GM+Is=
6578,3419,f5qXTuOdgY9RDC3infLfzRK9Fis=,h7E8jn0b4lhc7rUwXTixc9GM+Is=
6575,3419,f5qXTuOdgY9RDC3infLfzRK9Fis=,9Awv5365ipDO2HUhJq3cbhR++mQ=
6575,3418,f5qXTuOdgY9RDC3infLfzRK9Fis=,9Awv5365ipDO2HUhJq3cbhR++mQ=
6576,3418,f5qXTuOdgY9RDC3infLfzRK9Fis=,h7E8jn0b4lhc7rUwXTixc9GM+Is=
6576,3419,f5qXTuOdgY9RDC3infLfzRK9Fis=,h7E8jn0b4lhc7rUwXTixc9GM+Is=
6565,3419,f5qXTuOdgY9RDC3infLfzRK9Fis=,m/Z5C5o6yUYR/RQIzXT7S8ujENQ=
6565,3418,f5qXTuOdgY9RDC3infLfzRK9Fis=,m/Z5C5o6yUYR/RQIzXT7S8ujENQ=
6566,3418,f5qXTuOdgY9RDC3infLfzRK9Fis=,m/Z5C5o6yUYR/RQIzXT7S8ujENQ=
6566,3419,f5qXTuOdgY9RDC3infLfzRK9Fis=,m/Z5C5o6yUYR/RQIzXT7S8ujENQ=
6563,3419,f5qXTuOdgY9RDC3infLfzRK9Fis=,m/Z5C5o6yUYR/RQIzXT7S8ujENQ=
6563,3418,f5qXTuOdgY9RDC3infLfzRK9Fis=,m/Z5C5o6yUYR/RQIzXT7S8ujENQ=
6564,3418,f5qXTuOdgY9RDC3infLfzRK9Fis=,m/Z5C5o6yUYR/RQIzXT7S8ujENQ=
6564,3419,f5qXTuOdgY9RDC3infLfzRK9Fis=,m/Z5C5o6yUYR/RQIzXT7S8ujENQ=
6569,3419,f5qXTuOdgY9RDC3infLfzRK9Fis=,9Awv5365ipDO2HUhJq3cbhR++mQ=
6569,3418,f5qXTuOdgY9RDC3infLfzRK9Fis=,9Awv5365ipDO2HUhJq3cbhR++mQ=
6570,3418,f5qXTuOdgY9RDC3infLfzRK9Fis=,9Awv5365ipDO2HUhJq3cbhR++mQ=
6570,3419,f5qXTuOdgY9RDC3infLfzRK9Fis=,9Awv5365ipDO2HUhJq3cbhR++mQ=
6567,3419,f5qXTuOdgY9RDC3infLfzRK9Fis=,m/Z5C5o6yUYR/RQIzXT7S8ujENQ=
6567,3418,f5qXTuOdgY9RDC3infLfzRK9Fis=,m/Z5C5o6yUYR/RQIzXT7S8ujENQ=
6568,3418,soipMxNvg7Olm74QOjw+9JbX0eI=,9Awv5365ipDO2HUhJq3cbhR++mQ=
6568,3419,soipMxNvg7Olm74QOjw+9JbX0eI=,9Awv5365ipDO2HUhJq3cbhR++mQ=
