6659,3419,PdavAvVm5f2TUlFNSD8WmW+DN1Q=,8DzV3C3hKFqCjbXVgKaZDoPcndc=
6659,3418,PdavAvVm5f2TUlFNSD8WmW+DN1Q=,m/Z5C5o6yUYR/RQIzXT7S8ujENQ=
6659,3417,PdavAvVm5f2TUlFNSD8WmW+DN1Q=,kKOotz9ivfhlVAbPIuDjJYb4BeA=
6680,3417,PdavAvVm5f2TUlFNSD8WmW+DN1Q=,0ktLLPcvJRhDKvvCgJDNy4iLGCs=
6680,3418,PdavAvVm5f2TUlFNSD8WmW+DN1Q=,0ktLLPcvJRhDKvvCgJDNy4iLGCs=
6680,3419,PdavAvVm5f2TUlFNSD8WmW+DN1Q=,0ktLLPcvJRhDKvvCgJDNy4iLGCs=
6660,3417,PdavAvVm5f2TUlFNSD8WmW+DN1Q=,kKOotz9ivfhlVAbPIuDjJYb4BeA=
6660,3418,PdavAvVm5f2TUlFNSD8WmW+DN1Q=,m/Z5C5o6yUYR/RQIzXT7S8ujENQ=
6660,3419,PdavAvVm5f2TUlFNSD8WmW+DN1Q=,8DzV3C3hKFqCjbXVgKaZDoPcndc=
6678,3418,f5qXTuOdgY9RDC3infLfzRK9Fis=,hiEbH9qNm8ZmoQXlHOeScD6vAgg=
6678,3419,f5qXTuOdgY9RDC3infLfzRK9Fis=,hiEbH9qNm8ZmoQXlHOeScD6vAgg=
6678,3417,f5qXTuOdgY9RDC3infLfzRK9Fis=,hiEbH9qNm8ZmoQXlHOeScD6vAgg=
6679,3419,f5qXTuOdgY9RDC3infLfzRK9Fis=,hiEbH9qNm8ZmoQXlHOeScD6vAgg=
6679,3418,f5qXTuOdgY9RDC3infLfzRK9Fis=,hiEbH9qNm8ZmoQXlHOeScD6vAgg=
6679,3417,f5qXTuOdgY9RDC3infLfzRK9Fis=,hiEbH9qNm8ZmoQXlHOeScD6vAgg=
