6547,-1,jB9GWnNNEhG2IRBa9GtRU9EbzHw=,dLhU57JJawT1ysYPTqZvXYEA7Z0=
6546,-1,jB9GWnNNEhG2IRBa9GtRU9EbzHw=,dLhU57JJawT1ysYPTqZvXYEA7Z0=
6545,-1,jB9GWnNNEhG2IRBa9GtRU9EbzHw=,dLhU57JJawT1ysYPTqZvXYEA7Z0=
6544,-1,jB9GWnNNEhG2IRBa9GtRU9EbzHw=,dLhU57JJawT1ysYPTqZvXYEA7Z0=
6543,-1,PdavAvVm5f2TUlFNSD8WmW+DN1Q=,0ktLLPcvJRhDKvvCgJDNy4iLGCs=
6542,-1,PdavAvVm5f2TUlFNSD8WmW+DN1Q=,Arf+koMlYGgSnus3v1j3mZIB60w=
6541,-1,PdavAvVm5f2TUlFNSD8WmW+DN1Q=,sSne8AR/aiNATfeCKcVG9SvuaGM=
6540,-1,PdavAvVm5f2TUlFNSD8WmW+DN1Q=,sSne8AR/aiNATfeCKcVG9SvuaGM=
6539,-1,PdavAvVm5f2TUlFNSD8WmW+DN1Q=,sSne8AR/aiNATfeCKcVG9SvuaGM=
6538,-1,PdavAvVm5f2TUlFNSD8WmW+DN1Q=,sSne8AR/aiNATfeCKcVG9SvuaGM=
6537,-1,bQgTc1lQOBl6cSpWcpVS6rWg5qU=,sSne8AR/aiNATfeCKcVG9SvuaGM=
6536,-1,bQgTc1lQOBl6cSpWcpVS6rWg5qU=,sSne8AR/aiNATfeCKcVG9SvuaGM=
