6542,3406,1ajoqwbgn2fMMUYI7RRLk78OL10=,g1X0z+rbVKOiBVklmo84JNRuLW0=
6542,3407,1ajoqwbgn2fMMUYI7RRLk78OL10=,d/sZZWMepD34eeo+IkMM651J4xg=
6542,3404,1ajoqwbgn2fMMUYI7RRLk78OL10=,kM71UJvt2bMO8j7FYarTiD7tOBI=
6542,3405,1ajoqwbgn2fMMUYI7RRLk78OL10=,R5+jZ+slVt0lY23lv55oRZ5iwck=
6542,3402,1ajoqwbgn2fMMUYI7RRLk78OL10=,kM71UJvt2bMO8j7FYarTiD7tOBI=
6542,3403,1ajoqwbgn2fMMUYI7RRLk78OL10=,kM71UJvt2bMO8j7FYarTiD7tOBI=
6542,3400,1ajoqwbgn2fMMUYI7RRLk78OL10=,kM71UJvt2bMO8j7FYarTiD7tOBI=
6542,3401,1ajoqwbgn2fMMUYI7RRLk78OL10=,kM71UJvt2bMO8j7FYarTiD7tOBI=
6542,3399,1ajoqwbgn2fMMUYI7RRLk78OL10=,gppB8QStdfcJe+t+UbXLmBN4C18=
6542,3394,1ajoqwbgn2fMMUYI7RRLk78OL10=,gppB8QStdfcJe+t+UbXLmBN4C18=
6542,3422,1ajoqwbgn2fMMUYI7RRLk78OL10=,8HYKf4NNRzSO82RCMlvXhAB2XsE=
6542,3420,1ajoqwbgn2fMMUYI7RRLk78OL10=,i0ygRVereQMy373AiudOqoBvt0g=
6542,3421,1ajoqwbgn2fMMUYI7RRLk78OL10=,FpFjHmlxo9vTTv2KekgCHdlowqY=
6542,3418,1ajoqwbgn2fMMUYI7RRLk78OL10=,fzF5mF8KE5mqnPbICgv1DHBcdNw=
6542,3419,1ajoqwbgn2fMMUYI7RRLk78OL10=,fzF5mF8KE5mqnPbICgv1DHBcdNw=
6542,3416,1ajoqwbgn2fMMUYI7RRLk78OL10=,aXJwcstmwkxop/MTtbduCsa8geY=
6542,3417,1ajoqwbgn2fMMUYI7RRLk78OL10=,LEvQtTNqupqo6igUubsiWPnLLqM=
6542,3414,1ajoqwbgn2fMMUYI7RRLk78OL10=,RhnNDqfLsvR6ZbH0eOxDI9WKRms=
6542,3415,1ajoqwbgn2fMMUYI7RRLk78OL10=,u+qwz1/9GIjJTd+JlD6Mmuw7NRA=
6542,3412,1ajoqwbgn2fMMUYI7RRLk78OL10=,ykczjAHQ/ACTVFnWdVi5pPe7LK8=
6542,3413,1ajoqwbgn2fMMUYI7RRLk78OL10=,NWyx4WmDKELs2xcoXpkz/B5J9HE=
6542,3410,1ajoqwbgn2fMMUYI7RRLk78OL10=,fS+pkS5yi55JEMwlHKgeBxpUXgk=
6542,3411,1ajoqwbgn2fMMUYI7RRLk78OL10=,ySuqYpFAbNRrpgYSv2r2M4KJQ9o=
6542,3408,1ajoqwbgn2fMMUYI7RRLk78OL10=,72FmPCR002pYxPiA7sKLljYKL4I=
6542,3409,1ajoqwbgn2fMMUYI7RRLk78OL10=,MvW8HRLasjRnt9F/ghqWgtHKV+E=
6543,3407,1ajoqwbgn2fMMUYI7RRLk78OL10=,uvUisBx5GxjR8G5Ykoe7tt7MkF8=
6543,3406,1ajoqwbgn2fMMUYI7RRLk78OL10=,ms2zPKHXDVrq6vKVDoHcCHAzsQ4=
6543,3422,1ajoqwbgn2fMMUYI7RRLk78OL10=,8HYKf4NNRzSO82RCMlvXhAB2XsE=
6543,3421,1ajoqwbgn2fMMUYI7RRLk78OL10=,+R4fk2RWSni2qUQmEIbdCd2y6r8=
6543,3420,1ajoqwbgn2fMMUYI7RRLk78OL10=,GwMO5M/7iG6RetDQh7rFmtvz4ps=
6543,3419,1ajoqwbgn2fMMUYI7RRLk78OL10=,KTjk3wqBNZBa2BxaBjxjuqD2TDM=
6543,3418,1ajoqwbgn2fMMUYI7RRLk78OL10=,KTjk3wqBNZBa2BxaBjxjuqD2TDM=
6543,3417,1ajoqwbgn2fMMUYI7RRLk78OL10=,KTjk3wqBNZBa2BxaBjxjuqD2TDM=
6543,3416,1ajoqwbgn2fMMUYI7RRLk78OL10=,RcCqk+Vy53cjqvteylxJx5EcgJE=
6543,3415,1ajoqwbgn2fMMUYI7RRLk78OL10=,h7E8jn0b4lhc7rUwXTixc9GM+Is=
6543,3414,1ajoqwbgn2fMMUYI7RRLk78OL10=,DBFeeOg5XeC3dyoD2E14UxH4hLg=
6543,3413,1ajoqwbgn2fMMUYI7RRLk78OL10=,HWtCVvrbD19/K51yX4nWFD8mfrI=
6543,3412,1ajoqwbgn2fMMUYI7RRLk78OL10=,RYTEa7dM3neuyot6As0YyegNMIY=
6543,3411,1ajoqwbgn2fMMUYI7RRLk78OL10=,ySuqYpFAbNRrpgYSv2r2M4KJQ9o=
6543,3410,1ajoqwbgn2fMMUYI7RRLk78OL10=,ySuqYpFAbNRrpgYSv2r2M4KJQ9o=
6543,3408,1ajoqwbgn2fMMUYI7RRLk78OL10=,h7E8jn0b4lhc7rUwXTixc9GM+Is=
6540,3406,1ajoqwbgn2fMMUYI7RRLk78OL10=,L73FFXKcvINGDCF4JGROo7SeEzY=
6540,3407,1ajoqwbgn2fMMUYI7RRLk78OL10=,LkX7scNMa4fQF9ML55WSzE1du9U=
6540,3420,1ajoqwbgn2fMMUYI7RRLk78OL10=,SABOUzBmdjoMnZvuuf16PBLtrBk=
6540,3416,1ajoqwbgn2fMMUYI7RRLk78OL10=,hgaC2PMQd2YzTu1+hYIoGG6dWNA=
6540,3417,1ajoqwbgn2fMMUYI7RRLk78OL10=,OT0jwoMlzvEfo1Y7XNqd0Zh+ZNc=
6540,3418,1ajoqwbgn2fMMUYI7RRLk78OL10=,Rbs2+cu0wgYJnAwmSfOScX8Q0oM=
6540,3419,1ajoqwbgn2fMMUYI7RRLk78OL10=,QDKd+xUlZ8RKUba/UGwDOZRZ6rY=
6540,3412,1ajoqwbgn2fMMUYI7RRLk78OL10=,XaMK2syxrtRc22fjeV2I9Q7yDs4=
6540,3413,1ajoqwbgn2fMMUYI7RRLk78OL10=,MjtF0HyngpRKybmFg90L/uZEygI=
6540,3414,1ajoqwbgn2fMMUYI7RRLk78OL10=,sQUHmfzZ8RCFsiHLLTfpGuHjanc=
6540,3415,1ajoqwbgn2fMMUYI7RRLk78OL10=,zmtI7m5jfdqohHUum1n8vzUR/bQ=
6540,3408,1ajoqwbgn2fMMUYI7RRLk78OL10=,dgptFPSn63gvQDQM8R/wHSU/KVI=
6540,3409,1ajoqwbgn2fMMUYI7RRLk78OL10=,6rVhzg8yPmLyqyv2Ba++Tvmx+Ag=
6540,3410,1ajoqwbgn2fMMUYI7RRLk78OL10=,e62MUypZ3vVtm+urkBwj2e2eusk=
6540,3411,1ajoqwbgn2fMMUYI7RRLk78OL10=,ySuqYpFAbNRrpgYSv2r2M4KJQ9o=
6541,3405,1ajoqwbgn2fMMUYI7RRLk78OL10=,yfCxZHXA2wJqBziQ2zflzYkT+Ho=
6541,3404,1ajoqwbgn2fMMUYI7RRLk78OL10=,kM71UJvt2bMO8j7FYarTiD7tOBI=
6541,3407,1ajoqwbgn2fMMUYI7RRLk78OL10=,LkX7scNMa4fQF9ML55WSzE1du9U=
6541,3406,1ajoqwbgn2fMMUYI7RRLk78OL10=,rAHmL3+apxgmes/ZrpS5931+cWA=
6541,3401,1ajoqwbgn2fMMUYI7RRLk78OL10=,kM71UJvt2bMO8j7FYarTiD7tOBI=
6541,3400,1ajoqwbgn2fMMUYI7RRLk78OL10=,kM71UJvt2bMO8j7FYarTiD7tOBI=
6541,3403,1ajoqwbgn2fMMUYI7RRLk78OL10=,kM71UJvt2bMO8j7FYarTiD7tOBI=
6541,3402,1ajoqwbgn2fMMUYI7RRLk78OL10=,kM71UJvt2bMO8j7FYarTiD7tOBI=
6541,3399,1ajoqwbgn2fMMUYI7RRLk78OL10=,gppB8QStdfcJe+t+UbXLmBN4C18=
6541,3420,//fma4Zx8ut15/zHvmHRHi1wLlw=,SABOUzBmdjoMnZvuuf16PBLtrBk=
6541,3417,//fma4Zx8ut15/zHvmHRHi1wLlw=,dlzw67Gv9M7+d4MPjT6qhrrv3H0=
6541,3416,//fma4Zx8ut15/zHvmHRHi1wLlw=,OOyUVILM1fANEpcBk3KURyRvUjU=
6541,3419,//fma4Zx8ut15/zHvmHRHi1wLlw=,QDKd+xUlZ8RKUba/UGwDOZRZ6rY=
6541,3418,//fma4Zx8ut15/zHvmHRHi1wLlw=,QDKd+xUlZ8RKUba/UGwDOZRZ6rY=
6541,3413,//fma4Zx8ut15/zHvmHRHi1wLlw=,NWyx4WmDKELs2xcoXpkz/B5J9HE=
6541,3412,//fma4Zx8ut15/zHvmHRHi1wLlw=,ykczjAHQ/ACTVFnWdVi5pPe7LK8=
6541,3415,//fma4Zx8ut15/zHvmHRHi1wLlw=,f0An5oBRK0dOi4+Q0vcrvMk5ksE=
6541,3414,//fma4Zx8ut15/zHvmHRHi1wLlw=,1h3YcWZFF0iIHc1883vEcVOWkvw=
6541,3409,//fma4Zx8ut15/zHvmHRHi1wLlw=,K60iu9KkxxjMKBM+CewLetpXNgc=
6541,3408,//fma4Zx8ut15/zHvmHRHi1wLlw=,GWNRWl6P/aQJcQ/dMx0zJGG5FIM=
6541,3411,//fma4Zx8ut15/zHvmHRHi1wLlw=,ySuqYpFAbNRrpgYSv2r2M4KJQ9o=
6541,3410,//fma4Zx8ut15/zHvmHRHi1wLlw=,p1uLokNmcBSv2Y0r0+cMGFBvcb4=
6546,3411,//fma4Zx8ut15/zHvmHRHi1wLlw=,3n2A2OeyW1wEuW4WsjkGmWDlW/c=
6546,3408,//fma4Zx8ut15/zHvmHRHi1wLlw=,3n2A2OeyW1wEuW4WsjkGmWDlW/c=
6546,3414,//fma4Zx8ut15/zHvmHRHi1wLlw=,sC22ELwZjmqMcg4S3Ze1YznMrr0=
6546,3415,//fma4Zx8ut15/zHvmHRHi1wLlw=,6UnrDoAz0YK1I9PGFq+UfP9eaxk=
6546,3412,//fma4Zx8ut15/zHvmHRHi1wLlw=,wA/at6CdB9Ss7cqSpHAr0CsbIRk=
6546,3413,//fma4Zx8ut15/zHvmHRHi1wLlw=,HvBsSSQhgd5cgG8R6t8idzp1xiA=
6546,3418,//fma4Zx8ut15/zHvmHRHi1wLlw=,SOwX8plrsy4AYXR7qLwCw5cb6jM=
6546,3419,//fma4Zx8ut15/zHvmHRHi1wLlw=,LGqyKVe0y7q9T/GBBhux0BVYnb0=
6546,3416,//fma4Zx8ut15/zHvmHRHi1wLlw=,oIsDJnTPAJYQZZpu6JBTJkM9UQY=
6546,3417,//fma4Zx8ut15/zHvmHRHi1wLlw=,WvcfZMu/4a23wD55bKKC5P0NgR0=
6546,3422,//fma4Zx8ut15/zHvmHRHi1wLlw=,p+yxoy+YHTcJHhhuTCcSvGvTd/U=
6546,3423,//fma4Zx8ut15/zHvmHRHi1wLlw=,RmVe+3GG6Qxf6vWBd4sFVS/Jfpc=
6546,3420,//fma4Zx8ut15/zHvmHRHi1wLlw=,YzxGYdbYj3c/TVyQAVQjljBcB5Q=
6546,3421,//fma4Zx8ut15/zHvmHRHi1wLlw=,Ll5Ufd8022Q5tZKBOMudRMpWhgE=
6546,3406,//fma4Zx8ut15/zHvmHRHi1wLlw=,o9CgH2dv65JfK0+pZfVgXeVCK3A=
6546,3407,//fma4Zx8ut15/zHvmHRHi1wLlw=,WKY46FqoSlNtA6DTXvYaOsqv3Xw=
6547,3411,//fma4Zx8ut15/zHvmHRHi1wLlw=,qUUkeqycXGNWq2YaCcxmwoJ+uv4=
6547,3408,//fma4Zx8ut15/zHvmHRHi1wLlw=,3n2A2OeyW1wEuW4WsjkGmWDlW/c=
6547,3415,//fma4Zx8ut15/zHvmHRHi1wLlw=,2oD4qvZu8yp1o+z7RpPMmg+46nk=
6547,3414,//fma4Zx8ut15/zHvmHRHi1wLlw=,/a3RpgBxIiGMXbTyJSC0tCZNe9o=
6547,3413,//fma4Zx8ut15/zHvmHRHi1wLlw=,gQi/4QmYPBNwTIY29aLodXYsM3I=
6547,3412,//fma4Zx8ut15/zHvmHRHi1wLlw=,lcru3ZEdsm9fL4ktcoXhfbWFssc=
6547,3419,//fma4Zx8ut15/zHvmHRHi1wLlw=,LGqyKVe0y7q9T/GBBhux0BVYnb0=
6547,3418,//fma4Zx8ut15/zHvmHRHi1wLlw=,IAG/D1U1U/GgZzlPqb7gLVn1pM0=
6547,3417,//fma4Zx8ut15/zHvmHRHi1wLlw=,EQZslcqSgGFhc6X2RUve6mwT2Aw=
6547,3416,//fma4Zx8ut15/zHvmHRHi1wLlw=,6Q99s3ihpJihu6cTchiynoorPp4=
6547,3422,//fma4Zx8ut15/zHvmHRHi1wLlw=,Na8xhkWsLQXLJ2CLwr0R4SsZRKU=
6547,3421,//fma4Zx8ut15/zHvmHRHi1wLlw=,hgbqN2VW/6m1k+BhB5BK0DX81lc=
6547,3420,//fma4Zx8ut15/zHvmHRHi1wLlw=,YzxGYdbYj3c/TVyQAVQjljBcB5Q=
6547,3407,//fma4Zx8ut15/zHvmHRHi1wLlw=,53IVRr0DDHFOwpMGCLIx6wo1XOo=
6547,3406,//fma4Zx8ut15/zHvmHRHi1wLlw=,COqFXITpgghmIeDt0gHxOrs+TzE=
6547,3405,//fma4Zx8ut15/zHvmHRHi1wLlw=,/jggFh7IMA38DsUOdVH0bdyQJJU=
6547,3404,//fma4Zx8ut15/zHvmHRHi1wLlw=,CDUf0a3V86CBiQBzsOoWBmmi7CE=
6544,3408,//fma4Zx8ut15/zHvmHRHi1wLlw=,3n2A2OeyW1wEuW4WsjkGmWDlW/c=
6544,3410,//fma4Zx8ut15/zHvmHRHi1wLlw=,3n2A2OeyW1wEuW4WsjkGmWDlW/c=
6544,3411,//fma4Zx8ut15/zHvmHRHi1wLlw=,d01lxCpXQVEbkNlrEZQSocQmF8I=
6544,3412,//fma4Zx8ut15/zHvmHRHi1wLlw=,M9S6UpMsksNuDz69yDOoNmfsYAk=
6544,3413,//fma4Zx8ut15/zHvmHRHi1wLlw=,TbyZwYU1JOZAn3c2OoeKQRPbDaw=
6544,3414,//fma4Zx8ut15/zHvmHRHi1wLlw=,nnDKrkHEy7ahavIpREMwQrNFxpA=
6544,3415,//fma4Zx8ut15/zHvmHRHi1wLlw=,BQLPJXCVColF3m7j5ComuTlWZrk=
6544,3416,//fma4Zx8ut15/zHvmHRHi1wLlw=,RmVe+3GG6Qxf6vWBd4sFVS/Jfpc=
6544,3417,//fma4Zx8ut15/zHvmHRHi1wLlw=,sKHy48mlBYxZ9CV10v2ChxbCHFY=
6544,3418,//fma4Zx8ut15/zHvmHRHi1wLlw=,HdtlktUaFf51fUhHfB5pyafqTWg=
6544,3419,//fma4Zx8ut15/zHvmHRHi1wLlw=,HdtlktUaFf51fUhHfB5pyafqTWg=
6544,3420,//fma4Zx8ut15/zHvmHRHi1wLlw=,HdtlktUaFf51fUhHfB5pyafqTWg=
6544,3421,ezy8F0+iTh0QDQywlEtwESnPN/E=,KwSnKZ9imGtAWxEAaJ5GpvfVNpY=
6544,3422,ezy8F0+iTh0QDQywlEtwESnPN/E=,RmVe+3GG6Qxf6vWBd4sFVS/Jfpc=
6544,3423,ezy8F0+iTh0QDQywlEtwESnPN/E=,RmVe+3GG6Qxf6vWBd4sFVS/Jfpc=
6544,3406,ezy8F0+iTh0QDQywlEtwESnPN/E=,CDUf0a3V86CBiQBzsOoWBmmi7CE=
6544,3407,ezy8F0+iTh0QDQywlEtwESnPN/E=,CDUf0a3V86CBiQBzsOoWBmmi7CE=
6545,3408,ezy8F0+iTh0QDQywlEtwESnPN/E=,3n2A2OeyW1wEuW4WsjkGmWDlW/c=
6545,3411,ezy8F0+iTh0QDQywlEtwESnPN/E=,oFEMcJkDZ5r8IoJmu3eXW5nTyoQ=
6545,3410,ezy8F0+iTh0QDQywlEtwESnPN/E=,3n2A2OeyW1wEuW4WsjkGmWDlW/c=
6545,3413,ezy8F0+iTh0QDQywlEtwESnPN/E=,D3csXnjolMZG2fOFtOhsXmzqaq8=
6545,3412,ezy8F0+iTh0QDQywlEtwESnPN/E=,k2b0H/VmaSxpFaeTEpRORqbu6YY=
6545,3415,ezy8F0+iTh0QDQywlEtwESnPN/E=,R8nG9AwHbMaCsUT8alevVTALT3c=
6545,3414,ezy8F0+iTh0QDQywlEtwESnPN/E=,sMulx0GhaOeK+bRy5pWENBkQ4C0=
6545,3417,ezy8F0+iTh0QDQywlEtwESnPN/E=,5xppRwV2Vl90hi8vPw6Xy5Io9So=
6545,3416,ezy8F0+iTh0QDQywlEtwESnPN/E=,6eZhKC4CP64ypEBmmY68+7O/sd0=
6545,3419,ezy8F0+iTh0QDQywlEtwESnPN/E=,O60GmjO1MM+O+LfbeKo8k6dE9p0=
6545,3418,ezy8F0+iTh0QDQywlEtwESnPN/E=,Z7P2k5vbYl+YGMQ80i1z5yFFPgs=
6545,3421,ezy8F0+iTh0QDQywlEtwESnPN/E=,n4+KaKdHAEq4QqCqAbyHbWQMHTk=
6545,3420,ezy8F0+iTh0QDQywlEtwESnPN/E=,AvLMffCppOrWfsJ9LNmO6vjifB4=
6545,3423,ezy8F0+iTh0QDQywlEtwESnPN/E=,RmVe+3GG6Qxf6vWBd4sFVS/Jfpc=
6545,3422,ezy8F0+iTh0QDQywlEtwESnPN/E=,KwSnKZ9imGtAWxEAaJ5GpvfVNpY=
6545,3407,ezy8F0+iTh0QDQywlEtwESnPN/E=,CDUf0a3V86CBiQBzsOoWBmmi7CE=
6545,3406,ezy8F0+iTh0QDQywlEtwESnPN/E=,CDUf0a3V86CBiQBzsOoWBmmi7CE=
6534,3418,ezy8F0+iTh0QDQywlEtwESnPN/E=,hzi9H92pmBDiGs8+m+m0uP+rrzU=
6534,3419,ezy8F0+iTh0QDQywlEtwESnPN/E=,jsMnn3X+oDQqtpVdOSiEphtE8/Y=
6534,3417,ezy8F0+iTh0QDQywlEtwESnPN/E=,Rfu5pyv89JifnWhJnAD/v40EeA4=
6535,3414,ezy8F0+iTh0QDQywlEtwESnPN/E=,Jmem0AkYcb+YqMVkr5o4tUrCQ2k=
6535,3413,ezy8F0+iTh0QDQywlEtwESnPN/E=,Jmem0AkYcb+YqMVkr5o4tUrCQ2k=
6535,3419,ezy8F0+iTh0QDQywlEtwESnPN/E=,VDYqT3PxbLDOJ2thjR1tm0Nx7Ws=
6535,3418,ezy8F0+iTh0QDQywlEtwESnPN/E=,ahiTx74x1K+u5GoJDnOuB+QTJTQ=
6535,3417,ezy8F0+iTh0QDQywlEtwESnPN/E=,Jmem0AkYcb+YqMVkr5o4tUrCQ2k=
6535,3416,ezy8F0+iTh0QDQywlEtwESnPN/E=,Z5BvI+dNcR6Zs6gMvxJqK0heNUw=
6532,3418,ezy8F0+iTh0QDQywlEtwESnPN/E=,Jmem0AkYcb+YqMVkr5o4tUrCQ2k=
6532,3419,ezy8F0+iTh0QDQywlEtwESnPN/E=,Jmem0AkYcb+YqMVkr5o4tUrCQ2k=
6533,3417,ezy8F0+iTh0QDQywlEtwESnPN/E=,Y7qQsVlVALhR+auUNRfDB9Lwgb4=
6533,3419,ezy8F0+iTh0QDQywlEtwESnPN/E=,AjX5TPPLajSMceXm/3Jseu01D7Y=
6533,3418,ezy8F0+iTh0QDQywlEtwESnPN/E=,FLlzZ82v9sU6byTFtWEXsnFaNUI=
6538,3402,ezy8F0+iTh0QDQywlEtwESnPN/E=,kM71UJvt2bMO8j7FYarTiD7tOBI=
6538,3403,ezy8F0+iTh0QDQywlEtwESnPN/E=,kM71UJvt2bMO8j7FYarTiD7tOBI=
6538,3400,ezy8F0+iTh0QDQywlEtwESnPN/E=,kM71UJvt2bMO8j7FYarTiD7tOBI=
6538,3401,ezy8F0+iTh0QDQywlEtwESnPN/E=,kM71UJvt2bMO8j7FYarTiD7tOBI=
6538,3406,ezy8F0+iTh0QDQywlEtwESnPN/E=,ge/0exOyfc0qouCESwsetyDXxlM=
6538,3407,ezy8F0+iTh0QDQywlEtwESnPN/E=,C/ZmjonSEVRyLXLj/MdmySm5hTo=
6538,3404,ezy8F0+iTh0QDQywlEtwESnPN/E=,kM71UJvt2bMO8j7FYarTiD7tOBI=
6538,3405,ezy8F0+iTh0QDQywlEtwESnPN/E=,yfCxZHXA2wJqBziQ2zflzYkT+Ho=
6538,3398,ezy8F0+iTh0QDQywlEtwESnPN/E=,YZEH+hGA1wVy51D0w72lS2lYLLw=
6538,3399,ezy8F0+iTh0QDQywlEtwESnPN/E=,YZEH+hGA1wVy51D0w72lS2lYLLw=
6558,3418,ezy8F0+iTh0QDQywlEtwESnPN/E=,iA6OQ/3uSXSccKVxjCZgjj71Ne0=
6538,3397,ezy8F0+iTh0QDQywlEtwESnPN/E=,AuHoQfVdI0T6k0VYo/Zhq1jny2M=
6558,3419,ezy8F0+iTh0QDQywlEtwESnPN/E=,iA6OQ/3uSXSccKVxjCZgjj71Ne0=
6538,3418,ezy8F0+iTh0QDQywlEtwESnPN/E=,pcJs4nRkzAoDiHGYcEfy0+5fI0k=
6538,3419,ezy8F0+iTh0QDQywlEtwESnPN/E=,ELJjtRSKmiM+MHbYlJ/yMUd7CNg=
6538,3416,ezy8F0+iTh0QDQywlEtwESnPN/E=,Fi8CMYaVejVEVgbtFqKlZZUkFBg=
6538,3417,ezy8F0+iTh0QDQywlEtwESnPN/E=,pcJs4nRkzAoDiHGYcEfy0+5fI0k=
6538,3422,ezy8F0+iTh0QDQywlEtwESnPN/E=,TFbTXToqUOpTb7DBWnQA6q4JbTU=
6538,3423,ezy8F0+iTh0QDQywlEtwESnPN/E=,8HYKf4NNRzSO82RCMlvXhAB2XsE=
6538,3420,ezy8F0+iTh0QDQywlEtwESnPN/E=,en6qk1dohefcAL4Jh/Lv1xAWk/c=
6538,3421,ezy8F0+iTh0QDQywlEtwESnPN/E=,blw1FImpXDxaNSvorym7qZX3sEI=
6538,3410,ezy8F0+iTh0QDQywlEtwESnPN/E=,2ITdwN3V6R53M0Lp7THycmz7FUk=
6538,3411,ezy8F0+iTh0QDQywlEtwESnPN/E=,4EepN4QCn3yxkTkZ6R8fL8TlDMI=
6538,3408,ezy8F0+iTh0QDQywlEtwESnPN/E=,jkdNlXLObfZtmqZ4uhGtqnW3fbA=
6538,3409,ezy8F0+iTh0QDQywlEtwESnPN/E=,wgcQboe7BxFDKKXcBaQriKmUfBk=
6538,3414,ezy8F0+iTh0QDQywlEtwESnPN/E=,+ryXSyecwvWFOlcActnKprubdhM=
6538,3415,ezy8F0+iTh0QDQywlEtwESnPN/E=,UnfMrmsjkoMHi+x9eJbWUG3Rnu8=
6538,3412,ezy8F0+iTh0QDQywlEtwESnPN/E=,Lgzb4M83PIGzyVSpmLhPxeMQoLQ=
6538,3413,ezy8F0+iTh0QDQywlEtwESnPN/E=,TTKbc3Au9/WNKG/0Gtp2FKRs2BE=
6539,3403,ezy8F0+iTh0QDQywlEtwESnPN/E=,kM71UJvt2bMO8j7FYarTiD7tOBI=
6539,3402,ezy8F0+iTh0QDQywlEtwESnPN/E=,kM71UJvt2bMO8j7FYarTiD7tOBI=
6539,3401,jB9GWnNNEhG2IRBa9GtRU9EbzHw=,kM71UJvt2bMO8j7FYarTiD7tOBI=
6539,3400,jB9GWnNNEhG2IRBa9GtRU9EbzHw=,kM71UJvt2bMO8j7FYarTiD7tOBI=
6539,3407,jB9GWnNNEhG2IRBa9GtRU9EbzHw=,LkX7scNMa4fQF9ML55WSzE1du9U=
6539,3406,jB9GWnNNEhG2IRBa9GtRU9EbzHw=,P21Wnh/zdMpVEMwA+NAZ7xUR9io=
6539,3405,jB9GWnNNEhG2IRBa9GtRU9EbzHw=,R5+jZ+slVt0lY23lv55oRZ5iwck=
6539,3404,jB9GWnNNEhG2IRBa9GtRU9EbzHw=,kM71UJvt2bMO8j7FYarTiD7tOBI=
6539,3399,jB9GWnNNEhG2IRBa9GtRU9EbzHw=,gppB8QStdfcJe+t+UbXLmBN4C18=
6539,3398,jB9GWnNNEhG2IRBa9GtRU9EbzHw=,gppB8QStdfcJe+t+UbXLmBN4C18=
6539,3397,jB9GWnNNEhG2IRBa9GtRU9EbzHw=,cCyKMlYyND/0MxkcK46zJ9IlafI=
6559,3419,jB9GWnNNEhG2IRBa9GtRU9EbzHw=,iA6OQ/3uSXSccKVxjCZgjj71Ne0=
6559,3418,jB9GWnNNEhG2IRBa9GtRU9EbzHw=,iA6OQ/3uSXSccKVxjCZgjj71Ne0=
6539,3419,jB9GWnNNEhG2IRBa9GtRU9EbzHw=,s0EQsEL2Mjkc/zCcfEb4Ji1/RfA=
6539,3418,jB9GWnNNEhG2IRBa9GtRU9EbzHw=,JyabE8H/IrsO9tZywuuG3jbQq3k=
6539,3417,jB9GWnNNEhG2IRBa9GtRU9EbzHw=,kOE4HFRDXldZcuINpEMdapJdIkE=
6539,3416,jB9GWnNNEhG2IRBa9GtRU9EbzHw=,m1NBvg+WtF9odsPyUWtiT+cCw24=
6539,3422,jB9GWnNNEhG2IRBa9GtRU9EbzHw=,SRs0hObaVWan3H5Jdh2o7JYhflU=
6539,3421,jB9GWnNNEhG2IRBa9GtRU9EbzHw=,SYHsm7eX1ekGwgQR/mgs0Ry+5xU=
6539,3420,jB9GWnNNEhG2IRBa9GtRU9EbzHw=,GuuKeJDJILUJJKNx47lF8fEmaUA=
6539,3411,jB9GWnNNEhG2IRBa9GtRU9EbzHw=,ySuqYpFAbNRrpgYSv2r2M4KJQ9o=
6539,3410,jB9GWnNNEhG2IRBa9GtRU9EbzHw=,q8Mu/ToHdnsZkIjb7vBJMxFW4Kk=
6539,3409,jB9GWnNNEhG2IRBa9GtRU9EbzHw=,OCXtRyuAfeV7V+6QAnnMz1oNVtI=
6539,3408,jB9GWnNNEhG2IRBa9GtRU9EbzHw=,mJRDZQwUB3cNCJvs5tas73sOmHI=
6539,3415,jB9GWnNNEhG2IRBa9GtRU9EbzHw=,+ryXSyecwvWFOlcActnKprubdhM=
6539,3414,jB9GWnNNEhG2IRBa9GtRU9EbzHw=,+Xz1EdymH3w4bL4HpK3xSENUs2I=
6539,3413,jB9GWnNNEhG2IRBa9GtRU9EbzHw=,J6FLLnzWacm7LVZrtcnBEiQZ2Ag=
6539,3412,jB9GWnNNEhG2IRBa9GtRU9EbzHw=,+fOQ8fJxz68fNZVFKhMVik4//Do=
6536,3416,jB9GWnNNEhG2IRBa9GtRU9EbzHw=,CPNZuZtyjH59ou6/5i9gwslcyBI=
6556,3418,jB9GWnNNEhG2IRBa9GtRU9EbzHw=,/ypqZpsQYw9L+eFtBuMHOfQuI74=
6536,3417,jB9GWnNNEhG2IRBa9GtRU9EbzHw=,p7mQgzh89j/1O2twT4zo/jhpWVM=
6556,3419,jB9GWnNNEhG2IRBa9GtRU9EbzHw=,iA6OQ/3uSXSccKVxjCZgjj71Ne0=
6536,3418,jB9GWnNNEhG2IRBa9GtRU9EbzHw=,p7mQgzh89j/1O2twT4zo/jhpWVM=
6536,3419,jB9GWnNNEhG2IRBa9GtRU9EbzHw=,p7mQgzh89j/1O2twT4zo/jhpWVM=
6536,3420,jB9GWnNNEhG2IRBa9GtRU9EbzHw=,9T7JolBJKS6G+UQE4kAObRZfZpM=
6536,3421,jB9GWnNNEhG2IRBa9GtRU9EbzHw=,w9fLmV4HwPMRxUkjJtlS0JfxxyA=
6536,3422,jB9GWnNNEhG2IRBa9GtRU9EbzHw=,RV/EhTzT492e+nHvP7IjgquIL6Y=
6536,3423,jB9GWnNNEhG2IRBa9GtRU9EbzHw=,ZNjo9QIRWbJ3J8sfC7zAXR0RzSg=
6536,3412,jB9GWnNNEhG2IRBa9GtRU9EbzHw=,TRLIrGS6CIQbsBA0YqpCdkYVCIY=
6536,3413,jB9GWnNNEhG2IRBa9GtRU9EbzHw=,UnfMrmsjkoMHi+x9eJbWUG3Rnu8=
6536,3414,jB9GWnNNEhG2IRBa9GtRU9EbzHw=,UnfMrmsjkoMHi+x9eJbWUG3Rnu8=
6536,3415,jB9GWnNNEhG2IRBa9GtRU9EbzHw=,FOMyP+bBXNe7+YVYgb7sNvs3Z0Y=
6537,3417,jB9GWnNNEhG2IRBa9GtRU9EbzHw=,fdc9lUOT+mp6QlmH50FmnIM96pg=
6557,3419,jB9GWnNNEhG2IRBa9GtRU9EbzHw=,iA6OQ/3uSXSccKVxjCZgjj71Ne0=
6537,3416,jB9GWnNNEhG2IRBa9GtRU9EbzHw=,yXiJSPK76JM8tZAmiFd3HGH07YM=
6557,3418,jB9GWnNNEhG2IRBa9GtRU9EbzHw=,iA6OQ/3uSXSccKVxjCZgjj71Ne0=
6537,3419,jB9GWnNNEhG2IRBa9GtRU9EbzHw=,I47x9Uma1dJzk4SZRgEah3V3KFs=
6537,3418,jB9GWnNNEhG2IRBa9GtRU9EbzHw=,fdc9lUOT+mp6QlmH50FmnIM96pg=
6537,3421,jB9GWnNNEhG2IRBa9GtRU9EbzHw=,KiPFjWI77gNeDfOypW2bsbIc3kk=
6537,3420,jB9GWnNNEhG2IRBa9GtRU9EbzHw=,KiPFjWI77gNeDfOypW2bsbIc3kk=
6537,3423,jB9GWnNNEhG2IRBa9GtRU9EbzHw=,8HYKf4NNRzSO82RCMlvXhAB2XsE=
6537,3422,jB9GWnNNEhG2IRBa9GtRU9EbzHw=,os4O5K9O2tvwM9wY9U+wKZ84dRE=
6537,3409,jB9GWnNNEhG2IRBa9GtRU9EbzHw=,jkdNlXLObfZtmqZ4uhGtqnW3fbA=
6537,3411,jB9GWnNNEhG2IRBa9GtRU9EbzHw=,q53N1X3AsVOs5oCyfTviAcI/bS8=
6537,3410,jB9GWnNNEhG2IRBa9GtRU9EbzHw=,lhw7wxqNUmeGfGfPsVkFidBJpAc=
6537,3413,jB9GWnNNEhG2IRBa9GtRU9EbzHw=,ovFf05VN94OM136qnk2rxpCMqdo=
6537,3412,jB9GWnNNEhG2IRBa9GtRU9EbzHw=,jC4mv80sHd6jEFPUp2jEXJikGXI=
6537,3415,jB9GWnNNEhG2IRBa9GtRU9EbzHw=,UnfMrmsjkoMHi+x9eJbWUG3Rnu8=
6537,3414,jB9GWnNNEhG2IRBa9GtRU9EbzHw=,UnfMrmsjkoMHi+x9eJbWUG3Rnu8=
6550,3414,PdavAvVm5f2TUlFNSD8WmW+DN1Q=,/3VN2CYigr2lx3x61fKnbcNvY1g=
6550,3415,PdavAvVm5f2TUlFNSD8WmW+DN1Q=,SjdcrhQUzQxnVo90CP7I5d4Yjic=
6550,3413,PdavAvVm5f2TUlFNSD8WmW+DN1Q=,KRT6WfZByKlVjyo35jS7Ao5/rlo=
6550,3410,PdavAvVm5f2TUlFNSD8WmW+DN1Q=,3n2A2OeyW1wEuW4WsjkGmWDlW/c=
6550,3411,PdavAvVm5f2TUlFNSD8WmW+DN1Q=,3n2A2OeyW1wEuW4WsjkGmWDlW/c=
6550,3408,PdavAvVm5f2TUlFNSD8WmW+DN1Q=,3n2A2OeyW1wEuW4WsjkGmWDlW/c=
6550,3409,PdavAvVm5f2TUlFNSD8WmW+DN1Q=,3n2A2OeyW1wEuW4WsjkGmWDlW/c=
6550,3418,PdavAvVm5f2TUlFNSD8WmW+DN1Q=,Hzxx4OTmxLThffqCDdXKDNbUY4k=
6550,3419,PdavAvVm5f2TUlFNSD8WmW+DN1Q=,brDcUaNKH7JbSMN5FAChVg27Udo=
6550,3416,PdavAvVm5f2TUlFNSD8WmW+DN1Q=,83ffRBoDPdP50xwpdv+bBgUKIBs=
6550,3417,PdavAvVm5f2TUlFNSD8WmW+DN1Q=,Ft8eq5lTW8XbIIM3HPXoDcqXG7Q=
6550,3406,PdavAvVm5f2TUlFNSD8WmW+DN1Q=,CDUf0a3V86CBiQBzsOoWBmmi7CE=
6550,3407,PdavAvVm5f2TUlFNSD8WmW+DN1Q=,CDUf0a3V86CBiQBzsOoWBmmi7CE=
6551,3415,PdavAvVm5f2TUlFNSD8WmW+DN1Q=,/3VN2CYigr2lx3x61fKnbcNvY1g=
6551,3414,PdavAvVm5f2TUlFNSD8WmW+DN1Q=,eQf1ghQN82CH2/dfJAqkneip+fw=
6551,3413,PdavAvVm5f2TUlFNSD8WmW+DN1Q=,8VS4cfTyzADTRKTwHMUpb9fZFV0=
6551,3411,PdavAvVm5f2TUlFNSD8WmW+DN1Q=,3n2A2OeyW1wEuW4WsjkGmWDlW/c=
6551,3410,PdavAvVm5f2TUlFNSD8WmW+DN1Q=,3n2A2OeyW1wEuW4WsjkGmWDlW/c=
6551,3409,PdavAvVm5f2TUlFNSD8WmW+DN1Q=,3n2A2OeyW1wEuW4WsjkGmWDlW/c=
6551,3408,PdavAvVm5f2TUlFNSD8WmW+DN1Q=,3n2A2OeyW1wEuW4WsjkGmWDlW/c=
6551,3419,PdavAvVm5f2TUlFNSD8WmW+DN1Q=,+LtD7DBQEZ/QpSx7lrx81AR1syw=
6551,3418,PdavAvVm5f2TUlFNSD8WmW+DN1Q=,S0OnP+bN8qW0vLQGyibGBdA94jI=
6551,3417,PdavAvVm5f2TUlFNSD8WmW+DN1Q=,6Er58wyX19pvdKWBQc255GkBOl4=
6551,3416,PdavAvVm5f2TUlFNSD8WmW+DN1Q=,RmVe+3GG6Qxf6vWBd4sFVS/Jfpc=
6551,3407,PdavAvVm5f2TUlFNSD8WmW+DN1Q=,CDUf0a3V86CBiQBzsOoWBmmi7CE=
6548,3412,PdavAvVm5f2TUlFNSD8WmW+DN1Q=,k4iA/uGmC5JC0gamyU6gwfIXflw=
6548,3413,PdavAvVm5f2TUlFNSD8WmW+DN1Q=,3QUZ+ConuTG6Tz386rgSXpWkdRc=
6548,3414,PdavAvVm5f2TUlFNSD8WmW+DN1Q=,f9X0PbxX6YXtviKKtaqpPNRtuLI=
6548,3415,PdavAvVm5f2TUlFNSD8WmW+DN1Q=,jNldSPzoVqfC4ClKzRbSdiKX9uE=
6548,3408,PdavAvVm5f2TUlFNSD8WmW+DN1Q=,3n2A2OeyW1wEuW4WsjkGmWDlW/c=
6548,3411,PdavAvVm5f2TUlFNSD8WmW+DN1Q=,ziNpQdDsjJjH5CDUiDHv4LmTJIc=
6548,3420,PdavAvVm5f2TUlFNSD8WmW+DN1Q=,U2aH2wNjuKZr5PuXv3cC4CA9Tys=
6548,3421,PdavAvVm5f2TUlFNSD8WmW+DN1Q=,0vKaH7AmVKXXMDt9vHLiBJ/fD9U=
6548,3422,PdavAvVm5f2TUlFNSD8WmW+DN1Q=,t3FTvLKnaH6dVmrMT7r5HZPz8rQ=
6548,3416,PdavAvVm5f2TUlFNSD8WmW+DN1Q=,ZK8z2Ym6+L9twulFpDR+PVijY9s=
6548,3417,PdavAvVm5f2TUlFNSD8WmW+DN1Q=,GOxp3c9BWHND6h1i5kjYQF7OdaE=
6548,3418,PdavAvVm5f2TUlFNSD8WmW+DN1Q=,uAYHc5QarXYaAJWX4zx99A2TkBY=
6548,3419,PdavAvVm5f2TUlFNSD8WmW+DN1Q=,LGqyKVe0y7q9T/GBBhux0BVYnb0=
6548,3404,PdavAvVm5f2TUlFNSD8WmW+DN1Q=,/jggFh7IMA38DsUOdVH0bdyQJJU=
6548,3405,bQgTc1lQOBl6cSpWcpVS6rWg5qU=,NDwVeuUjcmIXiIxVfFcrtP4bH50=
6548,3406,bQgTc1lQOBl6cSpWcpVS6rWg5qU=,TgFhx3leVeVMXLri5g9THwUnvf4=
6548,3407,bQgTc1lQOBl6cSpWcpVS6rWg5qU=,53IVRr0DDHFOwpMGCLIx6wo1XOo=
6549,3413,bQgTc1lQOBl6cSpWcpVS6rWg5qU=,GZWwyLisaEHtIewPnuAYrNrnX8M=
6549,3412,bQgTc1lQOBl6cSpWcpVS6rWg5qU=,ziNpQdDsjJjH5CDUiDHv4LmTJIc=
6549,3415,bQgTc1lQOBl6cSpWcpVS6rWg5qU=,C0ooQmPdhosRopOis8m1aOJR4GI=
6549,3414,bQgTc1lQOBl6cSpWcpVS6rWg5qU=,6X8Dsp9IaBFe6xID3rZpEMaPf2M=
6549,3409,bQgTc1lQOBl6cSpWcpVS6rWg5qU=,mOQe6QiYpyXC8k0KV7P8oh1JQGY=
6549,3408,bQgTc1lQOBl6cSpWcpVS6rWg5qU=,lZ8UO8pgnKNPsh0BPrUCffEearc=
6549,3411,bQgTc1lQOBl6cSpWcpVS6rWg5qU=,3n2A2OeyW1wEuW4WsjkGmWDlW/c=
6549,3410,bQgTc1lQOBl6cSpWcpVS6rWg5qU=,3n2A2OeyW1wEuW4WsjkGmWDlW/c=
6549,3420,bQgTc1lQOBl6cSpWcpVS6rWg5qU=,ucfAmoVb6jMgDa4KWFdXMcNmtgE=
6549,3417,bQgTc1lQOBl6cSpWcpVS6rWg5qU=,s7hR06j4129VXoLVXc/VxzLviXE=
6549,3416,bQgTc1lQOBl6cSpWcpVS6rWg5qU=,rVoWgLOeRP1ZJm+Lk5Umsw0G//k=
6549,3419,bQgTc1lQOBl6cSpWcpVS6rWg5qU=,LGqyKVe0y7q9T/GBBhux0BVYnb0=
6549,3418,bQgTc1lQOBl6cSpWcpVS6rWg5qU=,floxC5Wo3MH5Y5ZY9UgfYgSh5KY=
6549,3405,bQgTc1lQOBl6cSpWcpVS6rWg5qU=,z7Yxv1eZfImijDQIl9Ea7ae86EI=
6549,3404,bQgTc1lQOBl6cSpWcpVS6rWg5qU=,MxnGo0oMgpZ4dA5mwxkGfWuL8vk=
6549,3407,bQgTc1lQOBl6cSpWcpVS6rWg5qU=,OxIWzKC6aeYKgoiz9CLfvFaabo8=
6549,3406,bQgTc1lQOBl6cSpWcpVS6rWg5qU=,EPRbWK9Pv4iGsqsRFp0UrokUgBA=
6554,3418,bQgTc1lQOBl6cSpWcpVS6rWg5qU=,epG60fjAsPzZFwLxW/CCI3O2Fi0=
6554,3419,bQgTc1lQOBl6cSpWcpVS6rWg5qU=,ot5IQqzInRdHV7oXy2UHZoUrUzw=
6554,3416,bQgTc1lQOBl6cSpWcpVS6rWg5qU=,iA6OQ/3uSXSccKVxjCZgjj71Ne0=
6554,3417,bQgTc1lQOBl6cSpWcpVS6rWg5qU=,hI3zkTuaIPeMbib32UCIGg0nstc=
6554,3415,bQgTc1lQOBl6cSpWcpVS6rWg5qU=,838u/1f1JEfrZK0LJuRSE7nlAYo=
6555,3419,bQgTc1lQOBl6cSpWcpVS6rWg5qU=,iA6OQ/3uSXSccKVxjCZgjj71Ne0=
6555,3418,bQgTc1lQOBl6cSpWcpVS6rWg5qU=,8bEid+lkbBzgoKLMCqUBXNbtXvo=
6555,3416,bQgTc1lQOBl6cSpWcpVS6rWg5qU=,CH/ioSelyXbpJRaBnfbbaCbh/eY=
6555,3415,bQgTc1lQOBl6cSpWcpVS6rWg5qU=,838u/1f1JEfrZK0LJuRSE7nlAYo=
6552,3416,bQgTc1lQOBl6cSpWcpVS6rWg5qU=,8w2E8bF3zwflrorTM4/XWiMwb/o=
6552,3417,bQgTc1lQOBl6cSpWcpVS6rWg5qU=,CH/ioSelyXbpJRaBnfbbaCbh/eY=
6552,3418,bQgTc1lQOBl6cSpWcpVS6rWg5qU=,CH/ioSelyXbpJRaBnfbbaCbh/eY=
6552,3419,bQgTc1lQOBl6cSpWcpVS6rWg5qU=,8v55Rpn0euhRS4v6+uWI51IEUnI=
6552,3415,bQgTc1lQOBl6cSpWcpVS6rWg5qU=,838u/1f1JEfrZK0LJuRSE7nlAYo=
6553,3417,bQgTc1lQOBl6cSpWcpVS6rWg5qU=,Aq9QKuEPIY9uUYh7yPXoIDzVD6g=
6553,3416,bQgTc1lQOBl6cSpWcpVS6rWg5qU=,bG17rPZEYXTkBKBJNEUy4Pppj2c=
6553,3419,bQgTc1lQOBl6cSpWcpVS6rWg5qU=,A0aYUZgyjYseRb0DdOW+MAjTio0=
6553,3418,bQgTc1lQOBl6cSpWcpVS6rWg5qU=,fU6lwOscf9qCXAkHtmR5fhyxoKo=
6553,3415,bQgTc1lQOBl6cSpWcpVS6rWg5qU=,838u/1f1JEfrZK0LJuRSE7nlAYo=
6530,3418,soipMxNvg7Olm74QOjw+9JbX0eI=,Jmem0AkYcb+YqMVkr5o4tUrCQ2k=
6530,3419,soipMxNvg7Olm74QOjw+9JbX0eI=,Jmem0AkYcb+YqMVkr5o4tUrCQ2k=
6531,3419,soipMxNvg7Olm74QOjw+9JbX0eI=,Jmem0AkYcb+YqMVkr5o4tUrCQ2k=
6531,3418,soipMxNvg7Olm74QOjw+9JbX0eI=,Jmem0AkYcb+YqMVkr5o4tUrCQ2k=
6528,3418,soipMxNvg7Olm74QOjw+9JbX0eI=,Jmem0AkYcb+YqMVkr5o4tUrCQ2k=
6528,3419,soipMxNvg7Olm74QOjw+9JbX0eI=,Jmem0AkYcb+YqMVkr5o4tUrCQ2k=
6529,3419,soipMxNvg7Olm74QOjw+9JbX0eI=,Jmem0AkYcb+YqMVkr5o4tUrCQ2k=
6529,3418,soipMxNvg7Olm74QOjw+9JbX0eI=,Jmem0AkYcb+YqMVkr5o4tUrCQ2k=
