6517,3419,e6MDk/D5CTO8gs7wXMbYU3rMMZE=,V6LPNNBzY27H84YADAKPPuREyLc=
6517,3418,e6MDk/D5CTO8gs7wXMbYU3rMMZE=,8oNeZRixbsf+7yRbsX4sgNMmoe8=
6518,3418,e6MDk/D5CTO8gs7wXMbYU3rMMZE=,VMgvPS8Pcz5+qUWwmBj9mqGbwQc=
6518,3419,e6MDk/D5CTO8gs7wXMbYU3rMMZE=,Q/22QItaNX/euNXLpWbSD7fif9c=
6523,3419,e6MDk/D5CTO8gs7wXMbYU3rMMZE=,+QbgQHPh7zwFCSdo2dVV6q1xy9M=
6523,3418,e6MDk/D5CTO8gs7wXMbYU3rMMZE=,+QbgQHPh7zwFCSdo2dVV6q1xy9M=
6524,3418,e6MDk/D5CTO8gs7wXMbYU3rMMZE=,+QbgQHPh7zwFCSdo2dVV6q1xy9M=
6524,3419,e6MDk/D5CTO8gs7wXMbYU3rMMZE=,+QbgQHPh7zwFCSdo2dVV6q1xy9M=
6521,3419,e6MDk/D5CTO8gs7wXMbYU3rMMZE=,+QbgQHPh7zwFCSdo2dVV6q1xy9M=
6521,3418,1ajoqwbgn2fMMUYI7RRLk78OL10=,+QbgQHPh7zwFCSdo2dVV6q1xy9M=
6522,3418,1ajoqwbgn2fMMUYI7RRLk78OL10=,+QbgQHPh7zwFCSdo2dVV6q1xy9M=
6522,3419,1ajoqwbgn2fMMUYI7RRLk78OL10=,+QbgQHPh7zwFCSdo2dVV6q1xy9M=
6496,3418,PdavAvVm5f2TUlFNSD8WmW+DN1Q=,sSne8AR/aiNATfeCKcVG9SvuaGM=
6496,3419,PdavAvVm5f2TUlFNSD8WmW+DN1Q=,sSne8AR/aiNATfeCKcVG9SvuaGM=
6499,3419,PdavAvVm5f2TUlFNSD8WmW+DN1Q=,sSne8AR/aiNATfeCKcVG9SvuaGM=
6499,3418,PdavAvVm5f2TUlFNSD8WmW+DN1Q=,sSne8AR/aiNATfeCKcVG9SvuaGM=
6500,3418,PdavAvVm5f2TUlFNSD8WmW+DN1Q=,sSne8AR/aiNATfeCKcVG9SvuaGM=
6500,3419,PdavAvVm5f2TUlFNSD8WmW+DN1Q=,sSne8AR/aiNATfeCKcVG9SvuaGM=
6497,3419,PdavAvVm5f2TUlFNSD8WmW+DN1Q=,sSne8AR/aiNATfeCKcVG9SvuaGM=
6497,3418,PdavAvVm5f2TUlFNSD8WmW+DN1Q=,sSne8AR/aiNATfeCKcVG9SvuaGM=
6498,3418,bQgTc1lQOBl6cSpWcpVS6rWg5qU=,sSne8AR/aiNATfeCKcVG9SvuaGM=
6498,3419,bQgTc1lQOBl6cSpWcpVS6rWg5qU=,sSne8AR/aiNATfeCKcVG9SvuaGM=
6511,3419,f5qXTuOdgY9RDC3infLfzRK9Fis=,cfIKLLoVJ9oc8ENMa5AFbWJwS4Y=
6511,3418,f5qXTuOdgY9RDC3infLfzRK9Fis=,cfIKLLoVJ9oc8ENMa5AFbWJwS4Y=
6512,3418,f5qXTuOdgY9RDC3infLfzRK9Fis=,Bj2zMHoTf+lp5dhbxrrgbI2ndp8=
6512,3419,f5qXTuOdgY9RDC3infLfzRK9Fis=,Bj2zMHoTf+lp5dhbxrrgbI2ndp8=
6509,3419,f5qXTuOdgY9RDC3infLfzRK9Fis=,cfIKLLoVJ9oc8ENMa5AFbWJwS4Y=
6509,3418,f5qXTuOdgY9RDC3infLfzRK9Fis=,cfIKLLoVJ9oc8ENMa5AFbWJwS4Y=
6510,3418,f5qXTuOdgY9RDC3infLfzRK9Fis=,cfIKLLoVJ9oc8ENMa5AFbWJwS4Y=
6510,3419,f5qXTuOdgY9RDC3infLfzRK9Fis=,cfIKLLoVJ9oc8ENMa5AFbWJwS4Y=
6515,3419,f5qXTuOdgY9RDC3infLfzRK9Fis=,Bj2zMHoTf+lp5dhbxrrgbI2ndp8=
6515,3418,f5qXTuOdgY9RDC3infLfzRK9Fis=,Bj2zMHoTf+lp5dhbxrrgbI2ndp8=
6516,3418,f5qXTuOdgY9RDC3infLfzRK9Fis=,Bj2zMHoTf+lp5dhbxrrgbI2ndp8=
6516,3419,f5qXTuOdgY9RDC3infLfzRK9Fis=,Bj2zMHoTf+lp5dhbxrrgbI2ndp8=
6513,3419,f5qXTuOdgY9RDC3infLfzRK9Fis=,Bj2zMHoTf+lp5dhbxrrgbI2ndp8=
6513,3418,f5qXTuOdgY9RDC3infLfzRK9Fis=,Bj2zMHoTf+lp5dhbxrrgbI2ndp8=
6514,3418,f5qXTuOdgY9RDC3infLfzRK9Fis=,Bj2zMHoTf+lp5dhbxrrgbI2ndp8=
6514,3419,f5qXTuOdgY9RDC3infLfzRK9Fis=,Bj2zMHoTf+lp5dhbxrrgbI2ndp8=
6503,3419,f5qXTuOdgY9RDC3infLfzRK9Fis=,sSne8AR/aiNATfeCKcVG9SvuaGM=
6503,3418,f5qXTuOdgY9RDC3infLfzRK9Fis=,sSne8AR/aiNATfeCKcVG9SvuaGM=
6504,3418,f5qXTuOdgY9RDC3infLfzRK9Fis=,G+AzevJAsT5m8OkT/Dk+cmYAy0M=
6504,3419,f5qXTuOdgY9RDC3infLfzRK9Fis=,zjuiWpJLTKz/wW5ELOpUDuqcuCk=
6501,3419,f5qXTuOdgY9RDC3infLfzRK9Fis=,sSne8AR/aiNATfeCKcVG9SvuaGM=
6501,3418,f5qXTuOdgY9RDC3infLfzRK9Fis=,sSne8AR/aiNATfeCKcVG9SvuaGM=
6502,3418,soipMxNvg7Olm74QOjw+9JbX0eI=,sSne8AR/aiNATfeCKcVG9SvuaGM=
6502,3419,soipMxNvg7Olm74QOjw+9JbX0eI=,sSne8AR/aiNATfeCKcVG9SvuaGM=
6527,3419,soipMxNvg7Olm74QOjw+9JbX0eI=,+QbgQHPh7zwFCSdo2dVV6q1xy9M=
6507,3419,soipMxNvg7Olm74QOjw+9JbX0eI=,cfIKLLoVJ9oc8ENMa5AFbWJwS4Y=
6527,3418,soipMxNvg7Olm74QOjw+9JbX0eI=,+QbgQHPh7zwFCSdo2dVV6q1xy9M=
6507,3418,soipMxNvg7Olm74QOjw+9JbX0eI=,cfIKLLoVJ9oc8ENMa5AFbWJwS4Y=
6508,3418,soipMxNvg7Olm74QOjw+9JbX0eI=,cfIKLLoVJ9oc8ENMa5AFbWJwS4Y=
6508,3419,soipMxNvg7Olm74QOjw+9JbX0eI=,cfIKLLoVJ9oc8ENMa5AFbWJwS4Y=
6525,3419,soipMxNvg7Olm74QOjw+9JbX0eI=,+QbgQHPh7zwFCSdo2dVV6q1xy9M=
6525,3418,soipMxNvg7Olm74QOjw+9JbX0eI=,+QbgQHPh7zwFCSdo2dVV6q1xy9M=
6505,3419,soipMxNvg7Olm74QOjw+9JbX0eI=,b1WSXkAC0X/4WVyUm1jz/POVqAE=
6505,3418,soipMxNvg7Olm74QOjw+9JbX0eI=,/6fE/9nz9p/zi/u2F5YVj5tBoy8=
6526,3418,soipMxNvg7Olm74QOjw+9JbX0eI=,+QbgQHPh7zwFCSdo2dVV6q1xy9M=
6526,3419,soipMxNvg7Olm74QOjw+9JbX0eI=,+QbgQHPh7zwFCSdo2dVV6q1xy9M=
6506,3418,soipMxNvg7Olm74QOjw+9JbX0eI=,b+rYMePzSKjn+7raELj9rbI66yo=
6506,3419,soipMxNvg7Olm74QOjw+9JbX0eI=,KzAQX5s/MzIj1/YApBDpR6OH/W8=
6519,3419,soipMxNvg7Olm74QOjw+9JbX0eI=,Und77i6rdsWw8heU2WJJ3cKEbPs=
6519,3418,soipMxNvg7Olm74QOjw+9JbX0eI=,uNiP7r1qEJ+gsyzITVoO5v4Hh18=
6520,3418,soipMxNvg7Olm74QOjw+9JbX0eI=,+QbgQHPh7zwFCSdo2dVV6q1xy9M=
6520,3419,soipMxNvg7Olm74QOjw+9JbX0eI=,+QbgQHPh7zwFCSdo2dVV6q1xy9M=
