6547,3424,//fma4Zx8ut15/zHvmHRHi1wLlw=,RmVe+3GG6Qxf6vWBd4sFVS/Jfpc=
6545,3424,ezy8F0+iTh0QDQywlEtwESnPN/E=,RmVe+3GG6Qxf6vWBd4sFVS/Jfpc=
6544,3424,ezy8F0+iTh0QDQywlEtwESnPN/E=,RmVe+3GG6Qxf6vWBd4sFVS/Jfpc=
6538,3424,jB9GWnNNEhG2IRBa9GtRU9EbzHw=,dLhU57JJawT1ysYPTqZvXYEA7Z0=
6538,3425,jB9GWnNNEhG2IRBa9GtRU9EbzHw=,dLhU57JJawT1ysYPTqZvXYEA7Z0=
6537,3425,jB9GWnNNEhG2IRBa9GtRU9EbzHw=,dLhU57JJawT1ysYPTqZvXYEA7Z0=
6537,3424,jB9GWnNNEhG2IRBa9GtRU9EbzHw=,dLhU57JJawT1ysYPTqZvXYEA7Z0=
6537,3427,jB9GWnNNEhG2IRBa9GtRU9EbzHw=,Q/rFztphh73KUso2rsgJXoX5DGU=
6537,3426,jB9GWnNNEhG2IRBa9GtRU9EbzHw=,dLhU57JJawT1ysYPTqZvXYEA7Z0=
6537,3429,jB9GWnNNEhG2IRBa9GtRU9EbzHw=,otmnoiccIUDY+OR8K2CvDLZrfKA=
6537,3428,jB9GWnNNEhG2IRBa9GtRU9EbzHw=,3BQBCC8pTVDGzrsIoq85It0swwM=
6536,3424,jB9GWnNNEhG2IRBa9GtRU9EbzHw=,dLhU57JJawT1ysYPTqZvXYEA7Z0=
6536,3425,jB9GWnNNEhG2IRBa9GtRU9EbzHw=,dLhU57JJawT1ysYPTqZvXYEA7Z0=
6536,3426,jB9GWnNNEhG2IRBa9GtRU9EbzHw=,dLhU57JJawT1ysYPTqZvXYEA7Z0=
6536,3427,jB9GWnNNEhG2IRBa9GtRU9EbzHw=,xsPfzJLKq+r1GKtxr5zc5sHkZ6w=
6536,3428,jB9GWnNNEhG2IRBa9GtRU9EbzHw=,EIYnWKrGfcR018Qwp9umaIsDDDc=
6536,3429,jB9GWnNNEhG2IRBa9GtRU9EbzHw=,Xk1lAmQE/w21JajMC3y0Rn6Vf+Y=
