6643,3419,1ajoqwbgn2fMMUYI7RRLk78OL10=,+QbgQHPh7zwFCSdo2dVV6q1xy9M=
6643,3418,1ajoqwbgn2fMMUYI7RRLk78OL10=,+QbgQHPh7zwFCSdo2dVV6q1xy9M=
6643,3417,1ajoqwbgn2fMMUYI7RRLk78OL10=,+QbgQHPh7zwFCSdo2dVV6q1xy9M=
6644,3417,1ajoqwbgn2fMMUYI7RRLk78OL10=,+QbgQHPh7zwFCSdo2dVV6q1xy9M=
6644,3418,1ajoqwbgn2fMMUYI7RRLk78OL10=,+QbgQHPh7zwFCSdo2dVV6q1xy9M=
6644,3419,1ajoqwbgn2fMMUYI7RRLk78OL10=,+QbgQHPh7zwFCSdo2dVV6q1xy9M=
6645,3417,//fma4Zx8ut15/zHvmHRHi1wLlw=,+QbgQHPh7zwFCSdo2dVV6q1xy9M=
6645,3419,//fma4Zx8ut15/zHvmHRHi1wLlw=,+QbgQHPh7zwFCSdo2dVV6q1xy9M=
6645,3418,//fma4Zx8ut15/zHvmHRHi1wLlw=,+QbgQHPh7zwFCSdo2dVV6q1xy9M=
