6536,0,f5qXTuOdgY9RDC3infLfzRK9Fis=,b1WSXkAC0X/4WVyUm1jz/POVqAE=
6537,0,f5qXTuOdgY9RDC3infLfzRK9Fis=,b1WSXkAC0X/4WVyUm1jz/POVqAE=
6538,0,f5qXTuOdgY9RDC3infLfzRK9Fis=,b1WSXkAC0X/4WVyUm1jz/POVqAE=
6539,0,f5qXTuOdgY9RDC3infLfzRK9Fis=,b1WSXkAC0X/4WVyUm1jz/POVqAE=
6540,0,f5qXTuOdgY9RDC3infLfzRK9Fis=,b1WSXkAC0X/4WVyUm1jz/POVqAE=
6541,0,f5qXTuOdgY9RDC3infLfzRK9Fis=,b1WSXkAC0X/4WVyUm1jz/POVqAE=
6542,0,f5qXTuOdgY9RDC3infLfzRK9Fis=,b1WSXkAC0X/4WVyUm1jz/POVqAE=
6543,0,f5qXTuOdgY9RDC3infLfzRK9Fis=,b1WSXkAC0X/4WVyUm1jz/POVqAE=
6544,0,soipMxNvg7Olm74QOjw+9JbX0eI=,b1WSXkAC0X/4WVyUm1jz/POVqAE=
6545,0,soipMxNvg7Olm74QOjw+9JbX0eI=,b1WSXkAC0X/4WVyUm1jz/POVqAE=
6546,0,soipMxNvg7Olm74QOjw+9JbX0eI=,b1WSXkAC0X/4WVyUm1jz/POVqAE=
6547,0,soipMxNvg7Olm74QOjw+9JbX0eI=,b1WSXkAC0X/4WVyUm1jz/POVqAE=
