-4,1,NOSfAdy3i8YVOZLcziXVi7NMH5A=,PusBcwzDKFTyk3HzwrRmIBiWRXU=
-4,0,NOSfAdy3i8YVOZLcziXVi7NMH5A=,PusBcwzDKFTyk3HzwrRmIBiWRXU=
-1,3,NOSfAdy3i8YVOZLcziXVi7NMH5A=,i5ZNz7PnLN5s6a6We2ga2NsMbjw=
-2,3,NOSfAdy3i8YVOZLcziXVi7NMH5A=,i5ZNz7PnLN5s6a6We2ga2NsMbjw=
-3,1,pzWMIosAzeYrgrc/yUcGJiEvrgA=,PusBcwzDKFTyk3HzwrRmIBiWRXU=
-3,0,pzWMIosAzeYrgrc/yUcGJiEvrgA=,PusBcwzDKFTyk3HzwrRmIBiWRXU=
-2,2,pzWMIosAzeYrgrc/yUcGJiEvrgA=,i5ZNz7PnLN5s6a6We2ga2NsMbjw=
-1,2,pzWMIosAzeYrgrc/yUcGJiEvrgA=,i5ZNz7PnLN5s6a6We2ga2NsMbjw=
-2,1,pzWMIosAzeYrgrc/yUcGJiEvrgA=,GxZEEj7E/TCLIK2iuK+JjDDbsjA=
-2,0,pzWMIosAzeYrgrc/yUcGJiEvrgA=,GxZEEj7E/TCLIK2iuK+JjDDbsjA=
-1,1,pzWMIosAzeYrgrc/yUcGJiEvrgA=,GxZEEj7E/TCLIK2iuK+JjDDbsjA=
-1,0,pzWMIosAzeYrgrc/yUcGJiEvrgA=,GxZEEj7E/TCLIK2iuK+JjDDbsjA=
