-2,-8,wOq2CEtsMUx+swp2hTS3YpkJxzE=,2TzNyckQksAP2cRwQqgsaQpuChU=
-1,-7,wOq2CEtsMUx+swp2hTS3YpkJxzE=,2TzNyckQksAP2cRwQqgsaQpuChU=
-2,-7,wOq2CEtsMUx+swp2hTS3YpkJxzE=,2TzNyckQksAP2cRwQqgsaQpuChU=
-1,-8,wOq2CEtsMUx+swp2hTS3YpkJxzE=,2TzNyckQksAP2cRwQqgsaQpuChU=
-4,-2,wOq2CEtsMUx+swp2hTS3YpkJxzE=,PusBcwzDKFTyk3HzwrRmIBiWRXU=
-4,-1,wOq2CEtsMUx+swp2hTS3YpkJxzE=,PusBcwzDKFTyk3HzwrRmIBiWRXU=
-3,-1,wOq2CEtsMUx+swp2hTS3YpkJxzE=,PusBcwzDKFTyk3HzwrRmIBiWRXU=
-3,-2,wOq2CEtsMUx+swp2hTS3YpkJxzE=,PusBcwzDKFTyk3HzwrRmIBiWRXU=
-1,-2,wOq2CEtsMUx+swp2hTS3YpkJxzE=,GxZEEj7E/TCLIK2iuK+JjDDbsjA=
-2,-2,wOq2CEtsMUx+swp2hTS3YpkJxzE=,GxZEEj7E/TCLIK2iuK+JjDDbsjA=
-1,-1,wOq2CEtsMUx+swp2hTS3YpkJxzE=,GxZEEj7E/TCLIK2iuK+JjDDbsjA=
-2,-1,wOq2CEtsMUx+swp2hTS3YpkJxzE=,GxZEEj7E/TCLIK2iuK+JjDDbsjA=
