-27544,19325,3eBWBHQgJn/DRbdGQH9xuwA4T4A=,PusBcwzDKFTyk3HzwrRmIBiWRXU=
-27543,19325,3eBWBHQgJn/DRbdGQH9xuwA4T4A=,PusBcwzDKFTyk3HzwrRmIBiWRXU=
-27543,19324,3eBWBHQgJn/DRbdGQH9xuwA4T4A=,PusBcwzDKFTyk3HzwrRmIBiWRXU=
-27544,19324,3eBWBHQgJn/DRbdGQH9xuwA4T4A=,PusBcwzDKFTyk3HzwrRmIBiWRXU=
-27544,19322,3eBWBHQgJn/DRbdGQH9xuwA4T4A=,i5ZNz7PnLN5s6a6We2ga2NsMbjw=
-27544,19323,3eBWBHQgJn/DRbdGQH9xuwA4T4A=,i5ZNz7PnLN5s6a6We2ga2NsMbjw=
-27543,19323,3eBWBHQgJn/DRbdGQH9xuwA4T4A=,i5ZNz7PnLN5s6a6We2ga2NsMbjw=
-27543,19322,3eBWBHQgJn/DRbdGQH9xuwA4T4A=,i5ZNz7PnLN5s6a6We2ga2NsMbjw=
