20,-80,ilRqH6hXy6fIxZu+miOyEUZK/d8=,8CKFExB2DSxoyUsfiGP35hxbWDc=
22,-80,ilRqH6hXy6fIxZu+miOyEUZK/d8=,8CKFExB2DSxoyUsfiGP35hxbWDc=
21,-80,ilRqH6hXy6fIxZu+miOyEUZK/d8=,8CKFExB2DSxoyUsfiGP35hxbWDc=
23,-80,ilRqH6hXy6fIxZu+miOyEUZK/d8=,8CKFExB2DSxoyUsfiGP35hxbWDc=
20,-75,ilRqH6hXy6fIxZu+miOyEUZK/d8=,YuP1kDjfNmpSi/2OLsPCtjLkGOQ=
20,-76,ilRqH6hXy6fIxZu+miOyEUZK/d8=,YuP1kDjfNmpSi/2OLsPCtjLkGOQ=
20,-78,ilRqH6hXy6fIxZu+miOyEUZK/d8=,8CKFExB2DSxoyUsfiGP35hxbWDc=
20,-79,ilRqH6hXy6fIxZu+miOyEUZK/d8=,8CKFExB2DSxoyUsfiGP35hxbWDc=
20,-77,ilRqH6hXy6fIxZu+miOyEUZK/d8=,8CKFExB2DSxoyUsfiGP35hxbWDc=
21,-75,ilRqH6hXy6fIxZu+miOyEUZK/d8=,YuP1kDjfNmpSi/2OLsPCtjLkGOQ=
26,-75,ilRqH6hXy6fIxZu+miOyEUZK/d8=,EjieuMB7umZABz9YOxly+Y+PD+c=
29,-75,ilRqH6hXy6fIxZu+miOyEUZK/d8=,EjieuMB7umZABz9YOxly+Y+PD+c=
29,-78,ilRqH6hXy6fIxZu+miOyEUZK/d8=,HYD0W9ddxcd9xCRy+Lr1oO+REPY=
23,-75,ilRqH6hXy6fIxZu+miOyEUZK/d8=,aL1E9Rl5fUuGE9B/vHbYjIphJAk=
28,-75,ilRqH6hXy6fIxZu+miOyEUZK/d8=,EjieuMB7umZABz9YOxly+Y+PD+c=
29,-76,ilRqH6hXy6fIxZu+miOyEUZK/d8=,EjieuMB7umZABz9YOxly+Y+PD+c=
22,-75,ilRqH6hXy6fIxZu+miOyEUZK/d8=,aL1E9Rl5fUuGE9B/vHbYjIphJAk=
29,-77,ilRqH6hXy6fIxZu+miOyEUZK/d8=,HYD0W9ddxcd9xCRy+Lr1oO+REPY=
28,-77,ilRqH6hXy6fIxZu+miOyEUZK/d8=,HYD0W9ddxcd9xCRy+Lr1oO+REPY=
27,-75,ilRqH6hXy6fIxZu+miOyEUZK/d8=,EjieuMB7umZABz9YOxly+Y+PD+c=
26,-78,ilRqH6hXy6fIxZu+miOyEUZK/d8=,HYD0W9ddxcd9xCRy+Lr1oO+REPY=
27,-77,ilRqH6hXy6fIxZu+miOyEUZK/d8=,HYD0W9ddxcd9xCRy+Lr1oO+REPY=
27,-78,ilRqH6hXy6fIxZu+miOyEUZK/d8=,HYD0W9ddxcd9xCRy+Lr1oO+REPY=
26,-76,ilRqH6hXy6fIxZu+miOyEUZK/d8=,EjieuMB7umZABz9YOxly+Y+PD+c=
28,-78,ilRqH6hXy6fIxZu+miOyEUZK/d8=,HYD0W9ddxcd9xCRy+Lr1oO+REPY=
23,-79,ilRqH6hXy6fIxZu+miOyEUZK/d8=,8CKFExB2DSxoyUsfiGP35hxbWDc=
26,-77,ilRqH6hXy6fIxZu+miOyEUZK/d8=,HYD0W9ddxcd9xCRy+Lr1oO+REPY=
23,-78,ilRqH6hXy6fIxZu+miOyEUZK/d8=,8CKFExB2DSxoyUsfiGP35hxbWDc=
21,-78,ilRqH6hXy6fIxZu+miOyEUZK/d8=,8CKFExB2DSxoyUsfiGP35hxbWDc=
23,-76,ilRqH6hXy6fIxZu+miOyEUZK/d8=,aL1E9Rl5fUuGE9B/vHbYjIphJAk=
21,-79,ilRqH6hXy6fIxZu+miOyEUZK/d8=,8CKFExB2DSxoyUsfiGP35hxbWDc=
27,-76,ilRqH6hXy6fIxZu+miOyEUZK/d8=,EjieuMB7umZABz9YOxly+Y+PD+c=
21,-76,ilRqH6hXy6fIxZu+miOyEUZK/d8=,YuP1kDjfNmpSi/2OLsPCtjLkGOQ=
22,-76,ilRqH6hXy6fIxZu+miOyEUZK/d8=,aL1E9Rl5fUuGE9B/vHbYjIphJAk=
28,-76,ilRqH6hXy6fIxZu+miOyEUZK/d8=,EjieuMB7umZABz9YOxly+Y+PD+c=
23,-77,ilRqH6hXy6fIxZu+miOyEUZK/d8=,8CKFExB2DSxoyUsfiGP35hxbWDc=
22,-77,ilRqH6hXy6fIxZu+miOyEUZK/d8=,8CKFExB2DSxoyUsfiGP35hxbWDc=
22,-79,ilRqH6hXy6fIxZu+miOyEUZK/d8=,8CKFExB2DSxoyUsfiGP35hxbWDc=
21,-77,ilRqH6hXy6fIxZu+miOyEUZK/d8=,8CKFExB2DSxoyUsfiGP35hxbWDc=
22,-78,ilRqH6hXy6fIxZu+miOyEUZK/d8=,8CKFExB2DSxoyUsfiGP35hxbWDc=
20,-81,wOq2CEtsMUx+swp2hTS3YpkJxzE=,yeCQJgI/lMsZm5giGRYO9MdTChk=
23,-81,wOq2CEtsMUx+swp2hTS3YpkJxzE=,yeCQJgI/lMsZm5giGRYO9MdTChk=
22,-81,wOq2CEtsMUx+swp2hTS3YpkJxzE=,yeCQJgI/lMsZm5giGRYO9MdTChk=
21,-81,wOq2CEtsMUx+swp2hTS3YpkJxzE=,yeCQJgI/lMsZm5giGRYO9MdTChk=
23,-86,wOq2CEtsMUx+swp2hTS3YpkJxzE=,yeCQJgI/lMsZm5giGRYO9MdTChk=
20,-86,wOq2CEtsMUx+swp2hTS3YpkJxzE=,yeCQJgI/lMsZm5giGRYO9MdTChk=
22,-86,wOq2CEtsMUx+swp2hTS3YpkJxzE=,yeCQJgI/lMsZm5giGRYO9MdTChk=
21,-86,wOq2CEtsMUx+swp2hTS3YpkJxzE=,yeCQJgI/lMsZm5giGRYO9MdTChk=
20,-83,wOq2CEtsMUx+swp2hTS3YpkJxzE=,yeCQJgI/lMsZm5giGRYO9MdTChk=
20,-82,wOq2CEtsMUx+swp2hTS3YpkJxzE=,yeCQJgI/lMsZm5giGRYO9MdTChk=
20,-85,wOq2CEtsMUx+swp2hTS3YpkJxzE=,yeCQJgI/lMsZm5giGRYO9MdTChk=
22,-85,wOq2CEtsMUx+swp2hTS3YpkJxzE=,yeCQJgI/lMsZm5giGRYO9MdTChk=
20,-84,wOq2CEtsMUx+swp2hTS3YpkJxzE=,yeCQJgI/lMsZm5giGRYO9MdTChk=
23,-82,wOq2CEtsMUx+swp2hTS3YpkJxzE=,yeCQJgI/lMsZm5giGRYO9MdTChk=
21,-85,wOq2CEtsMUx+swp2hTS3YpkJxzE=,yeCQJgI/lMsZm5giGRYO9MdTChk=
21,-84,wOq2CEtsMUx+swp2hTS3YpkJxzE=,yeCQJgI/lMsZm5giGRYO9MdTChk=
21,-82,wOq2CEtsMUx+swp2hTS3YpkJxzE=,yeCQJgI/lMsZm5giGRYO9MdTChk=
21,-83,wOq2CEtsMUx+swp2hTS3YpkJxzE=,yeCQJgI/lMsZm5giGRYO9MdTChk=
23,-85,wOq2CEtsMUx+swp2hTS3YpkJxzE=,yeCQJgI/lMsZm5giGRYO9MdTChk=
22,-82,wOq2CEtsMUx+swp2hTS3YpkJxzE=,yeCQJgI/lMsZm5giGRYO9MdTChk=
23,-84,wOq2CEtsMUx+swp2hTS3YpkJxzE=,yeCQJgI/lMsZm5giGRYO9MdTChk=
22,-84,wOq2CEtsMUx+swp2hTS3YpkJxzE=,yeCQJgI/lMsZm5giGRYO9MdTChk=
23,-83,wOq2CEtsMUx+swp2hTS3YpkJxzE=,yeCQJgI/lMsZm5giGRYO9MdTChk=
22,-83,wOq2CEtsMUx+swp2hTS3YpkJxzE=,yeCQJgI/lMsZm5giGRYO9MdTChk=
