5,-12,NOSfAdy3i8YVOZLcziXVi7NMH5A=,u/I+uXeeT173OA+0lpmt94q4Q+0=
5,-11,NOSfAdy3i8YVOZLcziXVi7NMH5A=,u/I+uXeeT173OA+0lpmt94q4Q+0=
2,-11,NOSfAdy3i8YVOZLcziXVi7NMH5A=,EjieuMB7umZABz9YOxly+Y+PD+c=
4,-12,NOSfAdy3i8YVOZLcziXVi7NMH5A=,u/I+uXeeT173OA+0lpmt94q4Q+0=
2,-12,NOSfAdy3i8YVOZLcziXVi7NMH5A=,EjieuMB7umZABz9YOxly+Y+PD+c=
3,-11,NOSfAdy3i8YVOZLcziXVi7NMH5A=,EjieuMB7umZABz9YOxly+Y+PD+c=
4,-11,NOSfAdy3i8YVOZLcziXVi7NMH5A=,u/I+uXeeT173OA+0lpmt94q4Q+0=
3,-12,NOSfAdy3i8YVOZLcziXVi7NMH5A=,EjieuMB7umZABz9YOxly+Y+PD+c=
1,-2,NOSfAdy3i8YVOZLcziXVi7NMH5A=,GxZEEj7E/TCLIK2iuK+JjDDbsjA=
1,-1,NOSfAdy3i8YVOZLcziXVi7NMH5A=,GxZEEj7E/TCLIK2iuK+JjDDbsjA=
0,-2,NOSfAdy3i8YVOZLcziXVi7NMH5A=,GxZEEj7E/TCLIK2iuK+JjDDbsjA=
0,-1,NOSfAdy3i8YVOZLcziXVi7NMH5A=,GxZEEj7E/TCLIK2iuK+JjDDbsjA=
