6,2,QS/E35RORLFE9qND2rek7giUb/s=,J5pSO06+Eg2rqgZU/sfxqRhkxPY=
6,3,QS/E35RORLFE9qND2rek7giUb/s=,J5pSO06+Eg2rqgZU/sfxqRhkxPY=
7,3,QS/E35RORLFE9qND2rek7giUb/s=,J5pSO06+Eg2rqgZU/sfxqRhkxPY=
7,2,QS/E35RORLFE9qND2rek7giUb/s=,J5pSO06+Eg2rqgZU/sfxqRhkxPY=
1,3,QS/E35RORLFE9qND2rek7giUb/s=,YuP1kDjfNmpSi/2OLsPCtjLkGOQ=
0,3,QS/E35RORLFE9qND2rek7giUb/s=,YuP1kDjfNmpSi/2OLsPCtjLkGOQ=
1,2,QS/E35RORLFE9qND2rek7giUb/s=,YuP1kDjfNmpSi/2OLsPCtjLkGOQ=
1,0,QS/E35RORLFE9qND2rek7giUb/s=,GxZEEj7E/TCLIK2iuK+JjDDbsjA=
0,2,QS/E35RORLFE9qND2rek7giUb/s=,YuP1kDjfNmpSi/2OLsPCtjLkGOQ=
1,1,QS/E35RORLFE9qND2rek7giUb/s=,GxZEEj7E/TCLIK2iuK+JjDDbsjA=
0,0,QS/E35RORLFE9qND2rek7giUb/s=,GxZEEj7E/TCLIK2iuK+JjDDbsjA=
0,1,QS/E35RORLFE9qND2rek7giUb/s=,GxZEEj7E/TCLIK2iuK+JjDDbsjA=
16,4,NqUzSaRi+7sE74bYE8XvqcB6yhU=,Y0VvGuCSH3t6FNKMm2NBs+D9GJQ=
17,4,NqUzSaRi+7sE74bYE8XvqcB6yhU=,Y0VvGuCSH3t6FNKMm2NBs+D9GJQ=
17,5,NqUzSaRi+7sE74bYE8XvqcB6yhU=,Y0VvGuCSH3t6FNKMm2NBs+D9GJQ=
16,5,NqUzSaRi+7sE74bYE8XvqcB6yhU=,Y0VvGuCSH3t6FNKMm2NBs+D9GJQ=
