36,-75,3eBWBHQgJn/DRbdGQH9xuwA4T4A=,HYD0W9ddxcd9xCRy+Lr1oO+REPY=
36,-76,3eBWBHQgJn/DRbdGQH9xuwA4T4A=,HYD0W9ddxcd9xCRy+Lr1oO+REPY=
36,-77,3eBWBHQgJn/DRbdGQH9xuwA4T4A=,HYD0W9ddxcd9xCRy+Lr1oO+REPY=
36,-78,3eBWBHQgJn/DRbdGQH9xuwA4T4A=,HYD0W9ddxcd9xCRy+Lr1oO+REPY=
37,-75,3eBWBHQgJn/DRbdGQH9xuwA4T4A=,HYD0W9ddxcd9xCRy+Lr1oO+REPY=
38,-75,3eBWBHQgJn/DRbdGQH9xuwA4T4A=,u/I+uXeeT173OA+0lpmt94q4Q+0=
39,-75,3eBWBHQgJn/DRbdGQH9xuwA4T4A=,u/I+uXeeT173OA+0lpmt94q4Q+0=
39,-77,3eBWBHQgJn/DRbdGQH9xuwA4T4A=,5jBKgTNNeO3ttmi0a5YBa2uOC8U=
37,-76,3eBWBHQgJn/DRbdGQH9xuwA4T4A=,HYD0W9ddxcd9xCRy+Lr1oO+REPY=
37,-78,3eBWBHQgJn/DRbdGQH9xuwA4T4A=,HYD0W9ddxcd9xCRy+Lr1oO+REPY=
37,-77,3eBWBHQgJn/DRbdGQH9xuwA4T4A=,HYD0W9ddxcd9xCRy+Lr1oO+REPY=
38,-78,3eBWBHQgJn/DRbdGQH9xuwA4T4A=,5jBKgTNNeO3ttmi0a5YBa2uOC8U=
39,-76,3eBWBHQgJn/DRbdGQH9xuwA4T4A=,u/I+uXeeT173OA+0lpmt94q4Q+0=
39,-78,3eBWBHQgJn/DRbdGQH9xuwA4T4A=,5jBKgTNNeO3ttmi0a5YBa2uOC8U=
38,-77,3eBWBHQgJn/DRbdGQH9xuwA4T4A=,5jBKgTNNeO3ttmi0a5YBa2uOC8U=
38,-76,3eBWBHQgJn/DRbdGQH9xuwA4T4A=,u/I+uXeeT173OA+0lpmt94q4Q+0=
