40,39,pl8clFHVovsQSNJ+l089MjyWgU4=,u/I+uXeeT173OA+0lpmt94q4Q+0=
41,38,pl8clFHVovsQSNJ+l089MjyWgU4=,u/I+uXeeT173OA+0lpmt94q4Q+0=
41,39,pl8clFHVovsQSNJ+l089MjyWgU4=,u/I+uXeeT173OA+0lpmt94q4Q+0=
40,38,pl8clFHVovsQSNJ+l089MjyWgU4=,u/I+uXeeT173OA+0lpmt94q4Q+0=
42,47,pl8clFHVovsQSNJ+l089MjyWgU4=,NPfj0fEDGPGpbKD+rgry55t+R74=
42,46,pl8clFHVovsQSNJ+l089MjyWgU4=,NPfj0fEDGPGpbKD+rgry55t+R74=
45,47,pl8clFHVovsQSNJ+l089MjyWgU4=,NPfj0fEDGPGpbKD+rgry55t+R74=
45,46,pl8clFHVovsQSNJ+l089MjyWgU4=,NPfj0fEDGPGpbKD+rgry55t+R74=
43,46,pl8clFHVovsQSNJ+l089MjyWgU4=,NPfj0fEDGPGpbKD+rgry55t+R74=
43,47,pl8clFHVovsQSNJ+l089MjyWgU4=,NPfj0fEDGPGpbKD+rgry55t+R74=
44,46,pl8clFHVovsQSNJ+l089MjyWgU4=,NPfj0fEDGPGpbKD+rgry55t+R74=
44,47,pl8clFHVovsQSNJ+l089MjyWgU4=,NPfj0fEDGPGpbKD+rgry55t+R74=
42,49,pl8clFHVovsQSNJ+l089MjyWgU4=,5jBKgTNNeO3ttmi0a5YBa2uOC8U=
42,48,pl8clFHVovsQSNJ+l089MjyWgU4=,5jBKgTNNeO3ttmi0a5YBa2uOC8U=
44,49,pl8clFHVovsQSNJ+l089MjyWgU4=,NPfj0fEDGPGpbKD+rgry55t+R74=
45,49,pl8clFHVovsQSNJ+l089MjyWgU4=,NPfj0fEDGPGpbKD+rgry55t+R74=
43,49,pl8clFHVovsQSNJ+l089MjyWgU4=,5jBKgTNNeO3ttmi0a5YBa2uOC8U=
45,48,pl8clFHVovsQSNJ+l089MjyWgU4=,NPfj0fEDGPGpbKD+rgry55t+R74=
43,48,pl8clFHVovsQSNJ+l089MjyWgU4=,5jBKgTNNeO3ttmi0a5YBa2uOC8U=
44,48,pl8clFHVovsQSNJ+l089MjyWgU4=,NPfj0fEDGPGpbKD+rgry55t+R74=
