45,11,TxNGhiX6EeXVjIPrXK38kEfojW4=,NPfj0fEDGPGpbKD+rgry55t+R74=
44,10,TxNGhiX6EeXVjIPrXK38kEfojW4=,NPfj0fEDGPGpbKD+rgry55t+R74=
45,10,TxNGhiX6EeXVjIPrXK38kEfojW4=,NPfj0fEDGPGpbKD+rgry55t+R74=
44,11,TxNGhiX6EeXVjIPrXK38kEfojW4=,NPfj0fEDGPGpbKD+rgry55t+R74=
32,0,TxNGhiX6EeXVjIPrXK38kEfojW4=,HYD0W9ddxcd9xCRy+Lr1oO+REPY=
32,1,TxNGhiX6EeXVjIPrXK38kEfojW4=,HYD0W9ddxcd9xCRy+Lr1oO+REPY=
33,1,TxNGhiX6EeXVjIPrXK38kEfojW4=,HYD0W9ddxcd9xCRy+Lr1oO+REPY=
33,0,TxNGhiX6EeXVjIPrXK38kEfojW4=,HYD0W9ddxcd9xCRy+Lr1oO+REPY=
36,28,6hhw8uANz9JQ1+fPZmTXW/yjwRY=,HYD0W9ddxcd9xCRy+Lr1oO+REPY=
36,29,6hhw8uANz9JQ1+fPZmTXW/yjwRY=,HYD0W9ddxcd9xCRy+Lr1oO+REPY=
37,29,6hhw8uANz9JQ1+fPZmTXW/yjwRY=,HYD0W9ddxcd9xCRy+Lr1oO+REPY=
37,28,6hhw8uANz9JQ1+fPZmTXW/yjwRY=,HYD0W9ddxcd9xCRy+Lr1oO+REPY=
48,24,bvcUiCU87E1OTRJ5XnnhYiNbjsQ=,NPfj0fEDGPGpbKD+rgry55t+R74=
49,25,bvcUiCU87E1OTRJ5XnnhYiNbjsQ=,NPfj0fEDGPGpbKD+rgry55t+R74=
49,24,bvcUiCU87E1OTRJ5XnnhYiNbjsQ=,NPfj0fEDGPGpbKD+rgry55t+R74=
48,25,bvcUiCU87E1OTRJ5XnnhYiNbjsQ=,NPfj0fEDGPGpbKD+rgry55t+R74=
54,9,bvcUiCU87E1OTRJ5XnnhYiNbjsQ=,NPfj0fEDGPGpbKD+rgry55t+R74=
55,9,bvcUiCU87E1OTRJ5XnnhYiNbjsQ=,NPfj0fEDGPGpbKD+rgry55t+R74=
54,8,bvcUiCU87E1OTRJ5XnnhYiNbjsQ=,NPfj0fEDGPGpbKD+rgry55t+R74=
55,8,bvcUiCU87E1OTRJ5XnnhYiNbjsQ=,NPfj0fEDGPGpbKD+rgry55t+R74=
