78,24,47buZECawRD9VGQw5Tcno+fVv+U=,04DJYF96egNJgxK0bQYCMzjDqaw=
79,25,47buZECawRD9VGQw5Tcno+fVv+U=,04DJYF96egNJgxK0bQYCMzjDqaw=
78,25,47buZECawRD9VGQw5Tcno+fVv+U=,04DJYF96egNJgxK0bQYCMzjDqaw=
79,24,47buZECawRD9VGQw5Tcno+fVv+U=,04DJYF96egNJgxK0bQYCMzjDqaw=
66,21,47buZECawRD9VGQw5Tcno+fVv+U=,x/H5exw2W+IepHaQHaomSLUojRc=
66,20,47buZECawRD9VGQw5Tcno+fVv+U=,x/H5exw2W+IepHaQHaomSLUojRc=
67,21,47buZECawRD9VGQw5Tcno+fVv+U=,x/H5exw2W+IepHaQHaomSLUojRc=
67,20,47buZECawRD9VGQw5Tcno+fVv+U=,x/H5exw2W+IepHaQHaomSLUojRc=
79,8,+s5y/OmhBF4gNZoxRXTcT6C7pdo=,LSsEeTS7vVDMOnTjRUkO0i7y9Xo=
78,9,+s5y/OmhBF4gNZoxRXTcT6C7pdo=,LSsEeTS7vVDMOnTjRUkO0i7y9Xo=
68,7,+s5y/OmhBF4gNZoxRXTcT6C7pdo=,04DJYF96egNJgxK0bQYCMzjDqaw=
68,6,+s5y/OmhBF4gNZoxRXTcT6C7pdo=,04DJYF96egNJgxK0bQYCMzjDqaw=
79,9,+s5y/OmhBF4gNZoxRXTcT6C7pdo=,LSsEeTS7vVDMOnTjRUkO0i7y9Xo=
69,7,+s5y/OmhBF4gNZoxRXTcT6C7pdo=,04DJYF96egNJgxK0bQYCMzjDqaw=
78,8,+s5y/OmhBF4gNZoxRXTcT6C7pdo=,LSsEeTS7vVDMOnTjRUkO0i7y9Xo=
69,6,+s5y/OmhBF4gNZoxRXTcT6C7pdo=,04DJYF96egNJgxK0bQYCMzjDqaw=
92,0,3eBWBHQgJn/DRbdGQH9xuwA4T4A=,LSsEeTS7vVDMOnTjRUkO0i7y9Xo=
93,1,3eBWBHQgJn/DRbdGQH9xuwA4T4A=,LSsEeTS7vVDMOnTjRUkO0i7y9Xo=
92,1,3eBWBHQgJn/DRbdGQH9xuwA4T4A=,LSsEeTS7vVDMOnTjRUkO0i7y9Xo=
93,0,3eBWBHQgJn/DRbdGQH9xuwA4T4A=,LSsEeTS7vVDMOnTjRUkO0i7y9Xo=
