64004,109877,wOq2CEtsMUx+swp2hTS3YpkJxzE=,x/H5exw2W+IepHaQHaomSLUojRc=
64003,109878,wOq2CEtsMUx+swp2hTS3YpkJxzE=,8GkuT9Kx7uEfDr+iXkDmop8z6tQ=
64004,109878,wOq2CEtsMUx+swp2hTS3YpkJxzE=,x/H5exw2W+IepHaQHaomSLUojRc=
64003,109877,wOq2CEtsMUx+swp2hTS3YpkJxzE=,hxmS9j2Hn/INeA+uLrCPPB0kdZg=
64004,109876,wOq2CEtsMUx+swp2hTS3YpkJxzE=,x/H5exw2W+IepHaQHaomSLUojRc=
64004,109875,wOq2CEtsMUx+swp2hTS3YpkJxzE=,X5+SFw6ddiImcfvbZa1cnIpX6Ww=
64004,109874,wOq2CEtsMUx+swp2hTS3YpkJxzE=,X5+SFw6ddiImcfvbZa1cnIpX6Ww=
64004,109873,wOq2CEtsMUx+swp2hTS3YpkJxzE=,X5+SFw6ddiImcfvbZa1cnIpX6Ww=
64004,109879,wOq2CEtsMUx+swp2hTS3YpkJxzE=,x/H5exw2W+IepHaQHaomSLUojRc=
64003,109879,wOq2CEtsMUx+swp2hTS3YpkJxzE=,8GkuT9Kx7uEfDr+iXkDmop8z6tQ=
64005,109877,wOq2CEtsMUx+swp2hTS3YpkJxzE=,x/H5exw2W+IepHaQHaomSLUojRc=
64005,109878,wOq2CEtsMUx+swp2hTS3YpkJxzE=,x/H5exw2W+IepHaQHaomSLUojRc=
64005,109879,wOq2CEtsMUx+swp2hTS3YpkJxzE=,x/H5exw2W+IepHaQHaomSLUojRc=
64004,109872,wOq2CEtsMUx+swp2hTS3YpkJxzE=,X5+SFw6ddiImcfvbZa1cnIpX6Ww=
64005,109876,wOq2CEtsMUx+swp2hTS3YpkJxzE=,x/H5exw2W+IepHaQHaomSLUojRc=
64005,109874,wOq2CEtsMUx+swp2hTS3YpkJxzE=,X5+SFw6ddiImcfvbZa1cnIpX6Ww=
64005,109873,wOq2CEtsMUx+swp2hTS3YpkJxzE=,X5+SFw6ddiImcfvbZa1cnIpX6Ww=
64003,109873,wOq2CEtsMUx+swp2hTS3YpkJxzE=,15XG1Cmjq4t64WkSZl8mXLv1ucY=
64005,109872,wOq2CEtsMUx+swp2hTS3YpkJxzE=,X5+SFw6ddiImcfvbZa1cnIpX6Ww=
64003,109872,wOq2CEtsMUx+swp2hTS3YpkJxzE=,15XG1Cmjq4t64WkSZl8mXLv1ucY=
64003,109876,wOq2CEtsMUx+swp2hTS3YpkJxzE=,hxmS9j2Hn/INeA+uLrCPPB0kdZg=
64005,109875,wOq2CEtsMUx+swp2hTS3YpkJxzE=,X5+SFw6ddiImcfvbZa1cnIpX6Ww=
64003,109874,wOq2CEtsMUx+swp2hTS3YpkJxzE=,45VT4xJMoE6+gDY+XT+IXsrEiPo=
64003,109875,wOq2CEtsMUx+swp2hTS3YpkJxzE=,45VT4xJMoE6+gDY+XT+IXsrEiPo=
64000,109879,wOq2CEtsMUx+swp2hTS3YpkJxzE=,15XG1Cmjq4t64WkSZl8mXLv1ucY=
64002,109872,wOq2CEtsMUx+swp2hTS3YpkJxzE=,15XG1Cmjq4t64WkSZl8mXLv1ucY=
64001,109879,wOq2CEtsMUx+swp2hTS3YpkJxzE=,15XG1Cmjq4t64WkSZl8mXLv1ucY=
64002,109879,wOq2CEtsMUx+swp2hTS3YpkJxzE=,8GkuT9Kx7uEfDr+iXkDmop8z6tQ=
64000,109873,wOq2CEtsMUx+swp2hTS3YpkJxzE=,J5pSO06+Eg2rqgZU/sfxqRhkxPY=
64000,109872,wOq2CEtsMUx+swp2hTS3YpkJxzE=,J5pSO06+Eg2rqgZU/sfxqRhkxPY=
64001,109872,wOq2CEtsMUx+swp2hTS3YpkJxzE=,J5pSO06+Eg2rqgZU/sfxqRhkxPY=
64002,109878,wOq2CEtsMUx+swp2hTS3YpkJxzE=,8GkuT9Kx7uEfDr+iXkDmop8z6tQ=
64000,109874,wOq2CEtsMUx+swp2hTS3YpkJxzE=,tyzJy2oL6YSR/7uzOEAsZ1FYABk=
64001,109878,wOq2CEtsMUx+swp2hTS3YpkJxzE=,15XG1Cmjq4t64WkSZl8mXLv1ucY=
64000,109878,wOq2CEtsMUx+swp2hTS3YpkJxzE=,15XG1Cmjq4t64WkSZl8mXLv1ucY=
64001,109873,wOq2CEtsMUx+swp2hTS3YpkJxzE=,J5pSO06+Eg2rqgZU/sfxqRhkxPY=
64000,109875,wOq2CEtsMUx+swp2hTS3YpkJxzE=,tyzJy2oL6YSR/7uzOEAsZ1FYABk=
64001,109874,wOq2CEtsMUx+swp2hTS3YpkJxzE=,tyzJy2oL6YSR/7uzOEAsZ1FYABk=
64000,109876,wOq2CEtsMUx+swp2hTS3YpkJxzE=,FHuBbHM7ViPyokM99Qnk12sGjts=
64002,109873,wOq2CEtsMUx+swp2hTS3YpkJxzE=,15XG1Cmjq4t64WkSZl8mXLv1ucY=
64000,109877,wOq2CEtsMUx+swp2hTS3YpkJxzE=,FHuBbHM7ViPyokM99Qnk12sGjts=
64002,109877,wOq2CEtsMUx+swp2hTS3YpkJxzE=,hxmS9j2Hn/INeA+uLrCPPB0kdZg=
64001,109877,wOq2CEtsMUx+swp2hTS3YpkJxzE=,FHuBbHM7ViPyokM99Qnk12sGjts=
64002,109874,wOq2CEtsMUx+swp2hTS3YpkJxzE=,45VT4xJMoE6+gDY+XT+IXsrEiPo=
64002,109876,wOq2CEtsMUx+swp2hTS3YpkJxzE=,hxmS9j2Hn/INeA+uLrCPPB0kdZg=
64002,109875,wOq2CEtsMUx+swp2hTS3YpkJxzE=,45VT4xJMoE6+gDY+XT+IXsrEiPo=
64001,109876,wOq2CEtsMUx+swp2hTS3YpkJxzE=,FHuBbHM7ViPyokM99Qnk12sGjts=
64001,109875,wOq2CEtsMUx+swp2hTS3YpkJxzE=,tyzJy2oL6YSR/7uzOEAsZ1FYABk=
