7176,81379,+s5y/OmhBF4gNZoxRXTcT6C7pdo=,nZfZZLC0zFlyzehLRZUIWpWMxVs=
7175,81379,+s5y/OmhBF4gNZoxRXTcT6C7pdo=,nZfZZLC0zFlyzehLRZUIWpWMxVs=
7172,81376,+s5y/OmhBF4gNZoxRXTcT6C7pdo=,nZfZZLC0zFlyzehLRZUIWpWMxVs=
7172,81377,+s5y/OmhBF4gNZoxRXTcT6C7pdo=,nZfZZLC0zFlyzehLRZUIWpWMxVs=
7174,81379,+s5y/OmhBF4gNZoxRXTcT6C7pdo=,nZfZZLC0zFlyzehLRZUIWpWMxVs=
7177,81379,+s5y/OmhBF4gNZoxRXTcT6C7pdo=,nZfZZLC0zFlyzehLRZUIWpWMxVs=
7173,81376,wWVlVQ4Z8BLFm2bUlt25YDVR6X4=,nZfZZLC0zFlyzehLRZUIWpWMxVs=
7177,81378,wWVlVQ4Z8BLFm2bUlt25YDVR6X4=,nZfZZLC0zFlyzehLRZUIWpWMxVs=
7176,81378,wWVlVQ4Z8BLFm2bUlt25YDVR6X4=,nZfZZLC0zFlyzehLRZUIWpWMxVs=
7173,81377,wWVlVQ4Z8BLFm2bUlt25YDVR6X4=,nZfZZLC0zFlyzehLRZUIWpWMxVs=
7175,81378,wWVlVQ4Z8BLFm2bUlt25YDVR6X4=,nZfZZLC0zFlyzehLRZUIWpWMxVs=
7174,81378,wWVlVQ4Z8BLFm2bUlt25YDVR6X4=,nZfZZLC0zFlyzehLRZUIWpWMxVs=
7177,81377,wWVlVQ4Z8BLFm2bUlt25YDVR6X4=,XVouWVz7t8+g//Mf0jmNNyIYSjA=
7174,81377,wWVlVQ4Z8BLFm2bUlt25YDVR6X4=,T7EnA4flyb+MuDYv5RFZGO2CJg4=
7177,81376,wWVlVQ4Z8BLFm2bUlt25YDVR6X4=,XVouWVz7t8+g//Mf0jmNNyIYSjA=
7176,81377,wWVlVQ4Z8BLFm2bUlt25YDVR6X4=,XVouWVz7t8+g//Mf0jmNNyIYSjA=
7174,81376,wWVlVQ4Z8BLFm2bUlt25YDVR6X4=,T7EnA4flyb+MuDYv5RFZGO2CJg4=
7175,81377,wWVlVQ4Z8BLFm2bUlt25YDVR6X4=,T7EnA4flyb+MuDYv5RFZGO2CJg4=
7176,81376,wWVlVQ4Z8BLFm2bUlt25YDVR6X4=,XVouWVz7t8+g//Mf0jmNNyIYSjA=
7175,81376,wWVlVQ4Z8BLFm2bUlt25YDVR6X4=,T7EnA4flyb+MuDYv5RFZGO2CJg4=
