7172,81375,+s5y/OmhBF4gNZoxRXTcT6C7pdo=,nZfZZLC0zFlyzehLRZUIWpWMxVs=
7172,81374,+s5y/OmhBF4gNZoxRXTcT6C7pdo=,nZfZZLC0zFlyzehLRZUIWpWMxVs=
7177,81374,+s5y/OmhBF4gNZoxRXTcT6C7pdo=,XVouWVz7t8+g//Mf0jmNNyIYSjA=
7176,81374,+s5y/OmhBF4gNZoxRXTcT6C7pdo=,XVouWVz7t8+g//Mf0jmNNyIYSjA=
7174,81374,+s5y/OmhBF4gNZoxRXTcT6C7pdo=,T7EnA4flyb+MuDYv5RFZGO2CJg4=
7173,81375,+s5y/OmhBF4gNZoxRXTcT6C7pdo=,nZfZZLC0zFlyzehLRZUIWpWMxVs=
7173,81374,+s5y/OmhBF4gNZoxRXTcT6C7pdo=,nZfZZLC0zFlyzehLRZUIWpWMxVs=
7175,81374,+s5y/OmhBF4gNZoxRXTcT6C7pdo=,T7EnA4flyb+MuDYv5RFZGO2CJg4=
7177,81375,+s5y/OmhBF4gNZoxRXTcT6C7pdo=,XVouWVz7t8+g//Mf0jmNNyIYSjA=
7174,81375,+s5y/OmhBF4gNZoxRXTcT6C7pdo=,T7EnA4flyb+MuDYv5RFZGO2CJg4=
7175,81375,+s5y/OmhBF4gNZoxRXTcT6C7pdo=,T7EnA4flyb+MuDYv5RFZGO2CJg4=
7176,81375,+s5y/OmhBF4gNZoxRXTcT6C7pdo=,XVouWVz7t8+g//Mf0jmNNyIYSjA=
