117184,117184,bvcUiCU87E1OTRJ5XnnhYiNbjsQ=,LSsEeTS7vVDMOnTjRUkO0i7y9Xo=
117185,117184,bvcUiCU87E1OTRJ5XnnhYiNbjsQ=,LSsEeTS7vVDMOnTjRUkO0i7y9Xo=
117186,117184,bvcUiCU87E1OTRJ5XnnhYiNbjsQ=,4noXJ/d4E3yGI95BUbQIg/+fsnk=
117184,117186,bvcUiCU87E1OTRJ5XnnhYiNbjsQ=,4noXJ/d4E3yGI95BUbQIg/+fsnk=
117184,117185,bvcUiCU87E1OTRJ5XnnhYiNbjsQ=,LSsEeTS7vVDMOnTjRUkO0i7y9Xo=
117187,117184,bvcUiCU87E1OTRJ5XnnhYiNbjsQ=,4noXJ/d4E3yGI95BUbQIg/+fsnk=
117184,117187,bvcUiCU87E1OTRJ5XnnhYiNbjsQ=,4noXJ/d4E3yGI95BUbQIg/+fsnk=
117185,117185,bvcUiCU87E1OTRJ5XnnhYiNbjsQ=,LSsEeTS7vVDMOnTjRUkO0i7y9Xo=
117185,117186,bvcUiCU87E1OTRJ5XnnhYiNbjsQ=,4noXJ/d4E3yGI95BUbQIg/+fsnk=
117186,117185,bvcUiCU87E1OTRJ5XnnhYiNbjsQ=,4noXJ/d4E3yGI95BUbQIg/+fsnk=
117187,117185,bvcUiCU87E1OTRJ5XnnhYiNbjsQ=,4noXJ/d4E3yGI95BUbQIg/+fsnk=
117185,117187,bvcUiCU87E1OTRJ5XnnhYiNbjsQ=,4noXJ/d4E3yGI95BUbQIg/+fsnk=
117186,117187,bvcUiCU87E1OTRJ5XnnhYiNbjsQ=,GLUflU/NvheN6CLNMihlpvi/Ydw=
117187,117186,bvcUiCU87E1OTRJ5XnnhYiNbjsQ=,GLUflU/NvheN6CLNMihlpvi/Ydw=
117187,117187,bvcUiCU87E1OTRJ5XnnhYiNbjsQ=,GLUflU/NvheN6CLNMihlpvi/Ydw=
117186,117186,bvcUiCU87E1OTRJ5XnnhYiNbjsQ=,GLUflU/NvheN6CLNMihlpvi/Ydw=
