13084,1,3eBWBHQgJn/DRbdGQH9xuwA4T4A=,EWOtdDqvbvGuekeV8J6xS6BrqH4=
13083,1,3eBWBHQgJn/DRbdGQH9xuwA4T4A=,xW9qLxlblFXF+mHbFBYGwtnjv8M=
13083,0,3eBWBHQgJn/DRbdGQH9xuwA4T4A=,xW9qLxlblFXF+mHbFBYGwtnjv8M=
13084,0,3eBWBHQgJn/DRbdGQH9xuwA4T4A=,EWOtdDqvbvGuekeV8J6xS6BrqH4=
13081,1,3eBWBHQgJn/DRbdGQH9xuwA4T4A=,xW9qLxlblFXF+mHbFBYGwtnjv8M=
13082,1,3eBWBHQgJn/DRbdGQH9xuwA4T4A=,xW9qLxlblFXF+mHbFBYGwtnjv8M=
13081,0,3eBWBHQgJn/DRbdGQH9xuwA4T4A=,xW9qLxlblFXF+mHbFBYGwtnjv8M=
13082,0,3eBWBHQgJn/DRbdGQH9xuwA4T4A=,xW9qLxlblFXF+mHbFBYGwtnjv8M=
13086,1,3eBWBHQgJn/DRbdGQH9xuwA4T4A=,G/1hr48DHPMrh3BnRsvkm3BmMVg=
13085,1,3eBWBHQgJn/DRbdGQH9xuwA4T4A=,EWOtdDqvbvGuekeV8J6xS6BrqH4=
13087,1,3eBWBHQgJn/DRbdGQH9xuwA4T4A=,G/1hr48DHPMrh3BnRsvkm3BmMVg=
13072,1,3eBWBHQgJn/DRbdGQH9xuwA4T4A=,681PpallXNqorjonGPZ7ThR/7Po=
13079,1,3eBWBHQgJn/DRbdGQH9xuwA4T4A=,96B9GqBG+BMzOWvzmVjiM6iX1Uw=
13080,1,3eBWBHQgJn/DRbdGQH9xuwA4T4A=,xW9qLxlblFXF+mHbFBYGwtnjv8M=
13072,0,3eBWBHQgJn/DRbdGQH9xuwA4T4A=,681PpallXNqorjonGPZ7ThR/7Po=
13086,0,3eBWBHQgJn/DRbdGQH9xuwA4T4A=,G/1hr48DHPMrh3BnRsvkm3BmMVg=
13085,0,3eBWBHQgJn/DRbdGQH9xuwA4T4A=,EWOtdDqvbvGuekeV8J6xS6BrqH4=
13079,0,3eBWBHQgJn/DRbdGQH9xuwA4T4A=,96B9GqBG+BMzOWvzmVjiM6iX1Uw=
13078,1,3eBWBHQgJn/DRbdGQH9xuwA4T4A=,96B9GqBG+BMzOWvzmVjiM6iX1Uw=
13080,0,3eBWBHQgJn/DRbdGQH9xuwA4T4A=,xW9qLxlblFXF+mHbFBYGwtnjv8M=
13087,0,3eBWBHQgJn/DRbdGQH9xuwA4T4A=,G/1hr48DHPMrh3BnRsvkm3BmMVg=
13078,0,3eBWBHQgJn/DRbdGQH9xuwA4T4A=,96B9GqBG+BMzOWvzmVjiM6iX1Uw=
13077,1,3eBWBHQgJn/DRbdGQH9xuwA4T4A=,b1kRCPSESs67K6ZGdPo4rw5BcWM=
13073,1,3eBWBHQgJn/DRbdGQH9xuwA4T4A=,681PpallXNqorjonGPZ7ThR/7Po=
13075,1,3eBWBHQgJn/DRbdGQH9xuwA4T4A=,5iwVrKp9bsMarZfRIn/85uZuBvM=
13073,0,3eBWBHQgJn/DRbdGQH9xuwA4T4A=,681PpallXNqorjonGPZ7ThR/7Po=
13075,0,3eBWBHQgJn/DRbdGQH9xuwA4T4A=,5iwVrKp9bsMarZfRIn/85uZuBvM=
13074,1,3eBWBHQgJn/DRbdGQH9xuwA4T4A=,5iwVrKp9bsMarZfRIn/85uZuBvM=
13077,0,3eBWBHQgJn/DRbdGQH9xuwA4T4A=,b1kRCPSESs67K6ZGdPo4rw5BcWM=
13076,0,3eBWBHQgJn/DRbdGQH9xuwA4T4A=,b1kRCPSESs67K6ZGdPo4rw5BcWM=
13074,0,3eBWBHQgJn/DRbdGQH9xuwA4T4A=,5iwVrKp9bsMarZfRIn/85uZuBvM=
13076,1,3eBWBHQgJn/DRbdGQH9xuwA4T4A=,b1kRCPSESs67K6ZGdPo4rw5BcWM=
