13076,-1,k6XvIkYVtCIqMsRRjIkrjXjeY24=,lXJYnIfUHaxKXqLQz0kcEaBWjUQ=
13075,-1,k6XvIkYVtCIqMsRRjIkrjXjeY24=,5iwVrKp9bsMarZfRIn/85uZuBvM=
13078,-2,k6XvIkYVtCIqMsRRjIkrjXjeY24=,XiJKM83qRaJly6w91hgkzBvN/W0=
13077,-2,k6XvIkYVtCIqMsRRjIkrjXjeY24=,lXJYnIfUHaxKXqLQz0kcEaBWjUQ=
13078,-1,k6XvIkYVtCIqMsRRjIkrjXjeY24=,XiJKM83qRaJly6w91hgkzBvN/W0=
13077,-1,k6XvIkYVtCIqMsRRjIkrjXjeY24=,lXJYnIfUHaxKXqLQz0kcEaBWjUQ=
13080,-2,k6XvIkYVtCIqMsRRjIkrjXjeY24=,xW9qLxlblFXF+mHbFBYGwtnjv8M=
13079,-2,k6XvIkYVtCIqMsRRjIkrjXjeY24=,XiJKM83qRaJly6w91hgkzBvN/W0=
13079,-1,k6XvIkYVtCIqMsRRjIkrjXjeY24=,XiJKM83qRaJly6w91hgkzBvN/W0=
13080,-1,k6XvIkYVtCIqMsRRjIkrjXjeY24=,xW9qLxlblFXF+mHbFBYGwtnjv8M=
13082,-2,k6XvIkYVtCIqMsRRjIkrjXjeY24=,xW9qLxlblFXF+mHbFBYGwtnjv8M=
13082,-1,k6XvIkYVtCIqMsRRjIkrjXjeY24=,xW9qLxlblFXF+mHbFBYGwtnjv8M=
13081,-2,k6XvIkYVtCIqMsRRjIkrjXjeY24=,xW9qLxlblFXF+mHbFBYGwtnjv8M=
13074,-2,k6XvIkYVtCIqMsRRjIkrjXjeY24=,5iwVrKp9bsMarZfRIn/85uZuBvM=
13076,-2,k6XvIkYVtCIqMsRRjIkrjXjeY24=,lXJYnIfUHaxKXqLQz0kcEaBWjUQ=
13075,-2,k6XvIkYVtCIqMsRRjIkrjXjeY24=,5iwVrKp9bsMarZfRIn/85uZuBvM=
13073,-2,k6XvIkYVtCIqMsRRjIkrjXjeY24=,681PpallXNqorjonGPZ7ThR/7Po=
13072,-2,k6XvIkYVtCIqMsRRjIkrjXjeY24=,681PpallXNqorjonGPZ7ThR/7Po=
13081,-1,k6XvIkYVtCIqMsRRjIkrjXjeY24=,xW9qLxlblFXF+mHbFBYGwtnjv8M=
13072,-1,k6XvIkYVtCIqMsRRjIkrjXjeY24=,681PpallXNqorjonGPZ7ThR/7Po=
13074,-1,k6XvIkYVtCIqMsRRjIkrjXjeY24=,5iwVrKp9bsMarZfRIn/85uZuBvM=
13073,-1,k6XvIkYVtCIqMsRRjIkrjXjeY24=,681PpallXNqorjonGPZ7ThR/7Po=
13083,-2,k6XvIkYVtCIqMsRRjIkrjXjeY24=,xW9qLxlblFXF+mHbFBYGwtnjv8M=
13084,-2,k6XvIkYVtCIqMsRRjIkrjXjeY24=,+AvSBMIQ8JVFHOP1nN6uIxmQzmU=
13083,-1,k6XvIkYVtCIqMsRRjIkrjXjeY24=,xW9qLxlblFXF+mHbFBYGwtnjv8M=
13084,-1,bvcUiCU87E1OTRJ5XnnhYiNbjsQ=,+AvSBMIQ8JVFHOP1nN6uIxmQzmU=
13085,-2,bvcUiCU87E1OTRJ5XnnhYiNbjsQ=,+AvSBMIQ8JVFHOP1nN6uIxmQzmU=
13085,-1,bvcUiCU87E1OTRJ5XnnhYiNbjsQ=,+AvSBMIQ8JVFHOP1nN6uIxmQzmU=
13087,-2,bvcUiCU87E1OTRJ5XnnhYiNbjsQ=,K8cV6TIib1SD79SvdF0sawmPsRQ=
13086,-2,bvcUiCU87E1OTRJ5XnnhYiNbjsQ=,K8cV6TIib1SD79SvdF0sawmPsRQ=
13087,-1,bvcUiCU87E1OTRJ5XnnhYiNbjsQ=,K8cV6TIib1SD79SvdF0sawmPsRQ=
13086,-1,bvcUiCU87E1OTRJ5XnnhYiNbjsQ=,K8cV6TIib1SD79SvdF0sawmPsRQ=
