13086,6842,dPuOEpS+A5ejoc2lgirrEW0BjU8=,6r9QNK8JY92hv7hIn5LL2DJcZZ0=
13085,6842,dPuOEpS+A5ejoc2lgirrEW0BjU8=,KpvilwDmu8EG4uekx1vhN3NpgKk=
13086,6841,dPuOEpS+A5ejoc2lgirrEW0BjU8=,wOP3ANgCSJqgDTiI4y+Wzkpz0e4=
13085,6841,dPuOEpS+A5ejoc2lgirrEW0BjU8=,BXK2XoZg+lZnlWsaADi9twiCgck=
13085,6840,5c1XXyi3hCg2oFPBSS/hOmoBHIM=,BXK2XoZg+lZnlWsaADi9twiCgck=
13086,6840,5c1XXyi3hCg2oFPBSS/hOmoBHIM=,wOP3ANgCSJqgDTiI4y+Wzkpz0e4=
13086,6839,5c1XXyi3hCg2oFPBSS/hOmoBHIM=,n/zpru+0V1T7M6wI7WYs3OM/N+E=
13085,6839,5c1XXyi3hCg2oFPBSS/hOmoBHIM=,gX4lFv0pTBMe4jWCtFTSnSkF3Eo=
13086,6837,5c1XXyi3hCg2oFPBSS/hOmoBHIM=,e9yBnbp4GzWz/z+dnOamXoGprGM=
13085,6837,5c1XXyi3hCg2oFPBSS/hOmoBHIM=,v3RUD3pbnUdk+nnHnsfLBPQy/iE=
13086,6838,5c1XXyi3hCg2oFPBSS/hOmoBHIM=,n/zpru+0V1T7M6wI7WYs3OM/N+E=
13085,6838,5c1XXyi3hCg2oFPBSS/hOmoBHIM=,gX4lFv0pTBMe4jWCtFTSnSkF3Eo=
13086,6836,5c1XXyi3hCg2oFPBSS/hOmoBHIM=,e9yBnbp4GzWz/z+dnOamXoGprGM=
13086,6835,5c1XXyi3hCg2oFPBSS/hOmoBHIM=,a5OPxG6tEnu1wjcHg/ZFDvJtwo8=
13085,6835,5c1XXyi3hCg2oFPBSS/hOmoBHIM=,a5OPxG6tEnu1wjcHg/ZFDvJtwo8=
13085,6836,5c1XXyi3hCg2oFPBSS/hOmoBHIM=,v3RUD3pbnUdk+nnHnsfLBPQy/iE=
13085,6834,5c1XXyi3hCg2oFPBSS/hOmoBHIM=,a5OPxG6tEnu1wjcHg/ZFDvJtwo8=
13086,6834,5c1XXyi3hCg2oFPBSS/hOmoBHIM=,a5OPxG6tEnu1wjcHg/ZFDvJtwo8=
13085,6833,5c1XXyi3hCg2oFPBSS/hOmoBHIM=,c+jX2i7/3KruVl/amtOxFkvHp2U=
13086,6833,5c1XXyi3hCg2oFPBSS/hOmoBHIM=,REhQZYV2mb4ED0bxk6ooqeepNzs=
13084,6834,+/5lilU/XeKAahO0WrUbJxJ7GU0=,a5OPxG6tEnu1wjcHg/ZFDvJtwo8=
13083,6833,+/5lilU/XeKAahO0WrUbJxJ7GU0=,Ridpt7gqy6jig386LAJBaHelgaM=
13083,6834,+/5lilU/XeKAahO0WrUbJxJ7GU0=,pEyUXjcxzquUqZrgd1kdo7vRMgE=
13084,6833,+/5lilU/XeKAahO0WrUbJxJ7GU0=,c+jX2i7/3KruVl/amtOxFkvHp2U=
13081,6834,+/5lilU/XeKAahO0WrUbJxJ7GU0=,pEyUXjcxzquUqZrgd1kdo7vRMgE=
13082,6834,+/5lilU/XeKAahO0WrUbJxJ7GU0=,pEyUXjcxzquUqZrgd1kdo7vRMgE=
13082,6833,+/5lilU/XeKAahO0WrUbJxJ7GU0=,Ridpt7gqy6jig386LAJBaHelgaM=
13081,6833,+/5lilU/XeKAahO0WrUbJxJ7GU0=,rfPZtcpMf0LJnk+3LnMHEZ/a1mo=
13080,6834,+vpKYG0hHUF6Httd9X1F8Y2OAdg=,pEyUXjcxzquUqZrgd1kdo7vRMgE=
13080,6833,+vpKYG0hHUF6Httd9X1F8Y2OAdg=,rfPZtcpMf0LJnk+3LnMHEZ/a1mo=
13079,6833,+vpKYG0hHUF6Httd9X1F8Y2OAdg=,rfPZtcpMf0LJnk+3LnMHEZ/a1mo=
13079,6834,+vpKYG0hHUF6Httd9X1F8Y2OAdg=,LkRdcB0WVpVcEdI5eVErhn1zN6A=
13080,6836,+vpKYG0hHUF6Httd9X1F8Y2OAdg=,egIwcCqjdHQiOiH13w3mL8bD8j4=
13079,6835,+vpKYG0hHUF6Httd9X1F8Y2OAdg=,LkRdcB0WVpVcEdI5eVErhn1zN6A=
13079,6836,+vpKYG0hHUF6Httd9X1F8Y2OAdg=,dqabv+v2TQDgsiPvN8Jogn5vjus=
13080,6835,+vpKYG0hHUF6Httd9X1F8Y2OAdg=,pEyUXjcxzquUqZrgd1kdo7vRMgE=
13078,6833,lBxHQBP8MMqJXEVUAXf6iIX+znw=,rfPZtcpMf0LJnk+3LnMHEZ/a1mo=
13077,6833,lBxHQBP8MMqJXEVUAXf6iIX+znw=,kJQt/8IZmjbBh89zYcGWtvJ8poo=
13077,6834,lBxHQBP8MMqJXEVUAXf6iIX+znw=,fJXFtKB1+tml9kEFXbHAoiJU40c=
13077,6836,lBxHQBP8MMqJXEVUAXf6iIX+znw=,dqabv+v2TQDgsiPvN8Jogn5vjus=
13078,6834,lBxHQBP8MMqJXEVUAXf6iIX+znw=,LkRdcB0WVpVcEdI5eVErhn1zN6A=
13077,6835,lBxHQBP8MMqJXEVUAXf6iIX+znw=,fJXFtKB1+tml9kEFXbHAoiJU40c=
13078,6835,lBxHQBP8MMqJXEVUAXf6iIX+znw=,LkRdcB0WVpVcEdI5eVErhn1zN6A=
13078,6836,lBxHQBP8MMqJXEVUAXf6iIX+znw=,dqabv+v2TQDgsiPvN8Jogn5vjus=
13078,6838,lBxHQBP8MMqJXEVUAXf6iIX+znw=,KsmozBIM5efWXKNbdOfcbF0EpZs=
13078,6837,lBxHQBP8MMqJXEVUAXf6iIX+znw=,dqabv+v2TQDgsiPvN8Jogn5vjus=
13077,6837,lBxHQBP8MMqJXEVUAXf6iIX+znw=,dqabv+v2TQDgsiPvN8Jogn5vjus=
13077,6838,lBxHQBP8MMqJXEVUAXf6iIX+znw=,Yr51T/2ygobcUEs+xCt6wPg4tIw=
13078,6840,lBxHQBP8MMqJXEVUAXf6iIX+znw=,CLXwX4WKFeVvXmq9c0dMa43rTI0=
13078,6839,lBxHQBP8MMqJXEVUAXf6iIX+znw=,KsmozBIM5efWXKNbdOfcbF0EpZs=
13077,6839,lBxHQBP8MMqJXEVUAXf6iIX+znw=,Yr51T/2ygobcUEs+xCt6wPg4tIw=
13077,6840,lBxHQBP8MMqJXEVUAXf6iIX+znw=,96B9GqBG+BMzOWvzmVjiM6iX1Uw=
13079,6840,kKfsIb1ReeFJ1mah/Zt8yekRmZY=,CLXwX4WKFeVvXmq9c0dMa43rTI0=
13080,6840,kKfsIb1ReeFJ1mah/Zt8yekRmZY=,0BP19TrEsS97crboAuuix0FbHTQ=
13079,6839,kKfsIb1ReeFJ1mah/Zt8yekRmZY=,KsmozBIM5efWXKNbdOfcbF0EpZs=
13079,6837,kKfsIb1ReeFJ1mah/Zt8yekRmZY=,dqabv+v2TQDgsiPvN8Jogn5vjus=
13080,6838,kKfsIb1ReeFJ1mah/Zt8yekRmZY=,Yr51T/2ygobcUEs+xCt6wPg4tIw=
13080,6839,kKfsIb1ReeFJ1mah/Zt8yekRmZY=,Yr51T/2ygobcUEs+xCt6wPg4tIw=
13080,6837,kKfsIb1ReeFJ1mah/Zt8yekRmZY=,egIwcCqjdHQiOiH13w3mL8bD8j4=
13079,6838,kKfsIb1ReeFJ1mah/Zt8yekRmZY=,KsmozBIM5efWXKNbdOfcbF0EpZs=
13077,6842,kKfsIb1ReeFJ1mah/Zt8yekRmZY=,ZtJ9GSJa9HuiFsZHPpuPY6aAJTA=
13078,6841,kKfsIb1ReeFJ1mah/Zt8yekRmZY=,CLXwX4WKFeVvXmq9c0dMa43rTI0=
13078,6842,kKfsIb1ReeFJ1mah/Zt8yekRmZY=,JYpg2euqrNM5MVno9arZm8PUJhE=
13077,6841,kKfsIb1ReeFJ1mah/Zt8yekRmZY=,96B9GqBG+BMzOWvzmVjiM6iX1Uw=
13081,6840,kKfsIb1ReeFJ1mah/Zt8yekRmZY=,0BP19TrEsS97crboAuuix0FbHTQ=
13083,6840,kKfsIb1ReeFJ1mah/Zt8yekRmZY=,3p7RL0HIdrsEvBHp7GiLUXJgJxA=
13082,6840,kKfsIb1ReeFJ1mah/Zt8yekRmZY=,3p7RL0HIdrsEvBHp7GiLUXJgJxA=
13084,6840,kKfsIb1ReeFJ1mah/Zt8yekRmZY=,BXK2XoZg+lZnlWsaADi9twiCgck=
13082,6839,kKfsIb1ReeFJ1mah/Zt8yekRmZY=,nn1bWCq9XWe+3iEdd6XVCL4eRKg=
13083,6839,kKfsIb1ReeFJ1mah/Zt8yekRmZY=,nn1bWCq9XWe+3iEdd6XVCL4eRKg=
13081,6839,kKfsIb1ReeFJ1mah/Zt8yekRmZY=,Yr51T/2ygobcUEs+xCt6wPg4tIw=
13084,6839,kKfsIb1ReeFJ1mah/Zt8yekRmZY=,gX4lFv0pTBMe4jWCtFTSnSkF3Eo=
13084,6838,kKfsIb1ReeFJ1mah/Zt8yekRmZY=,gX4lFv0pTBMe4jWCtFTSnSkF3Eo=
13081,6835,kKfsIb1ReeFJ1mah/Zt8yekRmZY=,pEyUXjcxzquUqZrgd1kdo7vRMgE=
13081,6838,kKfsIb1ReeFJ1mah/Zt8yekRmZY=,Yr51T/2ygobcUEs+xCt6wPg4tIw=
13081,6836,kKfsIb1ReeFJ1mah/Zt8yekRmZY=,egIwcCqjdHQiOiH13w3mL8bD8j4=
13082,6836,kKfsIb1ReeFJ1mah/Zt8yekRmZY=,egIwcCqjdHQiOiH13w3mL8bD8j4=
13083,6835,kKfsIb1ReeFJ1mah/Zt8yekRmZY=,pEyUXjcxzquUqZrgd1kdo7vRMgE=
13083,6836,kKfsIb1ReeFJ1mah/Zt8yekRmZY=,egIwcCqjdHQiOiH13w3mL8bD8j4=
13081,6837,kKfsIb1ReeFJ1mah/Zt8yekRmZY=,egIwcCqjdHQiOiH13w3mL8bD8j4=
13082,6835,kKfsIb1ReeFJ1mah/Zt8yekRmZY=,pEyUXjcxzquUqZrgd1kdo7vRMgE=
13084,6835,kKfsIb1ReeFJ1mah/Zt8yekRmZY=,a5OPxG6tEnu1wjcHg/ZFDvJtwo8=
13084,6837,kKfsIb1ReeFJ1mah/Zt8yekRmZY=,v3RUD3pbnUdk+nnHnsfLBPQy/iE=
13083,6837,kKfsIb1ReeFJ1mah/Zt8yekRmZY=,egIwcCqjdHQiOiH13w3mL8bD8j4=
13082,6838,kKfsIb1ReeFJ1mah/Zt8yekRmZY=,nn1bWCq9XWe+3iEdd6XVCL4eRKg=
13084,6836,kKfsIb1ReeFJ1mah/Zt8yekRmZY=,v3RUD3pbnUdk+nnHnsfLBPQy/iE=
13082,6837,kKfsIb1ReeFJ1mah/Zt8yekRmZY=,egIwcCqjdHQiOiH13w3mL8bD8j4=
13083,6838,kKfsIb1ReeFJ1mah/Zt8yekRmZY=,nn1bWCq9XWe+3iEdd6XVCL4eRKg=
13078,6844,kKfsIb1ReeFJ1mah/Zt8yekRmZY=,JYpg2euqrNM5MVno9arZm8PUJhE=
13078,6843,kKfsIb1ReeFJ1mah/Zt8yekRmZY=,JYpg2euqrNM5MVno9arZm8PUJhE=
13077,6843,kKfsIb1ReeFJ1mah/Zt8yekRmZY=,ZtJ9GSJa9HuiFsZHPpuPY6aAJTA=
13077,6844,kKfsIb1ReeFJ1mah/Zt8yekRmZY=,ZtJ9GSJa9HuiFsZHPpuPY6aAJTA=
13075,6844,Frv7C3UO7FaX/35UoBh4yz3w/Mo=,8CKFExB2DSxoyUsfiGP35hxbWDc=
13076,6843,Frv7C3UO7FaX/35UoBh4yz3w/Mo=,ZtJ9GSJa9HuiFsZHPpuPY6aAJTA=
13076,6844,Frv7C3UO7FaX/35UoBh4yz3w/Mo=,ZtJ9GSJa9HuiFsZHPpuPY6aAJTA=
13075,6843,Frv7C3UO7FaX/35UoBh4yz3w/Mo=,8CKFExB2DSxoyUsfiGP35hxbWDc=
13076,6841,Frv7C3UO7FaX/35UoBh4yz3w/Mo=,96B9GqBG+BMzOWvzmVjiM6iX1Uw=
13076,6842,Frv7C3UO7FaX/35UoBh4yz3w/Mo=,ZtJ9GSJa9HuiFsZHPpuPY6aAJTA=
13075,6841,Frv7C3UO7FaX/35UoBh4yz3w/Mo=,3QQux4lmsIJhsnGOB9/+Zp42L+M=
13075,6842,Frv7C3UO7FaX/35UoBh4yz3w/Mo=,8CKFExB2DSxoyUsfiGP35hxbWDc=
13076,6840,Frv7C3UO7FaX/35UoBh4yz3w/Mo=,96B9GqBG+BMzOWvzmVjiM6iX1Uw=
13076,6839,Frv7C3UO7FaX/35UoBh4yz3w/Mo=,Yr51T/2ygobcUEs+xCt6wPg4tIw=
13075,6840,Frv7C3UO7FaX/35UoBh4yz3w/Mo=,3QQux4lmsIJhsnGOB9/+Zp42L+M=
13075,6839,Frv7C3UO7FaX/35UoBh4yz3w/Mo=,PlPEBaqwL8e/ndFfJhy4UpzBTEA=
13076,6837,FzXK28l7SOzVckIXWURBBqCPC/I=,dqabv+v2TQDgsiPvN8Jogn5vjus=
13075,6837,FzXK28l7SOzVckIXWURBBqCPC/I=,RaghZCGA6MO4lXHzxBMdcrcIM2g=
13075,6838,FzXK28l7SOzVckIXWURBBqCPC/I=,PlPEBaqwL8e/ndFfJhy4UpzBTEA=
13076,6838,FzXK28l7SOzVckIXWURBBqCPC/I=,Yr51T/2ygobcUEs+xCt6wPg4tIw=
13075,6836,FzXK28l7SOzVckIXWURBBqCPC/I=,RaghZCGA6MO4lXHzxBMdcrcIM2g=
13076,6835,FzXK28l7SOzVckIXWURBBqCPC/I=,fJXFtKB1+tml9kEFXbHAoiJU40c=
13075,6835,FzXK28l7SOzVckIXWURBBqCPC/I=,RaghZCGA6MO4lXHzxBMdcrcIM2g=
13076,6836,FzXK28l7SOzVckIXWURBBqCPC/I=,dqabv+v2TQDgsiPvN8Jogn5vjus=
13075,6833,FzXK28l7SOzVckIXWURBBqCPC/I=,oD5qr7eDXATLdV8jp/gFGP2QSi0=
13076,6834,FzXK28l7SOzVckIXWURBBqCPC/I=,fJXFtKB1+tml9kEFXbHAoiJU40c=
13076,6833,FzXK28l7SOzVckIXWURBBqCPC/I=,kJQt/8IZmjbBh89zYcGWtvJ8poo=
13075,6834,FzXK28l7SOzVckIXWURBBqCPC/I=,RaghZCGA6MO4lXHzxBMdcrcIM2g=
13074,6836,V6V7CaVm9INKBPYyZ6nti2NVZhE=,RaghZCGA6MO4lXHzxBMdcrcIM2g=
13073,6835,V6V7CaVm9INKBPYyZ6nti2NVZhE=,8bDwZfdtu9R1EEMZxsKBxLgX2EQ=
13074,6835,V6V7CaVm9INKBPYyZ6nti2NVZhE=,RaghZCGA6MO4lXHzxBMdcrcIM2g=
13073,6836,V6V7CaVm9INKBPYyZ6nti2NVZhE=,8bDwZfdtu9R1EEMZxsKBxLgX2EQ=
13074,6834,V6V7CaVm9INKBPYyZ6nti2NVZhE=,RaghZCGA6MO4lXHzxBMdcrcIM2g=
13074,6833,V6V7CaVm9INKBPYyZ6nti2NVZhE=,oD5qr7eDXATLdV8jp/gFGP2QSi0=
13073,6833,V6V7CaVm9INKBPYyZ6nti2NVZhE=,8CKFExB2DSxoyUsfiGP35hxbWDc=
13073,6834,V6V7CaVm9INKBPYyZ6nti2NVZhE=,8bDwZfdtu9R1EEMZxsKBxLgX2EQ=
13074,6838,V6V7CaVm9INKBPYyZ6nti2NVZhE=,PlPEBaqwL8e/ndFfJhy4UpzBTEA=
13074,6837,V6V7CaVm9INKBPYyZ6nti2NVZhE=,RaghZCGA6MO4lXHzxBMdcrcIM2g=
13073,6837,V6V7CaVm9INKBPYyZ6nti2NVZhE=,8bDwZfdtu9R1EEMZxsKBxLgX2EQ=
13073,6838,V6V7CaVm9INKBPYyZ6nti2NVZhE=,PlPEBaqwL8e/ndFfJhy4UpzBTEA=
13073,6839,V6V7CaVm9INKBPYyZ6nti2NVZhE=,PlPEBaqwL8e/ndFfJhy4UpzBTEA=
13074,6839,V6V7CaVm9INKBPYyZ6nti2NVZhE=,PlPEBaqwL8e/ndFfJhy4UpzBTEA=
13074,6840,V6V7CaVm9INKBPYyZ6nti2NVZhE=,3QQux4lmsIJhsnGOB9/+Zp42L+M=
13073,6840,V6V7CaVm9INKBPYyZ6nti2NVZhE=,ogjk/TwHKUcq3De7dRLCeQ820gc=
13073,6844,V6V7CaVm9INKBPYyZ6nti2NVZhE=,8CKFExB2DSxoyUsfiGP35hxbWDc=
13072,6842,V6V7CaVm9INKBPYyZ6nti2NVZhE=,8CKFExB2DSxoyUsfiGP35hxbWDc=
13072,6841,V6V7CaVm9INKBPYyZ6nti2NVZhE=,ogjk/TwHKUcq3De7dRLCeQ820gc=
13074,6844,V6V7CaVm9INKBPYyZ6nti2NVZhE=,8CKFExB2DSxoyUsfiGP35hxbWDc=
13072,6846,V6V7CaVm9INKBPYyZ6nti2NVZhE=,8CKFExB2DSxoyUsfiGP35hxbWDc=
13072,6844,V6V7CaVm9INKBPYyZ6nti2NVZhE=,8CKFExB2DSxoyUsfiGP35hxbWDc=
13072,6843,V6V7CaVm9INKBPYyZ6nti2NVZhE=,8CKFExB2DSxoyUsfiGP35hxbWDc=
13072,6845,V6V7CaVm9INKBPYyZ6nti2NVZhE=,8CKFExB2DSxoyUsfiGP35hxbWDc=
13073,6841,V6V7CaVm9INKBPYyZ6nti2NVZhE=,ogjk/TwHKUcq3De7dRLCeQ820gc=
13074,6842,V6V7CaVm9INKBPYyZ6nti2NVZhE=,8CKFExB2DSxoyUsfiGP35hxbWDc=
13073,6843,V6V7CaVm9INKBPYyZ6nti2NVZhE=,8CKFExB2DSxoyUsfiGP35hxbWDc=
13073,6842,V6V7CaVm9INKBPYyZ6nti2NVZhE=,8CKFExB2DSxoyUsfiGP35hxbWDc=
13072,6847,V6V7CaVm9INKBPYyZ6nti2NVZhE=,8CKFExB2DSxoyUsfiGP35hxbWDc=
13074,6841,V6V7CaVm9INKBPYyZ6nti2NVZhE=,3QQux4lmsIJhsnGOB9/+Zp42L+M=
13074,6843,V6V7CaVm9INKBPYyZ6nti2NVZhE=,8CKFExB2DSxoyUsfiGP35hxbWDc=
13073,6846,W3EFMKEWdA7XB90C0crxagLGKBA=,8CKFExB2DSxoyUsfiGP35hxbWDc=
13073,6845,W3EFMKEWdA7XB90C0crxagLGKBA=,8CKFExB2DSxoyUsfiGP35hxbWDc=
13073,6847,W3EFMKEWdA7XB90C0crxagLGKBA=,8CKFExB2DSxoyUsfiGP35hxbWDc=
13083,6841,W3EFMKEWdA7XB90C0crxagLGKBA=,3p7RL0HIdrsEvBHp7GiLUXJgJxA=
13082,6841,W3EFMKEWdA7XB90C0crxagLGKBA=,3p7RL0HIdrsEvBHp7GiLUXJgJxA=
13081,6841,W3EFMKEWdA7XB90C0crxagLGKBA=,0BP19TrEsS97crboAuuix0FbHTQ=
13080,6841,W3EFMKEWdA7XB90C0crxagLGKBA=,0BP19TrEsS97crboAuuix0FbHTQ=
13079,6844,W3EFMKEWdA7XB90C0crxagLGKBA=,JYpg2euqrNM5MVno9arZm8PUJhE=
13079,6841,W3EFMKEWdA7XB90C0crxagLGKBA=,CLXwX4WKFeVvXmq9c0dMa43rTI0=
13084,6842,W3EFMKEWdA7XB90C0crxagLGKBA=,KpvilwDmu8EG4uekx1vhN3NpgKk=
13079,6843,W3EFMKEWdA7XB90C0crxagLGKBA=,JYpg2euqrNM5MVno9arZm8PUJhE=
13079,6842,W3EFMKEWdA7XB90C0crxagLGKBA=,JYpg2euqrNM5MVno9arZm8PUJhE=
13084,6841,W3EFMKEWdA7XB90C0crxagLGKBA=,BXK2XoZg+lZnlWsaADi9twiCgck=
13087,6841,W3EFMKEWdA7XB90C0crxagLGKBA=,wOP3ANgCSJqgDTiI4y+Wzkpz0e4=
13074,6846,W3EFMKEWdA7XB90C0crxagLGKBA=,8CKFExB2DSxoyUsfiGP35hxbWDc=
13087,6842,W3EFMKEWdA7XB90C0crxagLGKBA=,6r9QNK8JY92hv7hIn5LL2DJcZZ0=
13074,6845,W3EFMKEWdA7XB90C0crxagLGKBA=,8CKFExB2DSxoyUsfiGP35hxbWDc=
13074,6847,W3EFMKEWdA7XB90C0crxagLGKBA=,8CKFExB2DSxoyUsfiGP35hxbWDc=
13087,6840,W3EFMKEWdA7XB90C0crxagLGKBA=,wOP3ANgCSJqgDTiI4y+Wzkpz0e4=
13087,6839,W3EFMKEWdA7XB90C0crxagLGKBA=,n/zpru+0V1T7M6wI7WYs3OM/N+E=
13079,6832,W3EFMKEWdA7XB90C0crxagLGKBA=,rfPZtcpMf0LJnk+3LnMHEZ/a1mo=
13080,6832,W3EFMKEWdA7XB90C0crxagLGKBA=,rfPZtcpMf0LJnk+3LnMHEZ/a1mo=
13087,6845,W3EFMKEWdA7XB90C0crxagLGKBA=,iGltC6BQkzXQ5Egzaw8W6B0p+e8=
13086,6844,W3EFMKEWdA7XB90C0crxagLGKBA=,iGltC6BQkzXQ5Egzaw8W6B0p+e8=
13085,6845,W3EFMKEWdA7XB90C0crxagLGKBA=,G/1hr48DHPMrh3BnRsvkm3BmMVg=
13078,6832,W3EFMKEWdA7XB90C0crxagLGKBA=,rfPZtcpMf0LJnk+3LnMHEZ/a1mo=
13085,6844,W3EFMKEWdA7XB90C0crxagLGKBA=,G/1hr48DHPMrh3BnRsvkm3BmMVg=
13085,6843,W3EFMKEWdA7XB90C0crxagLGKBA=,KpvilwDmu8EG4uekx1vhN3NpgKk=
13087,6844,W3EFMKEWdA7XB90C0crxagLGKBA=,iGltC6BQkzXQ5Egzaw8W6B0p+e8=
13086,6845,W3EFMKEWdA7XB90C0crxagLGKBA=,iGltC6BQkzXQ5Egzaw8W6B0p+e8=
13077,6832,W3EFMKEWdA7XB90C0crxagLGKBA=,kJQt/8IZmjbBh89zYcGWtvJ8poo=
13081,6832,W3EFMKEWdA7XB90C0crxagLGKBA=,rfPZtcpMf0LJnk+3LnMHEZ/a1mo=
13086,6843,W3EFMKEWdA7XB90C0crxagLGKBA=,6r9QNK8JY92hv7hIn5LL2DJcZZ0=
13082,6832,W3EFMKEWdA7XB90C0crxagLGKBA=,Ridpt7gqy6jig386LAJBaHelgaM=
13087,6843,W3EFMKEWdA7XB90C0crxagLGKBA=,6r9QNK8JY92hv7hIn5LL2DJcZZ0=
13083,6832,W3EFMKEWdA7XB90C0crxagLGKBA=,Ridpt7gqy6jig386LAJBaHelgaM=
13086,6832,W3EFMKEWdA7XB90C0crxagLGKBA=,REhQZYV2mb4ED0bxk6ooqeepNzs=
13084,6843,W3EFMKEWdA7XB90C0crxagLGKBA=,KpvilwDmu8EG4uekx1vhN3NpgKk=
13084,6844,W3EFMKEWdA7XB90C0crxagLGKBA=,G/1hr48DHPMrh3BnRsvkm3BmMVg=
13084,6845,W3EFMKEWdA7XB90C0crxagLGKBA=,G/1hr48DHPMrh3BnRsvkm3BmMVg=
13084,6832,W3EFMKEWdA7XB90C0crxagLGKBA=,c+jX2i7/3KruVl/amtOxFkvHp2U=
13085,6832,W3EFMKEWdA7XB90C0crxagLGKBA=,c+jX2i7/3KruVl/amtOxFkvHp2U=
13087,6834,W3EFMKEWdA7XB90C0crxagLGKBA=,a5OPxG6tEnu1wjcHg/ZFDvJtwo8=
13087,6833,W3EFMKEWdA7XB90C0crxagLGKBA=,REhQZYV2mb4ED0bxk6ooqeepNzs=
13087,6838,W3EFMKEWdA7XB90C0crxagLGKBA=,n/zpru+0V1T7M6wI7WYs3OM/N+E=
13087,6835,W3EFMKEWdA7XB90C0crxagLGKBA=,a5OPxG6tEnu1wjcHg/ZFDvJtwo8=
13072,6832,W3EFMKEWdA7XB90C0crxagLGKBA=,8CKFExB2DSxoyUsfiGP35hxbWDc=
13087,6836,W3EFMKEWdA7XB90C0crxagLGKBA=,e9yBnbp4GzWz/z+dnOamXoGprGM=
13087,6837,W3EFMKEWdA7XB90C0crxagLGKBA=,e9yBnbp4GzWz/z+dnOamXoGprGM=
13079,6845,W3EFMKEWdA7XB90C0crxagLGKBA=,JYpg2euqrNM5MVno9arZm8PUJhE=
13072,6840,W3EFMKEWdA7XB90C0crxagLGKBA=,ogjk/TwHKUcq3De7dRLCeQ820gc=
13072,6839,W3EFMKEWdA7XB90C0crxagLGKBA=,PlPEBaqwL8e/ndFfJhy4UpzBTEA=
13087,6832,W3EFMKEWdA7XB90C0crxagLGKBA=,REhQZYV2mb4ED0bxk6ooqeepNzs=
13075,6845,W3EFMKEWdA7XB90C0crxagLGKBA=,8CKFExB2DSxoyUsfiGP35hxbWDc=
13075,6847,W3EFMKEWdA7XB90C0crxagLGKBA=,8CKFExB2DSxoyUsfiGP35hxbWDc=
13075,6846,W3EFMKEWdA7XB90C0crxagLGKBA=,8CKFExB2DSxoyUsfiGP35hxbWDc=
13078,6845,W3EFMKEWdA7XB90C0crxagLGKBA=,JYpg2euqrNM5MVno9arZm8PUJhE=
13073,6832,W3EFMKEWdA7XB90C0crxagLGKBA=,8CKFExB2DSxoyUsfiGP35hxbWDc=
13074,6832,W3EFMKEWdA7XB90C0crxagLGKBA=,oD5qr7eDXATLdV8jp/gFGP2QSi0=
13076,6832,W3EFMKEWdA7XB90C0crxagLGKBA=,kJQt/8IZmjbBh89zYcGWtvJ8poo=
13075,6832,W3EFMKEWdA7XB90C0crxagLGKBA=,oD5qr7eDXATLdV8jp/gFGP2QSi0=
13076,6846,W3EFMKEWdA7XB90C0crxagLGKBA=,zWGjnZXjVeHSjDrShxG/abYFmfU=
13077,6847,W3EFMKEWdA7XB90C0crxagLGKBA=,zWGjnZXjVeHSjDrShxG/abYFmfU=
13077,6845,W3EFMKEWdA7XB90C0crxagLGKBA=,ZtJ9GSJa9HuiFsZHPpuPY6aAJTA=
13076,6845,W3EFMKEWdA7XB90C0crxagLGKBA=,ZtJ9GSJa9HuiFsZHPpuPY6aAJTA=
13072,6833,W3EFMKEWdA7XB90C0crxagLGKBA=,8CKFExB2DSxoyUsfiGP35hxbWDc=
13072,6838,W3EFMKEWdA7XB90C0crxagLGKBA=,PlPEBaqwL8e/ndFfJhy4UpzBTEA=
13077,6846,W3EFMKEWdA7XB90C0crxagLGKBA=,zWGjnZXjVeHSjDrShxG/abYFmfU=
13076,6847,W3EFMKEWdA7XB90C0crxagLGKBA=,zWGjnZXjVeHSjDrShxG/abYFmfU=
13072,6835,W3EFMKEWdA7XB90C0crxagLGKBA=,8bDwZfdtu9R1EEMZxsKBxLgX2EQ=
13072,6837,W3EFMKEWdA7XB90C0crxagLGKBA=,8bDwZfdtu9R1EEMZxsKBxLgX2EQ=
13072,6836,W3EFMKEWdA7XB90C0crxagLGKBA=,8bDwZfdtu9R1EEMZxsKBxLgX2EQ=
13072,6834,W3EFMKEWdA7XB90C0crxagLGKBA=,8bDwZfdtu9R1EEMZxsKBxLgX2EQ=
13081,6818,NP9JzEGtRFH7nRoUmNiPTxxVlFo=,HP3erhAqW6hwbm7SnlQ1L6RZ7So=
13082,6818,NP9JzEGtRFH7nRoUmNiPTxxVlFo=,nZfZZLC0zFlyzehLRZUIWpWMxVs=
13083,6818,NP9JzEGtRFH7nRoUmNiPTxxVlFo=,nZfZZLC0zFlyzehLRZUIWpWMxVs=
13083,6817,NP9JzEGtRFH7nRoUmNiPTxxVlFo=,0KO2xNIUIWEnD7NyoNDC0kaQnp8=
13084,6817,NP9JzEGtRFH7nRoUmNiPTxxVlFo=,HP3erhAqW6hwbm7SnlQ1L6RZ7So=
13084,6818,NP9JzEGtRFH7nRoUmNiPTxxVlFo=,MpWUVgi+jMhmaZkxWXOjKCtpU4Q=
13082,6817,NP9JzEGtRFH7nRoUmNiPTxxVlFo=,0KO2xNIUIWEnD7NyoNDC0kaQnp8=
13081,6817,NP9JzEGtRFH7nRoUmNiPTxxVlFo=,ZDOrPqTRQkz6ee0SynTz5GMBDjY=
13082,6820,NP9JzEGtRFH7nRoUmNiPTxxVlFo=,UHBsoUNDJ15tWJrAIJzv3x6CnYM=
13082,6819,NP9JzEGtRFH7nRoUmNiPTxxVlFo=,nZfZZLC0zFlyzehLRZUIWpWMxVs=
13081,6819,NP9JzEGtRFH7nRoUmNiPTxxVlFo=,HP3erhAqW6hwbm7SnlQ1L6RZ7So=
13081,6820,NP9JzEGtRFH7nRoUmNiPTxxVlFo=,YFK9tC1eLFzyYu5qCrknfQfi/kI=
13083,6820,NP9JzEGtRFH7nRoUmNiPTxxVlFo=,UHBsoUNDJ15tWJrAIJzv3x6CnYM=
13083,6819,NP9JzEGtRFH7nRoUmNiPTxxVlFo=,nZfZZLC0zFlyzehLRZUIWpWMxVs=
13084,6820,NP9JzEGtRFH7nRoUmNiPTxxVlFo=,awu8kM9sMp1ihSmVsYeKpM9TlAE=
13084,6819,NP9JzEGtRFH7nRoUmNiPTxxVlFo=,MpWUVgi+jMhmaZkxWXOjKCtpU4Q=
13080,6820,M0vKoFWtZPdco/zJztQ6VLa4ntU=,YFK9tC1eLFzyYu5qCrknfQfi/kI=
13080,6819,M0vKoFWtZPdco/zJztQ6VLa4ntU=,HP3erhAqW6hwbm7SnlQ1L6RZ7So=
13079,6819,M0vKoFWtZPdco/zJztQ6VLa4ntU=,RGhSrajWUSJV9knc/Z7hcX88DIE=
13079,6820,M0vKoFWtZPdco/zJztQ6VLa4ntU=,1jF1ktASlv/dpvbXWXLROXXNRUs=
13080,6818,M0vKoFWtZPdco/zJztQ6VLa4ntU=,HP3erhAqW6hwbm7SnlQ1L6RZ7So=
13080,6817,M0vKoFWtZPdco/zJztQ6VLa4ntU=,ZDOrPqTRQkz6ee0SynTz5GMBDjY=
13079,6817,M0vKoFWtZPdco/zJztQ6VLa4ntU=,u7esPOh2hBAK/HaUrfcIIgU6AZ0=
13079,6818,M0vKoFWtZPdco/zJztQ6VLa4ntU=,RGhSrajWUSJV9knc/Z7hcX88DIE=
13075,6820,rFVQW4IXGFjGhGUSA2CufuYiy8Q=,qO+JRT4mFgacEyZKiTCLKGKSeNQ=
13075,6819,rFVQW4IXGFjGhGUSA2CufuYiy8Q=,qO+JRT4mFgacEyZKiTCLKGKSeNQ=
13076,6820,rFVQW4IXGFjGhGUSA2CufuYiy8Q=,1jF1ktASlv/dpvbXWXLROXXNRUs=
13077,6817,rFVQW4IXGFjGhGUSA2CufuYiy8Q=,hmmt5Hl+hUgeAH+j8dySjtXNrOU=
13078,6819,rFVQW4IXGFjGhGUSA2CufuYiy8Q=,RGhSrajWUSJV9knc/Z7hcX88DIE=
13076,6819,rFVQW4IXGFjGhGUSA2CufuYiy8Q=,CnZyuw4rSw38U6U0vnxfPTgH7FM=
13078,6817,rFVQW4IXGFjGhGUSA2CufuYiy8Q=,u7esPOh2hBAK/HaUrfcIIgU6AZ0=
13077,6819,rFVQW4IXGFjGhGUSA2CufuYiy8Q=,CnZyuw4rSw38U6U0vnxfPTgH7FM=
13077,6818,rFVQW4IXGFjGhGUSA2CufuYiy8Q=,CnZyuw4rSw38U6U0vnxfPTgH7FM=
13078,6820,rFVQW4IXGFjGhGUSA2CufuYiy8Q=,1jF1ktASlv/dpvbXWXLROXXNRUs=
13077,6820,rFVQW4IXGFjGhGUSA2CufuYiy8Q=,1jF1ktASlv/dpvbXWXLROXXNRUs=
13078,6818,rFVQW4IXGFjGhGUSA2CufuYiy8Q=,RGhSrajWUSJV9knc/Z7hcX88DIE=
13075,6821,rFVQW4IXGFjGhGUSA2CufuYiy8Q=,qO+JRT4mFgacEyZKiTCLKGKSeNQ=
13075,6822,rFVQW4IXGFjGhGUSA2CufuYiy8Q=,1kbLEqyuQEH1OlIXIVcwtyHt3kA=
13076,6821,rFVQW4IXGFjGhGUSA2CufuYiy8Q=,1jF1ktASlv/dpvbXWXLROXXNRUs=
13076,6822,rFVQW4IXGFjGhGUSA2CufuYiy8Q=,OC2sMd9EzVbyCxWq8EqEf+DavNk=
13075,6824,rFVQW4IXGFjGhGUSA2CufuYiy8Q=,rlgZhzdPTMbMyoNd12nF1eNjNY0=
13075,6823,rFVQW4IXGFjGhGUSA2CufuYiy8Q=,1kbLEqyuQEH1OlIXIVcwtyHt3kA=
13076,6823,rFVQW4IXGFjGhGUSA2CufuYiy8Q=,OC2sMd9EzVbyCxWq8EqEf+DavNk=
13076,6824,rFVQW4IXGFjGhGUSA2CufuYiy8Q=,3i25fZNWjJG+QL3o905T+u5TJ68=
13075,6825,mx+3bvB0oZxujsGypad0XICDCqE=,rlgZhzdPTMbMyoNd12nF1eNjNY0=
13075,6826,mx+3bvB0oZxujsGypad0XICDCqE=,Tpfca2RZBcscubgSMEFGOP/DHuk=
13076,6826,mx+3bvB0oZxujsGypad0XICDCqE=,s48dLiZeyXwTW7yaR9RVnzLYJXo=
13076,6825,mx+3bvB0oZxujsGypad0XICDCqE=,3i25fZNWjJG+QL3o905T+u5TJ68=
13077,6825,mx+3bvB0oZxujsGypad0XICDCqE=,3i25fZNWjJG+QL3o905T+u5TJ68=
13078,6826,mx+3bvB0oZxujsGypad0XICDCqE=,cyMLymD9fUYNoKEuY6nda+fJxpk=
13078,6825,mx+3bvB0oZxujsGypad0XICDCqE=,1M2jHGe3R1lsjfbpJExQT/+35lo=
13077,6826,mx+3bvB0oZxujsGypad0XICDCqE=,s48dLiZeyXwTW7yaR9RVnzLYJXo=
13079,6825,eO49HJY2iVLabyia1SM8vJT4WjQ=,1M2jHGe3R1lsjfbpJExQT/+35lo=
13080,6826,eO49HJY2iVLabyia1SM8vJT4WjQ=,ow1Sz8Rul1+kkWGLzcxoWt/fblI=
13080,6825,eO49HJY2iVLabyia1SM8vJT4WjQ=,2K0+0yK6lBV7KTVjGNDShUZp9dQ=
13079,6826,eO49HJY2iVLabyia1SM8vJT4WjQ=,cyMLymD9fUYNoKEuY6nda+fJxpk=
13079,6827,VoLOpfPbIQN07S3I5wuNwbI8RjU=,cyMLymD9fUYNoKEuY6nda+fJxpk=
13080,6827,VoLOpfPbIQN07S3I5wuNwbI8RjU=,ow1Sz8Rul1+kkWGLzcxoWt/fblI=
13080,6828,VoLOpfPbIQN07S3I5wuNwbI8RjU=,qwX/piMC/VHuC3C4nW5cXsNZTcs=
13079,6828,VoLOpfPbIQN07S3I5wuNwbI8RjU=,qwX/piMC/VHuC3C4nW5cXsNZTcs=
13079,6830,VoLOpfPbIQN07S3I5wuNwbI8RjU=,qwX/piMC/VHuC3C4nW5cXsNZTcs=
13079,6829,VoLOpfPbIQN07S3I5wuNwbI8RjU=,qwX/piMC/VHuC3C4nW5cXsNZTcs=
13080,6830,VoLOpfPbIQN07S3I5wuNwbI8RjU=,DEP0+823S6meDgJoRPipmigTXkg=
13080,6829,VoLOpfPbIQN07S3I5wuNwbI8RjU=,qwX/piMC/VHuC3C4nW5cXsNZTcs=
13078,6827,VoLOpfPbIQN07S3I5wuNwbI8RjU=,cyMLymD9fUYNoKEuY6nda+fJxpk=
13078,6828,VoLOpfPbIQN07S3I5wuNwbI8RjU=,qwX/piMC/VHuC3C4nW5cXsNZTcs=
13077,6827,VoLOpfPbIQN07S3I5wuNwbI8RjU=,s48dLiZeyXwTW7yaR9RVnzLYJXo=
13077,6828,VoLOpfPbIQN07S3I5wuNwbI8RjU=,jWgVoMCGl2uEKDrwos5MFGelAnk=
13078,6829,O+IXHl5rLjAxU9xHR9YxmbbE0p8=,qwX/piMC/VHuC3C4nW5cXsNZTcs=
13077,6830,O+IXHl5rLjAxU9xHR9YxmbbE0p8=,kJQt/8IZmjbBh89zYcGWtvJ8poo=
13077,6829,O+IXHl5rLjAxU9xHR9YxmbbE0p8=,jWgVoMCGl2uEKDrwos5MFGelAnk=
13078,6830,O+IXHl5rLjAxU9xHR9YxmbbE0p8=,qwX/piMC/VHuC3C4nW5cXsNZTcs=
13075,6828,O+IXHl5rLjAxU9xHR9YxmbbE0p8=,PavoH+t38n6S00q535CSyQKxugw=
13075,6827,O+IXHl5rLjAxU9xHR9YxmbbE0p8=,Tpfca2RZBcscubgSMEFGOP/DHuk=
13076,6828,O+IXHl5rLjAxU9xHR9YxmbbE0p8=,jWgVoMCGl2uEKDrwos5MFGelAnk=
13076,6827,O+IXHl5rLjAxU9xHR9YxmbbE0p8=,s48dLiZeyXwTW7yaR9RVnzLYJXo=
13073,6825,O+IXHl5rLjAxU9xHR9YxmbbE0p8=,/cwuS4KWbZtDCdPuL6WR9Lp91k4=
13072,6825,O+IXHl5rLjAxU9xHR9YxmbbE0p8=,/cwuS4KWbZtDCdPuL6WR9Lp91k4=
13073,6824,O+IXHl5rLjAxU9xHR9YxmbbE0p8=,/cwuS4KWbZtDCdPuL6WR9Lp91k4=
13074,6823,O+IXHl5rLjAxU9xHR9YxmbbE0p8=,1kbLEqyuQEH1OlIXIVcwtyHt3kA=
13072,6826,O+IXHl5rLjAxU9xHR9YxmbbE0p8=,2EHE83W8XUQKlUAQtRmJ8+E2rZY=
13073,6826,O+IXHl5rLjAxU9xHR9YxmbbE0p8=,2EHE83W8XUQKlUAQtRmJ8+E2rZY=
13074,6824,O+IXHl5rLjAxU9xHR9YxmbbE0p8=,rlgZhzdPTMbMyoNd12nF1eNjNY0=
13074,6826,O+IXHl5rLjAxU9xHR9YxmbbE0p8=,Tpfca2RZBcscubgSMEFGOP/DHuk=
13074,6825,O+IXHl5rLjAxU9xHR9YxmbbE0p8=,rlgZhzdPTMbMyoNd12nF1eNjNY0=
13077,6831,O+IXHl5rLjAxU9xHR9YxmbbE0p8=,kJQt/8IZmjbBh89zYcGWtvJ8poo=
13078,6831,O+IXHl5rLjAxU9xHR9YxmbbE0p8=,qwX/piMC/VHuC3C4nW5cXsNZTcs=
13073,6831,O+IXHl5rLjAxU9xHR9YxmbbE0p8=,GO5loFLtQbfoXZ4vyC4tev+R9hU=
13076,6831,O+IXHl5rLjAxU9xHR9YxmbbE0p8=,kJQt/8IZmjbBh89zYcGWtvJ8poo=
13079,6831,O+IXHl5rLjAxU9xHR9YxmbbE0p8=,qwX/piMC/VHuC3C4nW5cXsNZTcs=
13080,6831,O+IXHl5rLjAxU9xHR9YxmbbE0p8=,DEP0+823S6meDgJoRPipmigTXkg=
13076,6830,O+IXHl5rLjAxU9xHR9YxmbbE0p8=,kJQt/8IZmjbBh89zYcGWtvJ8poo=
13076,6829,O+IXHl5rLjAxU9xHR9YxmbbE0p8=,jWgVoMCGl2uEKDrwos5MFGelAnk=
13075,6830,O+IXHl5rLjAxU9xHR9YxmbbE0p8=,PavoH+t38n6S00q535CSyQKxugw=
13074,6831,O+IXHl5rLjAxU9xHR9YxmbbE0p8=,PavoH+t38n6S00q535CSyQKxugw=
13075,6831,O+IXHl5rLjAxU9xHR9YxmbbE0p8=,PavoH+t38n6S00q535CSyQKxugw=
13075,6829,O+IXHl5rLjAxU9xHR9YxmbbE0p8=,PavoH+t38n6S00q535CSyQKxugw=
13072,6829,O+IXHl5rLjAxU9xHR9YxmbbE0p8=,6M/XgfHdLM02r5q9+hKQa88AEH0=
13074,6829,O+IXHl5rLjAxU9xHR9YxmbbE0p8=,PavoH+t38n6S00q535CSyQKxugw=
13073,6827,O+IXHl5rLjAxU9xHR9YxmbbE0p8=,2EHE83W8XUQKlUAQtRmJ8+E2rZY=
13072,6827,O+IXHl5rLjAxU9xHR9YxmbbE0p8=,2EHE83W8XUQKlUAQtRmJ8+E2rZY=
13073,6829,O+IXHl5rLjAxU9xHR9YxmbbE0p8=,6M/XgfHdLM02r5q9+hKQa88AEH0=
13072,6830,O+IXHl5rLjAxU9xHR9YxmbbE0p8=,GO5loFLtQbfoXZ4vyC4tev+R9hU=
13073,6830,O+IXHl5rLjAxU9xHR9YxmbbE0p8=,GO5loFLtQbfoXZ4vyC4tev+R9hU=
13072,6828,O+IXHl5rLjAxU9xHR9YxmbbE0p8=,6M/XgfHdLM02r5q9+hKQa88AEH0=
13074,6828,O+IXHl5rLjAxU9xHR9YxmbbE0p8=,PavoH+t38n6S00q535CSyQKxugw=
13074,6827,O+IXHl5rLjAxU9xHR9YxmbbE0p8=,Tpfca2RZBcscubgSMEFGOP/DHuk=
13073,6828,O+IXHl5rLjAxU9xHR9YxmbbE0p8=,6M/XgfHdLM02r5q9+hKQa88AEH0=
13074,6830,O+IXHl5rLjAxU9xHR9YxmbbE0p8=,PavoH+t38n6S00q535CSyQKxugw=
13081,6830,R+oJZCvn5IGd9ml+D+WWBE6OduM=,DEP0+823S6meDgJoRPipmigTXkg=
13081,6829,R+oJZCvn5IGd9ml+D+WWBE6OduM=,qwX/piMC/VHuC3C4nW5cXsNZTcs=
13082,6830,R+oJZCvn5IGd9ml+D+WWBE6OduM=,QNql1mDkr3OZq1slgrmWl9oy7Hs=
13082,6829,R+oJZCvn5IGd9ml+D+WWBE6OduM=,xpcWBZgFMGQlLtiR2Wy962omHn4=
13083,6830,R+oJZCvn5IGd9ml+D+WWBE6OduM=,QNql1mDkr3OZq1slgrmWl9oy7Hs=
13084,6829,R+oJZCvn5IGd9ml+D+WWBE6OduM=,xpcWBZgFMGQlLtiR2Wy962omHn4=
13083,6829,R+oJZCvn5IGd9ml+D+WWBE6OduM=,xpcWBZgFMGQlLtiR2Wy962omHn4=
13084,6830,R+oJZCvn5IGd9ml+D+WWBE6OduM=,xpcWBZgFMGQlLtiR2Wy962omHn4=
13081,6827,eqZBp4oWUsWlwcaA3AZlDuBmggE=,ow1Sz8Rul1+kkWGLzcxoWt/fblI=
13084,6827,eqZBp4oWUsWlwcaA3AZlDuBmggE=,1U2OmnKExj0bqhqRVBvrFcywn7Q=
13081,6828,eqZBp4oWUsWlwcaA3AZlDuBmggE=,qwX/piMC/VHuC3C4nW5cXsNZTcs=
13083,6827,eqZBp4oWUsWlwcaA3AZlDuBmggE=,c2FgSGE1LgOy5FOJZ+M6W10rpgw=
13082,6827,eqZBp4oWUsWlwcaA3AZlDuBmggE=,c2FgSGE1LgOy5FOJZ+M6W10rpgw=
13084,6828,eqZBp4oWUsWlwcaA3AZlDuBmggE=,xpcWBZgFMGQlLtiR2Wy962omHn4=
13082,6828,eqZBp4oWUsWlwcaA3AZlDuBmggE=,xpcWBZgFMGQlLtiR2Wy962omHn4=
13083,6828,eqZBp4oWUsWlwcaA3AZlDuBmggE=,xpcWBZgFMGQlLtiR2Wy962omHn4=
13085,6827,eqZBp4oWUsWlwcaA3AZlDuBmggE=,1U2OmnKExj0bqhqRVBvrFcywn7Q=
13086,6827,eqZBp4oWUsWlwcaA3AZlDuBmggE=,Szc2ZtiDMv1N7UFEG4Ym5GX/oMQ=
13085,6828,eqZBp4oWUsWlwcaA3AZlDuBmggE=,xpcWBZgFMGQlLtiR2Wy962omHn4=
13086,6828,eqZBp4oWUsWlwcaA3AZlDuBmggE=,FVF7A/c8uaB+9KDLoDVXjD8cJj0=
13081,6826,6f4gfmeeiMTgQBrBPNFJLVtCQv0=,ow1Sz8Rul1+kkWGLzcxoWt/fblI=
13082,6825,6f4gfmeeiMTgQBrBPNFJLVtCQv0=,EC/IBmq7v2Gz04gV9D1j2W+venU=
13081,6825,6f4gfmeeiMTgQBrBPNFJLVtCQv0=,2K0+0yK6lBV7KTVjGNDShUZp9dQ=
13082,6826,6f4gfmeeiMTgQBrBPNFJLVtCQv0=,c2FgSGE1LgOy5FOJZ+M6W10rpgw=
13086,6825,6f4gfmeeiMTgQBrBPNFJLVtCQv0=,v4t4/T2+NjEeDMYbkeIr0VpFp1M=
13086,6826,6f4gfmeeiMTgQBrBPNFJLVtCQv0=,Szc2ZtiDMv1N7UFEG4Ym5GX/oMQ=
13085,6826,6f4gfmeeiMTgQBrBPNFJLVtCQv0=,1U2OmnKExj0bqhqRVBvrFcywn7Q=
13085,6825,6f4gfmeeiMTgQBrBPNFJLVtCQv0=,4QcijQN7a8nOaiLmbfcpoAa3XOo=
13083,6826,6f4gfmeeiMTgQBrBPNFJLVtCQv0=,c2FgSGE1LgOy5FOJZ+M6W10rpgw=
13083,6825,6f4gfmeeiMTgQBrBPNFJLVtCQv0=,EC/IBmq7v2Gz04gV9D1j2W+venU=
13084,6825,6f4gfmeeiMTgQBrBPNFJLVtCQv0=,4QcijQN7a8nOaiLmbfcpoAa3XOo=
13084,6826,6f4gfmeeiMTgQBrBPNFJLVtCQv0=,1U2OmnKExj0bqhqRVBvrFcywn7Q=
13083,6822,iI6ztCiPISKiKuFiXLYBQwaipnk=,EC/IBmq7v2Gz04gV9D1j2W+venU=
13083,6821,iI6ztCiPISKiKuFiXLYBQwaipnk=,UHBsoUNDJ15tWJrAIJzv3x6CnYM=
13084,6823,iI6ztCiPISKiKuFiXLYBQwaipnk=,ihGoP2xyHZlOJzlvwsM71qly2Lc=
13083,6824,iI6ztCiPISKiKuFiXLYBQwaipnk=,EC/IBmq7v2Gz04gV9D1j2W+venU=
13084,6822,iI6ztCiPISKiKuFiXLYBQwaipnk=,ihGoP2xyHZlOJzlvwsM71qly2Lc=
13083,6823,iI6ztCiPISKiKuFiXLYBQwaipnk=,EC/IBmq7v2Gz04gV9D1j2W+venU=
13084,6824,iI6ztCiPISKiKuFiXLYBQwaipnk=,4QcijQN7a8nOaiLmbfcpoAa3XOo=
13084,6821,iI6ztCiPISKiKuFiXLYBQwaipnk=,awu8kM9sMp1ihSmVsYeKpM9TlAE=
13082,6822,iI6ztCiPISKiKuFiXLYBQwaipnk=,EC/IBmq7v2Gz04gV9D1j2W+venU=
13082,6823,iI6ztCiPISKiKuFiXLYBQwaipnk=,EC/IBmq7v2Gz04gV9D1j2W+venU=
13082,6821,iI6ztCiPISKiKuFiXLYBQwaipnk=,UHBsoUNDJ15tWJrAIJzv3x6CnYM=
13081,6821,iI6ztCiPISKiKuFiXLYBQwaipnk=,YFK9tC1eLFzyYu5qCrknfQfi/kI=
13082,6824,iI6ztCiPISKiKuFiXLYBQwaipnk=,EC/IBmq7v2Gz04gV9D1j2W+venU=
13081,6822,iI6ztCiPISKiKuFiXLYBQwaipnk=,2K0+0yK6lBV7KTVjGNDShUZp9dQ=
13081,6823,iI6ztCiPISKiKuFiXLYBQwaipnk=,2K0+0yK6lBV7KTVjGNDShUZp9dQ=
13081,6824,iI6ztCiPISKiKuFiXLYBQwaipnk=,2K0+0yK6lBV7KTVjGNDShUZp9dQ=
13085,6819,iI6ztCiPISKiKuFiXLYBQwaipnk=,MpWUVgi+jMhmaZkxWXOjKCtpU4Q=
13086,6820,iI6ztCiPISKiKuFiXLYBQwaipnk=,G/1hr48DHPMrh3BnRsvkm3BmMVg=
13085,6820,iI6ztCiPISKiKuFiXLYBQwaipnk=,awu8kM9sMp1ihSmVsYeKpM9TlAE=
13087,6825,iI6ztCiPISKiKuFiXLYBQwaipnk=,v4t4/T2+NjEeDMYbkeIr0VpFp1M=
13087,6826,iI6ztCiPISKiKuFiXLYBQwaipnk=,Szc2ZtiDMv1N7UFEG4Ym5GX/oMQ=
13079,6821,iI6ztCiPISKiKuFiXLYBQwaipnk=,1jF1ktASlv/dpvbXWXLROXXNRUs=
13077,6824,iI6ztCiPISKiKuFiXLYBQwaipnk=,3i25fZNWjJG+QL3o905T+u5TJ68=
13077,6823,iI6ztCiPISKiKuFiXLYBQwaipnk=,OC2sMd9EzVbyCxWq8EqEf+DavNk=
13079,6823,iI6ztCiPISKiKuFiXLYBQwaipnk=,gJfeON10qHqFCTU6/YwRlKqHpzU=
13080,6822,iI6ztCiPISKiKuFiXLYBQwaipnk=,2K0+0yK6lBV7KTVjGNDShUZp9dQ=
13087,6828,iI6ztCiPISKiKuFiXLYBQwaipnk=,FVF7A/c8uaB+9KDLoDVXjD8cJj0=
13079,6824,iI6ztCiPISKiKuFiXLYBQwaipnk=,1M2jHGe3R1lsjfbpJExQT/+35lo=
13078,6823,iI6ztCiPISKiKuFiXLYBQwaipnk=,gJfeON10qHqFCTU6/YwRlKqHpzU=
13087,6827,iI6ztCiPISKiKuFiXLYBQwaipnk=,Szc2ZtiDMv1N7UFEG4Ym5GX/oMQ=
13080,6821,iI6ztCiPISKiKuFiXLYBQwaipnk=,YFK9tC1eLFzyYu5qCrknfQfi/kI=
13079,6822,iI6ztCiPISKiKuFiXLYBQwaipnk=,gJfeON10qHqFCTU6/YwRlKqHpzU=
13080,6824,iI6ztCiPISKiKuFiXLYBQwaipnk=,2K0+0yK6lBV7KTVjGNDShUZp9dQ=
13080,6823,iI6ztCiPISKiKuFiXLYBQwaipnk=,2K0+0yK6lBV7KTVjGNDShUZp9dQ=
13078,6822,iI6ztCiPISKiKuFiXLYBQwaipnk=,gJfeON10qHqFCTU6/YwRlKqHpzU=
13078,6821,iI6ztCiPISKiKuFiXLYBQwaipnk=,1jF1ktASlv/dpvbXWXLROXXNRUs=
13077,6821,iI6ztCiPISKiKuFiXLYBQwaipnk=,1jF1ktASlv/dpvbXWXLROXXNRUs=
13077,6822,iI6ztCiPISKiKuFiXLYBQwaipnk=,OC2sMd9EzVbyCxWq8EqEf+DavNk=
13078,6824,iI6ztCiPISKiKuFiXLYBQwaipnk=,1M2jHGe3R1lsjfbpJExQT/+35lo=
13072,6831,iI6ztCiPISKiKuFiXLYBQwaipnk=,GO5loFLtQbfoXZ4vyC4tev+R9hU=
13074,6822,iI6ztCiPISKiKuFiXLYBQwaipnk=,1kbLEqyuQEH1OlIXIVcwtyHt3kA=
13074,6821,iI6ztCiPISKiKuFiXLYBQwaipnk=,qO+JRT4mFgacEyZKiTCLKGKSeNQ=
13082,6831,iI6ztCiPISKiKuFiXLYBQwaipnk=,QNql1mDkr3OZq1slgrmWl9oy7Hs=
13081,6831,iI6ztCiPISKiKuFiXLYBQwaipnk=,DEP0+823S6meDgJoRPipmigTXkg=
13083,6831,iI6ztCiPISKiKuFiXLYBQwaipnk=,QNql1mDkr3OZq1slgrmWl9oy7Hs=
13085,6824,iI6ztCiPISKiKuFiXLYBQwaipnk=,4QcijQN7a8nOaiLmbfcpoAa3XOo=
13085,6822,iI6ztCiPISKiKuFiXLYBQwaipnk=,ihGoP2xyHZlOJzlvwsM71qly2Lc=
13087,6821,iI6ztCiPISKiKuFiXLYBQwaipnk=,G/1hr48DHPMrh3BnRsvkm3BmMVg=
13087,6824,iI6ztCiPISKiKuFiXLYBQwaipnk=,v4t4/T2+NjEeDMYbkeIr0VpFp1M=
13086,6821,iI6ztCiPISKiKuFiXLYBQwaipnk=,G/1hr48DHPMrh3BnRsvkm3BmMVg=
13085,6823,iI6ztCiPISKiKuFiXLYBQwaipnk=,ihGoP2xyHZlOJzlvwsM71qly2Lc=
13087,6820,iI6ztCiPISKiKuFiXLYBQwaipnk=,G/1hr48DHPMrh3BnRsvkm3BmMVg=
13087,6823,iI6ztCiPISKiKuFiXLYBQwaipnk=,1QZC0kmvtt0gxIoY/4yJDNnnEIk=
13086,6823,iI6ztCiPISKiKuFiXLYBQwaipnk=,1QZC0kmvtt0gxIoY/4yJDNnnEIk=
13086,6822,iI6ztCiPISKiKuFiXLYBQwaipnk=,1QZC0kmvtt0gxIoY/4yJDNnnEIk=
13086,6824,iI6ztCiPISKiKuFiXLYBQwaipnk=,v4t4/T2+NjEeDMYbkeIr0VpFp1M=
13087,6822,iI6ztCiPISKiKuFiXLYBQwaipnk=,1QZC0kmvtt0gxIoY/4yJDNnnEIk=
13084,6831,iI6ztCiPISKiKuFiXLYBQwaipnk=,xpcWBZgFMGQlLtiR2Wy962omHn4=
13085,6821,iI6ztCiPISKiKuFiXLYBQwaipnk=,awu8kM9sMp1ihSmVsYeKpM9TlAE=
13080,6816,iI6ztCiPISKiKuFiXLYBQwaipnk=,ZDOrPqTRQkz6ee0SynTz5GMBDjY=
13079,6816,iI6ztCiPISKiKuFiXLYBQwaipnk=,u7esPOh2hBAK/HaUrfcIIgU6AZ0=
13075,6818,iI6ztCiPISKiKuFiXLYBQwaipnk=,qO+JRT4mFgacEyZKiTCLKGKSeNQ=
13072,6824,iI6ztCiPISKiKuFiXLYBQwaipnk=,/cwuS4KWbZtDCdPuL6WR9Lp91k4=
13074,6820,iI6ztCiPISKiKuFiXLYBQwaipnk=,qO+JRT4mFgacEyZKiTCLKGKSeNQ=
13074,6819,iI6ztCiPISKiKuFiXLYBQwaipnk=,qO+JRT4mFgacEyZKiTCLKGKSeNQ=
13074,6818,iI6ztCiPISKiKuFiXLYBQwaipnk=,qO+JRT4mFgacEyZKiTCLKGKSeNQ=
13076,6818,iI6ztCiPISKiKuFiXLYBQwaipnk=,CnZyuw4rSw38U6U0vnxfPTgH7FM=
13076,6817,iI6ztCiPISKiKuFiXLYBQwaipnk=,hmmt5Hl+hUgeAH+j8dySjtXNrOU=
13076,6816,iI6ztCiPISKiKuFiXLYBQwaipnk=,hmmt5Hl+hUgeAH+j8dySjtXNrOU=
13077,6816,iI6ztCiPISKiKuFiXLYBQwaipnk=,hmmt5Hl+hUgeAH+j8dySjtXNrOU=
13078,6816,iI6ztCiPISKiKuFiXLYBQwaipnk=,u7esPOh2hBAK/HaUrfcIIgU6AZ0=
13081,6816,iI6ztCiPISKiKuFiXLYBQwaipnk=,ZDOrPqTRQkz6ee0SynTz5GMBDjY=
13084,6816,iI6ztCiPISKiKuFiXLYBQwaipnk=,HP3erhAqW6hwbm7SnlQ1L6RZ7So=
13083,6816,iI6ztCiPISKiKuFiXLYBQwaipnk=,0KO2xNIUIWEnD7NyoNDC0kaQnp8=
13082,6816,iI6ztCiPISKiKuFiXLYBQwaipnk=,0KO2xNIUIWEnD7NyoNDC0kaQnp8=
13085,6818,NqUzSaRi+7sE74bYE8XvqcB6yhU=,MpWUVgi+jMhmaZkxWXOjKCtpU4Q=
13085,6817,NqUzSaRi+7sE74bYE8XvqcB6yhU=,HP3erhAqW6hwbm7SnlQ1L6RZ7So=
13086,6817,NqUzSaRi+7sE74bYE8XvqcB6yhU=,Yr+fiiAo6ydsK8xBj159aNwEgys=
13087,6817,NqUzSaRi+7sE74bYE8XvqcB6yhU=,Yr+fiiAo6ydsK8xBj159aNwEgys=
13087,6816,NqUzSaRi+7sE74bYE8XvqcB6yhU=,Yr+fiiAo6ydsK8xBj159aNwEgys=
13086,6816,NqUzSaRi+7sE74bYE8XvqcB6yhU=,Yr+fiiAo6ydsK8xBj159aNwEgys=
13085,6816,NqUzSaRi+7sE74bYE8XvqcB6yhU=,HP3erhAqW6hwbm7SnlQ1L6RZ7So=
13086,6829,NqUzSaRi+7sE74bYE8XvqcB6yhU=,FVF7A/c8uaB+9KDLoDVXjD8cJj0=
13087,6829,NqUzSaRi+7sE74bYE8XvqcB6yhU=,FVF7A/c8uaB+9KDLoDVXjD8cJj0=
13086,6830,NqUzSaRi+7sE74bYE8XvqcB6yhU=,JxeVzokgC4ckPmMg8QhM5CrGP70=
13087,6831,NqUzSaRi+7sE74bYE8XvqcB6yhU=,JxeVzokgC4ckPmMg8QhM5CrGP70=
13086,6831,NqUzSaRi+7sE74bYE8XvqcB6yhU=,JxeVzokgC4ckPmMg8QhM5CrGP70=
13087,6830,NqUzSaRi+7sE74bYE8XvqcB6yhU=,JxeVzokgC4ckPmMg8QhM5CrGP70=
13085,6831,NqUzSaRi+7sE74bYE8XvqcB6yhU=,xpcWBZgFMGQlLtiR2Wy962omHn4=
13085,6829,NqUzSaRi+7sE74bYE8XvqcB6yhU=,xpcWBZgFMGQlLtiR2Wy962omHn4=
13085,6830,NqUzSaRi+7sE74bYE8XvqcB6yhU=,xpcWBZgFMGQlLtiR2Wy962omHn4=
13067,6837,IuHlx0E7/y9bKpL3PFwU+NM+GU8=,YUISVjGeGzE6T3kRWJGimRMm/Rs=
13070,6838,IuHlx0E7/y9bKpL3PFwU+NM+GU8=,681PpallXNqorjonGPZ7ThR/7Po=
13067,6838,IuHlx0E7/y9bKpL3PFwU+NM+GU8=,YUISVjGeGzE6T3kRWJGimRMm/Rs=
13069,6838,IuHlx0E7/y9bKpL3PFwU+NM+GU8=,T/ANRfP6MJbB5kjrxp4WMT0DBE0=
13068,6838,IuHlx0E7/y9bKpL3PFwU+NM+GU8=,T/ANRfP6MJbB5kjrxp4WMT0DBE0=
13070,6837,IuHlx0E7/y9bKpL3PFwU+NM+GU8=,8bDwZfdtu9R1EEMZxsKBxLgX2EQ=
13068,6837,IuHlx0E7/y9bKpL3PFwU+NM+GU8=,T/ANRfP6MJbB5kjrxp4WMT0DBE0=
13069,6837,IuHlx0E7/y9bKpL3PFwU+NM+GU8=,T/ANRfP6MJbB5kjrxp4WMT0DBE0=
13067,6836,IuHlx0E7/y9bKpL3PFwU+NM+GU8=,YUISVjGeGzE6T3kRWJGimRMm/Rs=
13067,6835,IuHlx0E7/y9bKpL3PFwU+NM+GU8=,CSXv/Zf6QNryt6uK5XijEeTz6YU=
13068,6835,IuHlx0E7/y9bKpL3PFwU+NM+GU8=,1CnPPOWvkbDubiJv0v9xWY8wDOo=
13069,6839,IuHlx0E7/y9bKpL3PFwU+NM+GU8=,T/ANRfP6MJbB5kjrxp4WMT0DBE0=
13070,6839,IuHlx0E7/y9bKpL3PFwU+NM+GU8=,681PpallXNqorjonGPZ7ThR/7Po=
13071,6839,IuHlx0E7/y9bKpL3PFwU+NM+GU8=,681PpallXNqorjonGPZ7ThR/7Po=
13068,6836,IuHlx0E7/y9bKpL3PFwU+NM+GU8=,T/ANRfP6MJbB5kjrxp4WMT0DBE0=
13071,6838,IuHlx0E7/y9bKpL3PFwU+NM+GU8=,681PpallXNqorjonGPZ7ThR/7Po=
13071,6837,IuHlx0E7/y9bKpL3PFwU+NM+GU8=,8bDwZfdtu9R1EEMZxsKBxLgX2EQ=
13070,6832,IuHlx0E7/y9bKpL3PFwU+NM+GU8=,8CKFExB2DSxoyUsfiGP35hxbWDc=
13071,6832,IuHlx0E7/y9bKpL3PFwU+NM+GU8=,8CKFExB2DSxoyUsfiGP35hxbWDc=
13057,6837,TxNGhiX6EeXVjIPrXK38kEfojW4=,kgXUnUDX/JDX7s5Q0PhPTadozTI=
13058,6837,TxNGhiX6EeXVjIPrXK38kEfojW4=,fbV+ALnqtJ3Xd6I4SUaEk2YRV1I=
13057,6838,TxNGhiX6EeXVjIPrXK38kEfojW4=,fbV+ALnqtJ3Xd6I4SUaEk2YRV1I=
13058,6838,TxNGhiX6EeXVjIPrXK38kEfojW4=,YUISVjGeGzE6T3kRWJGimRMm/Rs=
13069,6834,TxNGhiX6EeXVjIPrXK38kEfojW4=,1CnPPOWvkbDubiJv0v9xWY8wDOo=
13070,6833,TxNGhiX6EeXVjIPrXK38kEfojW4=,8CKFExB2DSxoyUsfiGP35hxbWDc=
13070,6834,TxNGhiX6EeXVjIPrXK38kEfojW4=,HP3erhAqW6hwbm7SnlQ1L6RZ7So=
13071,6833,TxNGhiX6EeXVjIPrXK38kEfojW4=,8CKFExB2DSxoyUsfiGP35hxbWDc=
13069,6835,TxNGhiX6EeXVjIPrXK38kEfojW4=,1CnPPOWvkbDubiJv0v9xWY8wDOo=
13071,6834,TxNGhiX6EeXVjIPrXK38kEfojW4=,HP3erhAqW6hwbm7SnlQ1L6RZ7So=
13070,6835,TxNGhiX6EeXVjIPrXK38kEfojW4=,HP3erhAqW6hwbm7SnlQ1L6RZ7So=
13071,6835,TxNGhiX6EeXVjIPrXK38kEfojW4=,HP3erhAqW6hwbm7SnlQ1L6RZ7So=
13070,6836,TxNGhiX6EeXVjIPrXK38kEfojW4=,8bDwZfdtu9R1EEMZxsKBxLgX2EQ=
13071,6836,TxNGhiX6EeXVjIPrXK38kEfojW4=,8bDwZfdtu9R1EEMZxsKBxLgX2EQ=
13069,6836,TxNGhiX6EeXVjIPrXK38kEfojW4=,T/ANRfP6MJbB5kjrxp4WMT0DBE0=
13059,6837,TxNGhiX6EeXVjIPrXK38kEfojW4=,fbV+ALnqtJ3Xd6I4SUaEk2YRV1I=
13060,6837,TxNGhiX6EeXVjIPrXK38kEfojW4=,fbV+ALnqtJ3Xd6I4SUaEk2YRV1I=
13059,6838,TxNGhiX6EeXVjIPrXK38kEfojW4=,YUISVjGeGzE6T3kRWJGimRMm/Rs=
13060,6838,TxNGhiX6EeXVjIPrXK38kEfojW4=,Qk2URyVT8NYYO4xBIuw9oGdSOZU=
13068,6839,TxNGhiX6EeXVjIPrXK38kEfojW4=,T/ANRfP6MJbB5kjrxp4WMT0DBE0=
13067,6839,TxNGhiX6EeXVjIPrXK38kEfojW4=,YUISVjGeGzE6T3kRWJGimRMm/Rs=
13061,6836,TxNGhiX6EeXVjIPrXK38kEfojW4=,fbV+ALnqtJ3Xd6I4SUaEk2YRV1I=
13062,6836,TxNGhiX6EeXVjIPrXK38kEfojW4=,Qk2URyVT8NYYO4xBIuw9oGdSOZU=
13060,6836,TxNGhiX6EeXVjIPrXK38kEfojW4=,fbV+ALnqtJ3Xd6I4SUaEk2YRV1I=
13059,6836,TxNGhiX6EeXVjIPrXK38kEfojW4=,fbV+ALnqtJ3Xd6I4SUaEk2YRV1I=
13067,6834,TxNGhiX6EeXVjIPrXK38kEfojW4=,CSXv/Zf6QNryt6uK5XijEeTz6YU=
13068,6834,TxNGhiX6EeXVjIPrXK38kEfojW4=,1CnPPOWvkbDubiJv0v9xWY8wDOo=
13066,6834,TxNGhiX6EeXVjIPrXK38kEfojW4=,CSXv/Zf6QNryt6uK5XijEeTz6YU=
13064,6836,TxNGhiX6EeXVjIPrXK38kEfojW4=,zTn2w0KpdGJZiNlbo9vzyNrZ2kc=
13066,6835,TxNGhiX6EeXVjIPrXK38kEfojW4=,CSXv/Zf6QNryt6uK5XijEeTz6YU=
13063,6836,TxNGhiX6EeXVjIPrXK38kEfojW4=,Qk2URyVT8NYYO4xBIuw9oGdSOZU=
13066,6836,TxNGhiX6EeXVjIPrXK38kEfojW4=,YUISVjGeGzE6T3kRWJGimRMm/Rs=
13065,6836,TxNGhiX6EeXVjIPrXK38kEfojW4=,zTn2w0KpdGJZiNlbo9vzyNrZ2kc=
13060,6839,TxNGhiX6EeXVjIPrXK38kEfojW4=,Qk2URyVT8NYYO4xBIuw9oGdSOZU=
13059,6839,TxNGhiX6EeXVjIPrXK38kEfojW4=,YUISVjGeGzE6T3kRWJGimRMm/Rs=
13058,6839,TxNGhiX6EeXVjIPrXK38kEfojW4=,YUISVjGeGzE6T3kRWJGimRMm/Rs=
13057,6839,TxNGhiX6EeXVjIPrXK38kEfojW4=,fbV+ALnqtJ3Xd6I4SUaEk2YRV1I=
13057,6836,TxNGhiX6EeXVjIPrXK38kEfojW4=,kgXUnUDX/JDX7s5Q0PhPTadozTI=
13058,6836,TxNGhiX6EeXVjIPrXK38kEfojW4=,fbV+ALnqtJ3Xd6I4SUaEk2YRV1I=
13056,6836,TxNGhiX6EeXVjIPrXK38kEfojW4=,kgXUnUDX/JDX7s5Q0PhPTadozTI=
13056,6837,TxNGhiX6EeXVjIPrXK38kEfojW4=,kgXUnUDX/JDX7s5Q0PhPTadozTI=
13056,6839,TxNGhiX6EeXVjIPrXK38kEfojW4=,fbV+ALnqtJ3Xd6I4SUaEk2YRV1I=
13056,6838,TxNGhiX6EeXVjIPrXK38kEfojW4=,fbV+ALnqtJ3Xd6I4SUaEk2YRV1I=
13062,6839,TxNGhiX6EeXVjIPrXK38kEfojW4=,zTn2w0KpdGJZiNlbo9vzyNrZ2kc=
13061,6837,TxNGhiX6EeXVjIPrXK38kEfojW4=,fbV+ALnqtJ3Xd6I4SUaEk2YRV1I=
13061,6839,TxNGhiX6EeXVjIPrXK38kEfojW4=,Qk2URyVT8NYYO4xBIuw9oGdSOZU=
13062,6837,TxNGhiX6EeXVjIPrXK38kEfojW4=,Qk2URyVT8NYYO4xBIuw9oGdSOZU=
13061,6838,TxNGhiX6EeXVjIPrXK38kEfojW4=,Qk2URyVT8NYYO4xBIuw9oGdSOZU=
13062,6838,TxNGhiX6EeXVjIPrXK38kEfojW4=,zTn2w0KpdGJZiNlbo9vzyNrZ2kc=
13065,6837,TxNGhiX6EeXVjIPrXK38kEfojW4=,zTn2w0KpdGJZiNlbo9vzyNrZ2kc=
13066,6839,TxNGhiX6EeXVjIPrXK38kEfojW4=,YUISVjGeGzE6T3kRWJGimRMm/Rs=
13063,6837,TxNGhiX6EeXVjIPrXK38kEfojW4=,Qk2URyVT8NYYO4xBIuw9oGdSOZU=
13066,6837,TxNGhiX6EeXVjIPrXK38kEfojW4=,YUISVjGeGzE6T3kRWJGimRMm/Rs=
13063,6839,TxNGhiX6EeXVjIPrXK38kEfojW4=,zTn2w0KpdGJZiNlbo9vzyNrZ2kc=
13066,6838,TxNGhiX6EeXVjIPrXK38kEfojW4=,YUISVjGeGzE6T3kRWJGimRMm/Rs=
13064,6837,TxNGhiX6EeXVjIPrXK38kEfojW4=,zTn2w0KpdGJZiNlbo9vzyNrZ2kc=
13063,6838,TxNGhiX6EeXVjIPrXK38kEfojW4=,zTn2w0KpdGJZiNlbo9vzyNrZ2kc=
13065,6838,TxNGhiX6EeXVjIPrXK38kEfojW4=,CSXv/Zf6QNryt6uK5XijEeTz6YU=
13064,6839,TxNGhiX6EeXVjIPrXK38kEfojW4=,CSXv/Zf6QNryt6uK5XijEeTz6YU=
13064,6838,TxNGhiX6EeXVjIPrXK38kEfojW4=,CSXv/Zf6QNryt6uK5XijEeTz6YU=
13065,6839,TxNGhiX6EeXVjIPrXK38kEfojW4=,CSXv/Zf6QNryt6uK5XijEeTz6YU=
13070,6829,TxNGhiX6EeXVjIPrXK38kEfojW4=,1CnPPOWvkbDubiJv0v9xWY8wDOo=
13071,6829,TxNGhiX6EeXVjIPrXK38kEfojW4=,1CnPPOWvkbDubiJv0v9xWY8wDOo=
13070,6828,TxNGhiX6EeXVjIPrXK38kEfojW4=,1CnPPOWvkbDubiJv0v9xWY8wDOo=
13071,6828,TxNGhiX6EeXVjIPrXK38kEfojW4=,1CnPPOWvkbDubiJv0v9xWY8wDOo=
13070,6827,TxNGhiX6EeXVjIPrXK38kEfojW4=,1CnPPOWvkbDubiJv0v9xWY8wDOo=
13071,6826,TxNGhiX6EeXVjIPrXK38kEfojW4=,1CnPPOWvkbDubiJv0v9xWY8wDOo=
13070,6826,TxNGhiX6EeXVjIPrXK38kEfojW4=,1CnPPOWvkbDubiJv0v9xWY8wDOo=
13071,6827,TxNGhiX6EeXVjIPrXK38kEfojW4=,1CnPPOWvkbDubiJv0v9xWY8wDOo=
