13073,6858,6hhw8uANz9JQ1+fPZmTXW/yjwRY=,8CKFExB2DSxoyUsfiGP35hxbWDc=
13073,6857,6hhw8uANz9JQ1+fPZmTXW/yjwRY=,8CKFExB2DSxoyUsfiGP35hxbWDc=
13074,6858,6hhw8uANz9JQ1+fPZmTXW/yjwRY=,8CKFExB2DSxoyUsfiGP35hxbWDc=
13074,6857,6hhw8uANz9JQ1+fPZmTXW/yjwRY=,8CKFExB2DSxoyUsfiGP35hxbWDc=
13073,6855,6hhw8uANz9JQ1+fPZmTXW/yjwRY=,8CKFExB2DSxoyUsfiGP35hxbWDc=
13073,6856,6hhw8uANz9JQ1+fPZmTXW/yjwRY=,8CKFExB2DSxoyUsfiGP35hxbWDc=
13074,6856,6hhw8uANz9JQ1+fPZmTXW/yjwRY=,8CKFExB2DSxoyUsfiGP35hxbWDc=
13074,6855,6hhw8uANz9JQ1+fPZmTXW/yjwRY=,8CKFExB2DSxoyUsfiGP35hxbWDc=
13073,6854,pl8clFHVovsQSNJ+l089MjyWgU4=,8CKFExB2DSxoyUsfiGP35hxbWDc=
13073,6853,pl8clFHVovsQSNJ+l089MjyWgU4=,8CKFExB2DSxoyUsfiGP35hxbWDc=
13074,6854,pl8clFHVovsQSNJ+l089MjyWgU4=,8CKFExB2DSxoyUsfiGP35hxbWDc=
13074,6853,pl8clFHVovsQSNJ+l089MjyWgU4=,8CKFExB2DSxoyUsfiGP35hxbWDc=
13073,6851,pl8clFHVovsQSNJ+l089MjyWgU4=,8CKFExB2DSxoyUsfiGP35hxbWDc=
13073,6852,pl8clFHVovsQSNJ+l089MjyWgU4=,8CKFExB2DSxoyUsfiGP35hxbWDc=
13074,6851,pl8clFHVovsQSNJ+l089MjyWgU4=,8CKFExB2DSxoyUsfiGP35hxbWDc=
13074,6852,pl8clFHVovsQSNJ+l089MjyWgU4=,8CKFExB2DSxoyUsfiGP35hxbWDc=
13073,6849,pl8clFHVovsQSNJ+l089MjyWgU4=,8CKFExB2DSxoyUsfiGP35hxbWDc=
13073,6850,pl8clFHVovsQSNJ+l089MjyWgU4=,8CKFExB2DSxoyUsfiGP35hxbWDc=
13073,6848,pl8clFHVovsQSNJ+l089MjyWgU4=,8CKFExB2DSxoyUsfiGP35hxbWDc=
13073,6859,pl8clFHVovsQSNJ+l089MjyWgU4=,8CKFExB2DSxoyUsfiGP35hxbWDc=
13072,6856,pl8clFHVovsQSNJ+l089MjyWgU4=,8CKFExB2DSxoyUsfiGP35hxbWDc=
13072,6855,pl8clFHVovsQSNJ+l089MjyWgU4=,8CKFExB2DSxoyUsfiGP35hxbWDc=
13072,6857,pl8clFHVovsQSNJ+l089MjyWgU4=,8CKFExB2DSxoyUsfiGP35hxbWDc=
13072,6859,pl8clFHVovsQSNJ+l089MjyWgU4=,8CKFExB2DSxoyUsfiGP35hxbWDc=
13072,6858,pl8clFHVovsQSNJ+l089MjyWgU4=,8CKFExB2DSxoyUsfiGP35hxbWDc=
13075,6854,pl8clFHVovsQSNJ+l089MjyWgU4=,8CKFExB2DSxoyUsfiGP35hxbWDc=
13075,6853,pl8clFHVovsQSNJ+l089MjyWgU4=,8CKFExB2DSxoyUsfiGP35hxbWDc=
13075,6857,pl8clFHVovsQSNJ+l089MjyWgU4=,8CKFExB2DSxoyUsfiGP35hxbWDc=
13075,6856,pl8clFHVovsQSNJ+l089MjyWgU4=,8CKFExB2DSxoyUsfiGP35hxbWDc=
13072,6854,pl8clFHVovsQSNJ+l089MjyWgU4=,8CKFExB2DSxoyUsfiGP35hxbWDc=
13075,6858,pl8clFHVovsQSNJ+l089MjyWgU4=,8CKFExB2DSxoyUsfiGP35hxbWDc=
13072,6853,pl8clFHVovsQSNJ+l089MjyWgU4=,8CKFExB2DSxoyUsfiGP35hxbWDc=
13075,6855,pl8clFHVovsQSNJ+l089MjyWgU4=,8CKFExB2DSxoyUsfiGP35hxbWDc=
13072,6851,pl8clFHVovsQSNJ+l089MjyWgU4=,8CKFExB2DSxoyUsfiGP35hxbWDc=
13072,6852,pl8clFHVovsQSNJ+l089MjyWgU4=,8CKFExB2DSxoyUsfiGP35hxbWDc=
13072,6850,pl8clFHVovsQSNJ+l089MjyWgU4=,8CKFExB2DSxoyUsfiGP35hxbWDc=
13072,6848,pl8clFHVovsQSNJ+l089MjyWgU4=,8CKFExB2DSxoyUsfiGP35hxbWDc=
13075,6859,pl8clFHVovsQSNJ+l089MjyWgU4=,8CKFExB2DSxoyUsfiGP35hxbWDc=
13074,6859,pl8clFHVovsQSNJ+l089MjyWgU4=,8CKFExB2DSxoyUsfiGP35hxbWDc=
13072,6849,pl8clFHVovsQSNJ+l089MjyWgU4=,8CKFExB2DSxoyUsfiGP35hxbWDc=
13074,6850,pl8clFHVovsQSNJ+l089MjyWgU4=,8CKFExB2DSxoyUsfiGP35hxbWDc=
13075,6852,pl8clFHVovsQSNJ+l089MjyWgU4=,8CKFExB2DSxoyUsfiGP35hxbWDc=
13075,6851,pl8clFHVovsQSNJ+l089MjyWgU4=,8CKFExB2DSxoyUsfiGP35hxbWDc=
13074,6848,pl8clFHVovsQSNJ+l089MjyWgU4=,8CKFExB2DSxoyUsfiGP35hxbWDc=
13074,6849,pl8clFHVovsQSNJ+l089MjyWgU4=,8CKFExB2DSxoyUsfiGP35hxbWDc=
13077,6851,pl8clFHVovsQSNJ+l089MjyWgU4=,2MGRoaxbRRJX0jk6oq7wOY33nzI=
13076,6851,pl8clFHVovsQSNJ+l089MjyWgU4=,2MGRoaxbRRJX0jk6oq7wOY33nzI=
13075,6849,pl8clFHVovsQSNJ+l089MjyWgU4=,8CKFExB2DSxoyUsfiGP35hxbWDc=
13075,6850,pl8clFHVovsQSNJ+l089MjyWgU4=,8CKFExB2DSxoyUsfiGP35hxbWDc=
13075,6848,pl8clFHVovsQSNJ+l089MjyWgU4=,8CKFExB2DSxoyUsfiGP35hxbWDc=
13076,6850,pl8clFHVovsQSNJ+l089MjyWgU4=,2MGRoaxbRRJX0jk6oq7wOY33nzI=
13076,6849,pl8clFHVovsQSNJ+l089MjyWgU4=,2MGRoaxbRRJX0jk6oq7wOY33nzI=
13076,6848,pl8clFHVovsQSNJ+l089MjyWgU4=,2MGRoaxbRRJX0jk6oq7wOY33nzI=
13077,6848,pl8clFHVovsQSNJ+l089MjyWgU4=,2MGRoaxbRRJX0jk6oq7wOY33nzI=
13077,6849,pl8clFHVovsQSNJ+l089MjyWgU4=,2MGRoaxbRRJX0jk6oq7wOY33nzI=
13077,6850,pl8clFHVovsQSNJ+l089MjyWgU4=,2MGRoaxbRRJX0jk6oq7wOY33nzI=
