13085,6813,ZxyZd/7konhJ1NYP00LpNzvlF6A=,HP3erhAqW6hwbm7SnlQ1L6RZ7So=
13086,6813,ZxyZd/7konhJ1NYP00LpNzvlF6A=,HP3erhAqW6hwbm7SnlQ1L6RZ7So=
13086,6814,ZxyZd/7konhJ1NYP00LpNzvlF6A=,HP3erhAqW6hwbm7SnlQ1L6RZ7So=
13085,6814,ZxyZd/7konhJ1NYP00LpNzvlF6A=,bdWo4zhd9FA7RyvjTXJWNJYdQC4=
13083,6813,o9ks++HtINOmrIWID2gA2yjHPZw=,EC/IBmq7v2Gz04gV9D1j2W+venU=
13084,6813,o9ks++HtINOmrIWID2gA2yjHPZw=,HP3erhAqW6hwbm7SnlQ1L6RZ7So=
13084,6814,o9ks++HtINOmrIWID2gA2yjHPZw=,bdWo4zhd9FA7RyvjTXJWNJYdQC4=
13083,6814,o9ks++HtINOmrIWID2gA2yjHPZw=,hzAM6S2DND9pKEwg2geGCASq2Uw=
13083,6811,o9ks++HtINOmrIWID2gA2yjHPZw=,NynLhis3ju63HcF0DSlF7j2+ezw=
13083,6812,o9ks++HtINOmrIWID2gA2yjHPZw=,EC/IBmq7v2Gz04gV9D1j2W+venU=
13084,6811,o9ks++HtINOmrIWID2gA2yjHPZw=,GSTdVV9+5V0jHzRDEpb33Nm8e0o=
13084,6812,o9ks++HtINOmrIWID2gA2yjHPZw=,HP3erhAqW6hwbm7SnlQ1L6RZ7So=
13081,6813,o9ks++HtINOmrIWID2gA2yjHPZw=,tFJ05/XNBgTbnMzBbjlPnIFD49g=
13082,6813,o9ks++HtINOmrIWID2gA2yjHPZw=,EC/IBmq7v2Gz04gV9D1j2W+venU=
13082,6814,o9ks++HtINOmrIWID2gA2yjHPZw=,hzAM6S2DND9pKEwg2geGCASq2Uw=
13081,6814,o9ks++HtINOmrIWID2gA2yjHPZw=,ZDOrPqTRQkz6ee0SynTz5GMBDjY=
13079,6813,o9ks++HtINOmrIWID2gA2yjHPZw=,LPeHnS3q9ArBu4R3qncWxpzvQOw=
13080,6813,o9ks++HtINOmrIWID2gA2yjHPZw=,tFJ05/XNBgTbnMzBbjlPnIFD49g=
13080,6814,o9ks++HtINOmrIWID2gA2yjHPZw=,ZDOrPqTRQkz6ee0SynTz5GMBDjY=
13079,6814,o9ks++HtINOmrIWID2gA2yjHPZw=,hmmt5Hl+hUgeAH+j8dySjtXNrOU=
13078,6813,o9ks++HtINOmrIWID2gA2yjHPZw=,LPeHnS3q9ArBu4R3qncWxpzvQOw=
13077,6813,o9ks++HtINOmrIWID2gA2yjHPZw=,wyzjSXrda2Wk+wKYu5tCRrnct00=
13077,6814,o9ks++HtINOmrIWID2gA2yjHPZw=,hmmt5Hl+hUgeAH+j8dySjtXNrOU=
13078,6814,o9ks++HtINOmrIWID2gA2yjHPZw=,hmmt5Hl+hUgeAH+j8dySjtXNrOU=
13078,6811,o9ks++HtINOmrIWID2gA2yjHPZw=,yeCQJgI/lMsZm5giGRYO9MdTChk=
13078,6812,o9ks++HtINOmrIWID2gA2yjHPZw=,LPeHnS3q9ArBu4R3qncWxpzvQOw=
13077,6812,o9ks++HtINOmrIWID2gA2yjHPZw=,wyzjSXrda2Wk+wKYu5tCRrnct00=
13077,6811,o9ks++HtINOmrIWID2gA2yjHPZw=,wyzjSXrda2Wk+wKYu5tCRrnct00=
13078,6810,gIVpvugMnXCeDlvKu3xB6Kibxsc=,yeCQJgI/lMsZm5giGRYO9MdTChk=
13077,6810,gIVpvugMnXCeDlvKu3xB6Kibxsc=,wyzjSXrda2Wk+wKYu5tCRrnct00=
13077,6809,gIVpvugMnXCeDlvKu3xB6Kibxsc=,gMaJyccFd/A8pVGB9GAX4SvlPp8=
13078,6809,gIVpvugMnXCeDlvKu3xB6Kibxsc=,yeCQJgI/lMsZm5giGRYO9MdTChk=
13077,6807,gIVpvugMnXCeDlvKu3xB6Kibxsc=,yeCQJgI/lMsZm5giGRYO9MdTChk=
13078,6808,gIVpvugMnXCeDlvKu3xB6Kibxsc=,yeCQJgI/lMsZm5giGRYO9MdTChk=
13077,6808,gIVpvugMnXCeDlvKu3xB6Kibxsc=,gMaJyccFd/A8pVGB9GAX4SvlPp8=
13078,6807,gIVpvugMnXCeDlvKu3xB6Kibxsc=,yeCQJgI/lMsZm5giGRYO9MdTChk=
13077,6805,gIVpvugMnXCeDlvKu3xB6Kibxsc=,yeCQJgI/lMsZm5giGRYO9MdTChk=
13077,6806,gIVpvugMnXCeDlvKu3xB6Kibxsc=,yeCQJgI/lMsZm5giGRYO9MdTChk=
13078,6806,gIVpvugMnXCeDlvKu3xB6Kibxsc=,yeCQJgI/lMsZm5giGRYO9MdTChk=
13078,6805,gIVpvugMnXCeDlvKu3xB6Kibxsc=,yeCQJgI/lMsZm5giGRYO9MdTChk=
13079,6803,gIVpvugMnXCeDlvKu3xB6Kibxsc=,yeCQJgI/lMsZm5giGRYO9MdTChk=
13077,6804,gIVpvugMnXCeDlvKu3xB6Kibxsc=,yeCQJgI/lMsZm5giGRYO9MdTChk=
13077,6803,gIVpvugMnXCeDlvKu3xB6Kibxsc=,yeCQJgI/lMsZm5giGRYO9MdTChk=
13078,6803,gIVpvugMnXCeDlvKu3xB6Kibxsc=,yeCQJgI/lMsZm5giGRYO9MdTChk=
13079,6804,gIVpvugMnXCeDlvKu3xB6Kibxsc=,yeCQJgI/lMsZm5giGRYO9MdTChk=
13078,6804,gIVpvugMnXCeDlvKu3xB6Kibxsc=,yeCQJgI/lMsZm5giGRYO9MdTChk=
13077,6801,gIVpvugMnXCeDlvKu3xB6Kibxsc=,yeCQJgI/lMsZm5giGRYO9MdTChk=
13077,6802,gIVpvugMnXCeDlvKu3xB6Kibxsc=,yeCQJgI/lMsZm5giGRYO9MdTChk=
13078,6802,gIVpvugMnXCeDlvKu3xB6Kibxsc=,yeCQJgI/lMsZm5giGRYO9MdTChk=
13078,6801,gIVpvugMnXCeDlvKu3xB6Kibxsc=,yeCQJgI/lMsZm5giGRYO9MdTChk=
13082,6803,gIVpvugMnXCeDlvKu3xB6Kibxsc=,sObz4dnyBDhuhbuGvaN38LmGod0=
13082,6804,gIVpvugMnXCeDlvKu3xB6Kibxsc=,6DBmLRugwNPMfaN33nSSQi4pzOA=
13083,6803,gIVpvugMnXCeDlvKu3xB6Kibxsc=,sObz4dnyBDhuhbuGvaN38LmGod0=
13083,6804,gIVpvugMnXCeDlvKu3xB6Kibxsc=,6DBmLRugwNPMfaN33nSSQi4pzOA=
13084,6804,gIVpvugMnXCeDlvKu3xB6Kibxsc=,RdLSvIB7T8jpCkR+hDgDVDTh8n4=
13084,6803,gIVpvugMnXCeDlvKu3xB6Kibxsc=,RdLSvIB7T8jpCkR+hDgDVDTh8n4=
13083,6802,gIVpvugMnXCeDlvKu3xB6Kibxsc=,sObz4dnyBDhuhbuGvaN38LmGod0=
13083,6801,gIVpvugMnXCeDlvKu3xB6Kibxsc=,sObz4dnyBDhuhbuGvaN38LmGod0=
13084,6802,gIVpvugMnXCeDlvKu3xB6Kibxsc=,RdLSvIB7T8jpCkR+hDgDVDTh8n4=
13084,6801,gIVpvugMnXCeDlvKu3xB6Kibxsc=,yV52wZeeCZY0jeZT36ZzkdreOZg=
13085,6804,gIVpvugMnXCeDlvKu3xB6Kibxsc=,RdLSvIB7T8jpCkR+hDgDVDTh8n4=
13086,6812,gIVpvugMnXCeDlvKu3xB6Kibxsc=,HP3erhAqW6hwbm7SnlQ1L6RZ7So=
13079,6809,gIVpvugMnXCeDlvKu3xB6Kibxsc=,yeCQJgI/lMsZm5giGRYO9MdTChk=
13085,6812,gIVpvugMnXCeDlvKu3xB6Kibxsc=,HP3erhAqW6hwbm7SnlQ1L6RZ7So=
13085,6811,gIVpvugMnXCeDlvKu3xB6Kibxsc=,GSTdVV9+5V0jHzRDEpb33Nm8e0o=
13079,6811,gIVpvugMnXCeDlvKu3xB6Kibxsc=,yeCQJgI/lMsZm5giGRYO9MdTChk=
13079,6810,gIVpvugMnXCeDlvKu3xB6Kibxsc=,yeCQJgI/lMsZm5giGRYO9MdTChk=
13079,6812,gIVpvugMnXCeDlvKu3xB6Kibxsc=,LPeHnS3q9ArBu4R3qncWxpzvQOw=
13082,6811,gIVpvugMnXCeDlvKu3xB6Kibxsc=,NynLhis3ju63HcF0DSlF7j2+ezw=
13079,6808,gIVpvugMnXCeDlvKu3xB6Kibxsc=,yeCQJgI/lMsZm5giGRYO9MdTChk=
13085,6803,gIVpvugMnXCeDlvKu3xB6Kibxsc=,RdLSvIB7T8jpCkR+hDgDVDTh8n4=
13079,6805,gIVpvugMnXCeDlvKu3xB6Kibxsc=,yeCQJgI/lMsZm5giGRYO9MdTChk=
13079,6807,gIVpvugMnXCeDlvKu3xB6Kibxsc=,yeCQJgI/lMsZm5giGRYO9MdTChk=
13079,6806,gIVpvugMnXCeDlvKu3xB6Kibxsc=,yeCQJgI/lMsZm5giGRYO9MdTChk=
13082,6805,gIVpvugMnXCeDlvKu3xB6Kibxsc=,6DBmLRugwNPMfaN33nSSQi4pzOA=
13082,6806,gIVpvugMnXCeDlvKu3xB6Kibxsc=,6DBmLRugwNPMfaN33nSSQi4pzOA=
13080,6812,gIVpvugMnXCeDlvKu3xB6Kibxsc=,tFJ05/XNBgTbnMzBbjlPnIFD49g=
13082,6812,gIVpvugMnXCeDlvKu3xB6Kibxsc=,EC/IBmq7v2Gz04gV9D1j2W+venU=
13081,6812,gIVpvugMnXCeDlvKu3xB6Kibxsc=,tFJ05/XNBgTbnMzBbjlPnIFD49g=
13087,6812,gIVpvugMnXCeDlvKu3xB6Kibxsc=,HP3erhAqW6hwbm7SnlQ1L6RZ7So=
13087,6813,gIVpvugMnXCeDlvKu3xB6Kibxsc=,HP3erhAqW6hwbm7SnlQ1L6RZ7So=
13087,6814,gIVpvugMnXCeDlvKu3xB6Kibxsc=,HP3erhAqW6hwbm7SnlQ1L6RZ7So=
13086,6815,gIVpvugMnXCeDlvKu3xB6Kibxsc=,HP3erhAqW6hwbm7SnlQ1L6RZ7So=
13085,6815,gIVpvugMnXCeDlvKu3xB6Kibxsc=,bdWo4zhd9FA7RyvjTXJWNJYdQC4=
13083,6805,gIVpvugMnXCeDlvKu3xB6Kibxsc=,6DBmLRugwNPMfaN33nSSQi4pzOA=
13085,6805,gIVpvugMnXCeDlvKu3xB6Kibxsc=,RdLSvIB7T8jpCkR+hDgDVDTh8n4=
13085,6806,gIVpvugMnXCeDlvKu3xB6Kibxsc=,56iSipjKJT41xH8mV3d8FndIW3k=
13083,6806,gIVpvugMnXCeDlvKu3xB6Kibxsc=,6DBmLRugwNPMfaN33nSSQi4pzOA=
13082,6809,gIVpvugMnXCeDlvKu3xB6Kibxsc=,NynLhis3ju63HcF0DSlF7j2+ezw=
13082,6807,gIVpvugMnXCeDlvKu3xB6Kibxsc=,6DBmLRugwNPMfaN33nSSQi4pzOA=
13082,6810,gIVpvugMnXCeDlvKu3xB6Kibxsc=,NynLhis3ju63HcF0DSlF7j2+ezw=
13082,6808,gIVpvugMnXCeDlvKu3xB6Kibxsc=,NynLhis3ju63HcF0DSlF7j2+ezw=
13084,6806,gIVpvugMnXCeDlvKu3xB6Kibxsc=,56iSipjKJT41xH8mV3d8FndIW3k=
13084,6805,gIVpvugMnXCeDlvKu3xB6Kibxsc=,RdLSvIB7T8jpCkR+hDgDVDTh8n4=
13084,6815,gIVpvugMnXCeDlvKu3xB6Kibxsc=,bdWo4zhd9FA7RyvjTXJWNJYdQC4=
13083,6815,gIVpvugMnXCeDlvKu3xB6Kibxsc=,hzAM6S2DND9pKEwg2geGCASq2Uw=
13085,6802,gIVpvugMnXCeDlvKu3xB6Kibxsc=,RdLSvIB7T8jpCkR+hDgDVDTh8n4=
13085,6801,gIVpvugMnXCeDlvKu3xB6Kibxsc=,yV52wZeeCZY0jeZT36ZzkdreOZg=
13076,6815,gIVpvugMnXCeDlvKu3xB6Kibxsc=,hmmt5Hl+hUgeAH+j8dySjtXNrOU=
13079,6801,gIVpvugMnXCeDlvKu3xB6Kibxsc=,yeCQJgI/lMsZm5giGRYO9MdTChk=
13079,6802,gIVpvugMnXCeDlvKu3xB6Kibxsc=,yeCQJgI/lMsZm5giGRYO9MdTChk=
13082,6801,gIVpvugMnXCeDlvKu3xB6Kibxsc=,sObz4dnyBDhuhbuGvaN38LmGod0=
13082,6802,gIVpvugMnXCeDlvKu3xB6Kibxsc=,sObz4dnyBDhuhbuGvaN38LmGod0=
13076,6803,gIVpvugMnXCeDlvKu3xB6Kibxsc=,yeCQJgI/lMsZm5giGRYO9MdTChk=
13076,6804,gIVpvugMnXCeDlvKu3xB6Kibxsc=,yeCQJgI/lMsZm5giGRYO9MdTChk=
13076,6806,gIVpvugMnXCeDlvKu3xB6Kibxsc=,yeCQJgI/lMsZm5giGRYO9MdTChk=
13076,6805,gIVpvugMnXCeDlvKu3xB6Kibxsc=,yeCQJgI/lMsZm5giGRYO9MdTChk=
13076,6808,gIVpvugMnXCeDlvKu3xB6Kibxsc=,gMaJyccFd/A8pVGB9GAX4SvlPp8=
13076,6807,gIVpvugMnXCeDlvKu3xB6Kibxsc=,yeCQJgI/lMsZm5giGRYO9MdTChk=
13083,6800,gIVpvugMnXCeDlvKu3xB6Kibxsc=,sObz4dnyBDhuhbuGvaN38LmGod0=
13082,6800,gIVpvugMnXCeDlvKu3xB6Kibxsc=,sObz4dnyBDhuhbuGvaN38LmGod0=
13085,6800,gIVpvugMnXCeDlvKu3xB6Kibxsc=,yV52wZeeCZY0jeZT36ZzkdreOZg=
13076,6802,gIVpvugMnXCeDlvKu3xB6Kibxsc=,yeCQJgI/lMsZm5giGRYO9MdTChk=
13076,6801,gIVpvugMnXCeDlvKu3xB6Kibxsc=,yeCQJgI/lMsZm5giGRYO9MdTChk=
13076,6810,gIVpvugMnXCeDlvKu3xB6Kibxsc=,wyzjSXrda2Wk+wKYu5tCRrnct00=
13076,6809,gIVpvugMnXCeDlvKu3xB6Kibxsc=,gMaJyccFd/A8pVGB9GAX4SvlPp8=
13076,6811,gIVpvugMnXCeDlvKu3xB6Kibxsc=,wyzjSXrda2Wk+wKYu5tCRrnct00=
13076,6814,gIVpvugMnXCeDlvKu3xB6Kibxsc=,hmmt5Hl+hUgeAH+j8dySjtXNrOU=
13076,6813,gIVpvugMnXCeDlvKu3xB6Kibxsc=,wyzjSXrda2Wk+wKYu5tCRrnct00=
13084,6800,gIVpvugMnXCeDlvKu3xB6Kibxsc=,yV52wZeeCZY0jeZT36ZzkdreOZg=
13076,6812,gIVpvugMnXCeDlvKu3xB6Kibxsc=,wyzjSXrda2Wk+wKYu5tCRrnct00=
13082,6815,gIVpvugMnXCeDlvKu3xB6Kibxsc=,hzAM6S2DND9pKEwg2geGCASq2Uw=
13081,6815,gIVpvugMnXCeDlvKu3xB6Kibxsc=,ZDOrPqTRQkz6ee0SynTz5GMBDjY=
13087,6815,gIVpvugMnXCeDlvKu3xB6Kibxsc=,HP3erhAqW6hwbm7SnlQ1L6RZ7So=
13077,6815,gIVpvugMnXCeDlvKu3xB6Kibxsc=,hmmt5Hl+hUgeAH+j8dySjtXNrOU=
13079,6815,gIVpvugMnXCeDlvKu3xB6Kibxsc=,hmmt5Hl+hUgeAH+j8dySjtXNrOU=
13080,6815,gIVpvugMnXCeDlvKu3xB6Kibxsc=,ZDOrPqTRQkz6ee0SynTz5GMBDjY=
13076,6800,gIVpvugMnXCeDlvKu3xB6Kibxsc=,yeCQJgI/lMsZm5giGRYO9MdTChk=
13079,6800,gIVpvugMnXCeDlvKu3xB6Kibxsc=,yeCQJgI/lMsZm5giGRYO9MdTChk=
13077,6800,gIVpvugMnXCeDlvKu3xB6Kibxsc=,yeCQJgI/lMsZm5giGRYO9MdTChk=
13078,6815,gIVpvugMnXCeDlvKu3xB6Kibxsc=,hmmt5Hl+hUgeAH+j8dySjtXNrOU=
13078,6800,gIVpvugMnXCeDlvKu3xB6Kibxsc=,yeCQJgI/lMsZm5giGRYO9MdTChk=
13083,6807,gIVpvugMnXCeDlvKu3xB6Kibxsc=,6DBmLRugwNPMfaN33nSSQi4pzOA=
13085,6810,gIVpvugMnXCeDlvKu3xB6Kibxsc=,GSTdVV9+5V0jHzRDEpb33Nm8e0o=
13083,6809,gIVpvugMnXCeDlvKu3xB6Kibxsc=,NynLhis3ju63HcF0DSlF7j2+ezw=
13085,6807,gIVpvugMnXCeDlvKu3xB6Kibxsc=,56iSipjKJT41xH8mV3d8FndIW3k=
13083,6810,gIVpvugMnXCeDlvKu3xB6Kibxsc=,NynLhis3ju63HcF0DSlF7j2+ezw=
13083,6808,gIVpvugMnXCeDlvKu3xB6Kibxsc=,NynLhis3ju63HcF0DSlF7j2+ezw=
13084,6810,gIVpvugMnXCeDlvKu3xB6Kibxsc=,GSTdVV9+5V0jHzRDEpb33Nm8e0o=
13084,6807,gIVpvugMnXCeDlvKu3xB6Kibxsc=,56iSipjKJT41xH8mV3d8FndIW3k=
13085,6808,gIVpvugMnXCeDlvKu3xB6Kibxsc=,GSTdVV9+5V0jHzRDEpb33Nm8e0o=
13085,6809,gIVpvugMnXCeDlvKu3xB6Kibxsc=,GSTdVV9+5V0jHzRDEpb33Nm8e0o=
13084,6808,gIVpvugMnXCeDlvKu3xB6Kibxsc=,GSTdVV9+5V0jHzRDEpb33Nm8e0o=
13084,6809,gIVpvugMnXCeDlvKu3xB6Kibxsc=,GSTdVV9+5V0jHzRDEpb33Nm8e0o=
13078,6794,gIVpvugMnXCeDlvKu3xB6Kibxsc=,yeCQJgI/lMsZm5giGRYO9MdTChk=
13077,6794,gIVpvugMnXCeDlvKu3xB6Kibxsc=,yeCQJgI/lMsZm5giGRYO9MdTChk=
13079,6794,gIVpvugMnXCeDlvKu3xB6Kibxsc=,yeCQJgI/lMsZm5giGRYO9MdTChk=
13076,6796,gIVpvugMnXCeDlvKu3xB6Kibxsc=,yeCQJgI/lMsZm5giGRYO9MdTChk=
13076,6795,gIVpvugMnXCeDlvKu3xB6Kibxsc=,yeCQJgI/lMsZm5giGRYO9MdTChk=
13076,6794,gIVpvugMnXCeDlvKu3xB6Kibxsc=,yeCQJgI/lMsZm5giGRYO9MdTChk=
13076,6797,gIVpvugMnXCeDlvKu3xB6Kibxsc=,yeCQJgI/lMsZm5giGRYO9MdTChk=
13076,6799,gIVpvugMnXCeDlvKu3xB6Kibxsc=,yeCQJgI/lMsZm5giGRYO9MdTChk=
13076,6798,gIVpvugMnXCeDlvKu3xB6Kibxsc=,yeCQJgI/lMsZm5giGRYO9MdTChk=
13082,6799,dPuOEpS+A5ejoc2lgirrEW0BjU8=,y/Go4MQPlAFo5K1hW8eX1hl7sIo=
13082,6798,dPuOEpS+A5ejoc2lgirrEW0BjU8=,y/Go4MQPlAFo5K1hW8eX1hl7sIo=
13084,6798,dPuOEpS+A5ejoc2lgirrEW0BjU8=,EWOtdDqvbvGuekeV8J6xS6BrqH4=
13083,6798,dPuOEpS+A5ejoc2lgirrEW0BjU8=,y/Go4MQPlAFo5K1hW8eX1hl7sIo=
13085,6798,dPuOEpS+A5ejoc2lgirrEW0BjU8=,EWOtdDqvbvGuekeV8J6xS6BrqH4=
13085,6799,dPuOEpS+A5ejoc2lgirrEW0BjU8=,EWOtdDqvbvGuekeV8J6xS6BrqH4=
13083,6799,dPuOEpS+A5ejoc2lgirrEW0BjU8=,y/Go4MQPlAFo5K1hW8eX1hl7sIo=
13084,6799,dPuOEpS+A5ejoc2lgirrEW0BjU8=,EWOtdDqvbvGuekeV8J6xS6BrqH4=
13084,6788,dPuOEpS+A5ejoc2lgirrEW0BjU8=,EWOtdDqvbvGuekeV8J6xS6BrqH4=
13085,6788,dPuOEpS+A5ejoc2lgirrEW0BjU8=,EWOtdDqvbvGuekeV8J6xS6BrqH4=
13085,6789,dPuOEpS+A5ejoc2lgirrEW0BjU8=,EWOtdDqvbvGuekeV8J6xS6BrqH4=
13084,6789,dPuOEpS+A5ejoc2lgirrEW0BjU8=,EWOtdDqvbvGuekeV8J6xS6BrqH4=
13079,6795,dPuOEpS+A5ejoc2lgirrEW0BjU8=,yeCQJgI/lMsZm5giGRYO9MdTChk=
13079,6796,dPuOEpS+A5ejoc2lgirrEW0BjU8=,yeCQJgI/lMsZm5giGRYO9MdTChk=
13078,6795,dPuOEpS+A5ejoc2lgirrEW0BjU8=,yeCQJgI/lMsZm5giGRYO9MdTChk=
13077,6796,dPuOEpS+A5ejoc2lgirrEW0BjU8=,yeCQJgI/lMsZm5giGRYO9MdTChk=
13077,6795,dPuOEpS+A5ejoc2lgirrEW0BjU8=,yeCQJgI/lMsZm5giGRYO9MdTChk=
13079,6799,dPuOEpS+A5ejoc2lgirrEW0BjU8=,yeCQJgI/lMsZm5giGRYO9MdTChk=
13079,6798,dPuOEpS+A5ejoc2lgirrEW0BjU8=,yeCQJgI/lMsZm5giGRYO9MdTChk=
13077,6798,dPuOEpS+A5ejoc2lgirrEW0BjU8=,yeCQJgI/lMsZm5giGRYO9MdTChk=
13079,6797,dPuOEpS+A5ejoc2lgirrEW0BjU8=,yeCQJgI/lMsZm5giGRYO9MdTChk=
13077,6799,dPuOEpS+A5ejoc2lgirrEW0BjU8=,yeCQJgI/lMsZm5giGRYO9MdTChk=
13077,6797,dPuOEpS+A5ejoc2lgirrEW0BjU8=,yeCQJgI/lMsZm5giGRYO9MdTChk=
13078,6797,dPuOEpS+A5ejoc2lgirrEW0BjU8=,yeCQJgI/lMsZm5giGRYO9MdTChk=
13078,6799,dPuOEpS+A5ejoc2lgirrEW0BjU8=,yeCQJgI/lMsZm5giGRYO9MdTChk=
13078,6798,dPuOEpS+A5ejoc2lgirrEW0BjU8=,yeCQJgI/lMsZm5giGRYO9MdTChk=
13078,6796,dPuOEpS+A5ejoc2lgirrEW0BjU8=,yeCQJgI/lMsZm5giGRYO9MdTChk=
