13094,6829,Qxe6RQS9XmlVng0PtkXvftMrrg8=,ldC86AmFfNTBMRKEk/PRU8e0Vmo=
13094,6830,Qxe6RQS9XmlVng0PtkXvftMrrg8=,ldC86AmFfNTBMRKEk/PRU8e0Vmo=
13093,6830,Qxe6RQS9XmlVng0PtkXvftMrrg8=,wVYqt6mdZtHH22DF9C5SS2kH210=
13093,6829,Qxe6RQS9XmlVng0PtkXvftMrrg8=,A1IVbGRaApcrnIaqC12BxJ2PfLg=
13096,6830,6egcFV83oyTZNSqHI9eov4yEu1I=,5iJRb4ntMWyrdxjjMPLYWurPhYk=
13096,6829,6egcFV83oyTZNSqHI9eov4yEu1I=,5iJRb4ntMWyrdxjjMPLYWurPhYk=
13095,6830,6egcFV83oyTZNSqHI9eov4yEu1I=,ldC86AmFfNTBMRKEk/PRU8e0Vmo=
13095,6829,6egcFV83oyTZNSqHI9eov4yEu1I=,ldC86AmFfNTBMRKEk/PRU8e0Vmo=
13097,6829,6egcFV83oyTZNSqHI9eov4yEu1I=,5iJRb4ntMWyrdxjjMPLYWurPhYk=
13098,6829,6egcFV83oyTZNSqHI9eov4yEu1I=,ltLAAEUBXfrTN3xDjLYIGicqOOk=
13098,6830,6egcFV83oyTZNSqHI9eov4yEu1I=,KZNZkcK9gaR8K3j3/VEZZoetuxg=
13097,6830,6egcFV83oyTZNSqHI9eov4yEu1I=,5iJRb4ntMWyrdxjjMPLYWurPhYk=
13098,6826,fZ6nZ3duu3JocCHLlhcyNmXh7m0=,bI7jgX2a6FfnKuHsMKncBlCQkAo=
13098,6825,fZ6nZ3duu3JocCHLlhcyNmXh7m0=,fNnyRorcnqXIXO3Odawf67i3v00=
13097,6825,fZ6nZ3duu3JocCHLlhcyNmXh7m0=,kTkgluIj6N112dqYAssLjP5bsjQ=
13097,6827,fZ6nZ3duu3JocCHLlhcyNmXh7m0=,OCWAOOi1oyEt73GAyrEUzZ3MrEU=
13098,6827,fZ6nZ3duu3JocCHLlhcyNmXh7m0=,bI7jgX2a6FfnKuHsMKncBlCQkAo=
13097,6826,fZ6nZ3duu3JocCHLlhcyNmXh7m0=,OCWAOOi1oyEt73GAyrEUzZ3MrEU=
13098,6828,fZ6nZ3duu3JocCHLlhcyNmXh7m0=,ltLAAEUBXfrTN3xDjLYIGicqOOk=
13097,6828,fZ6nZ3duu3JocCHLlhcyNmXh7m0=,5iJRb4ntMWyrdxjjMPLYWurPhYk=
13096,6823,fZ6nZ3duu3JocCHLlhcyNmXh7m0=,+S8JI7F1YR0PN5gaDg7z0tMWD3Y=
13095,6823,fZ6nZ3duu3JocCHLlhcyNmXh7m0=,V/OIFrZl0psBHdx9BAOPQH3ELFc=
13095,6824,fZ6nZ3duu3JocCHLlhcyNmXh7m0=,kTkgluIj6N112dqYAssLjP5bsjQ=
13096,6824,fZ6nZ3duu3JocCHLlhcyNmXh7m0=,kTkgluIj6N112dqYAssLjP5bsjQ=
13095,6827,UaA0jKnYw3sYzgGjTDn+R5TkKJI=,ldC86AmFfNTBMRKEk/PRU8e0Vmo=
13096,6828,UaA0jKnYw3sYzgGjTDn+R5TkKJI=,5iJRb4ntMWyrdxjjMPLYWurPhYk=
13095,6828,UaA0jKnYw3sYzgGjTDn+R5TkKJI=,ldC86AmFfNTBMRKEk/PRU8e0Vmo=
13096,6827,UaA0jKnYw3sYzgGjTDn+R5TkKJI=,OCWAOOi1oyEt73GAyrEUzZ3MrEU=
13095,6825,UaA0jKnYw3sYzgGjTDn+R5TkKJI=,kTkgluIj6N112dqYAssLjP5bsjQ=
13096,6825,UaA0jKnYw3sYzgGjTDn+R5TkKJI=,kTkgluIj6N112dqYAssLjP5bsjQ=
13095,6826,UaA0jKnYw3sYzgGjTDn+R5TkKJI=,ldC86AmFfNTBMRKEk/PRU8e0Vmo=
13096,6826,UaA0jKnYw3sYzgGjTDn+R5TkKJI=,OCWAOOi1oyEt73GAyrEUzZ3MrEU=
13093,6825,UaA0jKnYw3sYzgGjTDn+R5TkKJI=,S5k+lQakMhnRB01lPgEHP7C+ASc=
13093,6827,UaA0jKnYw3sYzgGjTDn+R5TkKJI=,ldC86AmFfNTBMRKEk/PRU8e0Vmo=
13093,6826,UaA0jKnYw3sYzgGjTDn+R5TkKJI=,ldC86AmFfNTBMRKEk/PRU8e0Vmo=
13094,6825,UaA0jKnYw3sYzgGjTDn+R5TkKJI=,kTkgluIj6N112dqYAssLjP5bsjQ=
13094,6827,UaA0jKnYw3sYzgGjTDn+R5TkKJI=,ldC86AmFfNTBMRKEk/PRU8e0Vmo=
13093,6828,UaA0jKnYw3sYzgGjTDn+R5TkKJI=,A1IVbGRaApcrnIaqC12BxJ2PfLg=
13094,6826,UaA0jKnYw3sYzgGjTDn+R5TkKJI=,ldC86AmFfNTBMRKEk/PRU8e0Vmo=
13094,6828,UaA0jKnYw3sYzgGjTDn+R5TkKJI=,ldC86AmFfNTBMRKEk/PRU8e0Vmo=
13092,6825,UaA0jKnYw3sYzgGjTDn+R5TkKJI=,S5k+lQakMhnRB01lPgEHP7C+ASc=
13091,6826,UaA0jKnYw3sYzgGjTDn+R5TkKJI=,06ii+nHm2EijPAlHSt/wZMdoLrU=
13092,6826,UaA0jKnYw3sYzgGjTDn+R5TkKJI=,ldC86AmFfNTBMRKEk/PRU8e0Vmo=
13091,6825,UaA0jKnYw3sYzgGjTDn+R5TkKJI=,8CKFExB2DSxoyUsfiGP35hxbWDc=
13090,6823,VfOzfHOqrM3SMAQoeiR0AEb8l7s=,cmzsvfXWPhvWxnyOZEK0RGF6l9c=
13089,6823,VfOzfHOqrM3SMAQoeiR0AEb8l7s=,IZXJYcKPmtaNOkvLyZdmP5VwG1s=
13090,6824,VfOzfHOqrM3SMAQoeiR0AEb8l7s=,8CKFExB2DSxoyUsfiGP35hxbWDc=
13089,6824,VfOzfHOqrM3SMAQoeiR0AEb8l7s=,8CKFExB2DSxoyUsfiGP35hxbWDc=
13090,6826,VfOzfHOqrM3SMAQoeiR0AEb8l7s=,06ii+nHm2EijPAlHSt/wZMdoLrU=
13090,6825,VfOzfHOqrM3SMAQoeiR0AEb8l7s=,8CKFExB2DSxoyUsfiGP35hxbWDc=
13089,6825,VfOzfHOqrM3SMAQoeiR0AEb8l7s=,8CKFExB2DSxoyUsfiGP35hxbWDc=
13089,6826,VfOzfHOqrM3SMAQoeiR0AEb8l7s=,8CKFExB2DSxoyUsfiGP35hxbWDc=
13091,6827,VfOzfHOqrM3SMAQoeiR0AEb8l7s=,06ii+nHm2EijPAlHSt/wZMdoLrU=
13092,6828,VfOzfHOqrM3SMAQoeiR0AEb8l7s=,A1IVbGRaApcrnIaqC12BxJ2PfLg=
13091,6828,VfOzfHOqrM3SMAQoeiR0AEb8l7s=,6dehE/b8UCz2d5llHD7TxdYtjVo=
13092,6827,VfOzfHOqrM3SMAQoeiR0AEb8l7s=,ldC86AmFfNTBMRKEk/PRU8e0Vmo=
13093,6831,VfOzfHOqrM3SMAQoeiR0AEb8l7s=,wVYqt6mdZtHH22DF9C5SS2kH210=
13094,6831,VfOzfHOqrM3SMAQoeiR0AEb8l7s=,ldC86AmFfNTBMRKEk/PRU8e0Vmo=
13095,6831,j1P5gUgduLg9vWU9pgGlW+WZ7/Q=,ldC86AmFfNTBMRKEk/PRU8e0Vmo=
13096,6831,j1P5gUgduLg9vWU9pgGlW+WZ7/Q=,5iJRb4ntMWyrdxjjMPLYWurPhYk=
13098,6831,j1P5gUgduLg9vWU9pgGlW+WZ7/Q=,KZNZkcK9gaR8K3j3/VEZZoetuxg=
13097,6831,j1P5gUgduLg9vWU9pgGlW+WZ7/Q=,5iJRb4ntMWyrdxjjMPLYWurPhYk=
13090,6827,j1P5gUgduLg9vWU9pgGlW+WZ7/Q=,06ii+nHm2EijPAlHSt/wZMdoLrU=
13089,6827,j1P5gUgduLg9vWU9pgGlW+WZ7/Q=,8CKFExB2DSxoyUsfiGP35hxbWDc=
13090,6828,j1P5gUgduLg9vWU9pgGlW+WZ7/Q=,6dehE/b8UCz2d5llHD7TxdYtjVo=
13089,6828,j1P5gUgduLg9vWU9pgGlW+WZ7/Q=,6dehE/b8UCz2d5llHD7TxdYtjVo=
13092,6831,j1P5gUgduLg9vWU9pgGlW+WZ7/Q=,wVYqt6mdZtHH22DF9C5SS2kH210=
13092,6830,j1P5gUgduLg9vWU9pgGlW+WZ7/Q=,wVYqt6mdZtHH22DF9C5SS2kH210=
13092,6829,j1P5gUgduLg9vWU9pgGlW+WZ7/Q=,A1IVbGRaApcrnIaqC12BxJ2PfLg=
13091,6830,j1P5gUgduLg9vWU9pgGlW+WZ7/Q=,wVYqt6mdZtHH22DF9C5SS2kH210=
13091,6829,j1P5gUgduLg9vWU9pgGlW+WZ7/Q=,6dehE/b8UCz2d5llHD7TxdYtjVo=
13091,6831,j1P5gUgduLg9vWU9pgGlW+WZ7/Q=,wVYqt6mdZtHH22DF9C5SS2kH210=
13089,6831,j1P5gUgduLg9vWU9pgGlW+WZ7/Q=,OvjLOoYE+JXdkrVjR7z9oZOyS14=
13088,6830,j1P5gUgduLg9vWU9pgGlW+WZ7/Q=,OvjLOoYE+JXdkrVjR7z9oZOyS14=
13089,6829,j1P5gUgduLg9vWU9pgGlW+WZ7/Q=,6dehE/b8UCz2d5llHD7TxdYtjVo=
13090,6829,j1P5gUgduLg9vWU9pgGlW+WZ7/Q=,6dehE/b8UCz2d5llHD7TxdYtjVo=
13089,6830,j1P5gUgduLg9vWU9pgGlW+WZ7/Q=,OvjLOoYE+JXdkrVjR7z9oZOyS14=
13090,6831,j1P5gUgduLg9vWU9pgGlW+WZ7/Q=,wVYqt6mdZtHH22DF9C5SS2kH210=
13088,6829,j1P5gUgduLg9vWU9pgGlW+WZ7/Q=,6dehE/b8UCz2d5llHD7TxdYtjVo=
13090,6830,j1P5gUgduLg9vWU9pgGlW+WZ7/Q=,wVYqt6mdZtHH22DF9C5SS2kH210=
13103,6827,j1P5gUgduLg9vWU9pgGlW+WZ7/Q=,8Yq0DgC0okv4vEJcFfnCyAUhLS8=
13103,6828,j1P5gUgduLg9vWU9pgGlW+WZ7/Q=,8Yq0DgC0okv4vEJcFfnCyAUhLS8=
13100,6831,j1P5gUgduLg9vWU9pgGlW+WZ7/Q=,D3LrFadIXKjHyUaQqJ0wG1bKnGA=
13099,6831,j1P5gUgduLg9vWU9pgGlW+WZ7/Q=,KZNZkcK9gaR8K3j3/VEZZoetuxg=
13103,6830,gJHGozOWEGhIDyuTSYPoX3pwDZo=,D3LrFadIXKjHyUaQqJ0wG1bKnGA=
13103,6829,gJHGozOWEGhIDyuTSYPoX3pwDZo=,8Yq0DgC0okv4vEJcFfnCyAUhLS8=
13102,6827,gJHGozOWEGhIDyuTSYPoX3pwDZo=,8Yq0DgC0okv4vEJcFfnCyAUhLS8=
13099,6827,gJHGozOWEGhIDyuTSYPoX3pwDZo=,bI7jgX2a6FfnKuHsMKncBlCQkAo=
13102,6830,gJHGozOWEGhIDyuTSYPoX3pwDZo=,D3LrFadIXKjHyUaQqJ0wG1bKnGA=
13102,6828,gJHGozOWEGhIDyuTSYPoX3pwDZo=,8Yq0DgC0okv4vEJcFfnCyAUhLS8=
13100,6827,gJHGozOWEGhIDyuTSYPoX3pwDZo=,7ojs1PUcCYbVMdAvsNhdni08fEo=
13102,6829,gJHGozOWEGhIDyuTSYPoX3pwDZo=,8Yq0DgC0okv4vEJcFfnCyAUhLS8=
13102,6831,gJHGozOWEGhIDyuTSYPoX3pwDZo=,D3LrFadIXKjHyUaQqJ0wG1bKnGA=
13101,6830,gJHGozOWEGhIDyuTSYPoX3pwDZo=,D3LrFadIXKjHyUaQqJ0wG1bKnGA=
13101,6831,gJHGozOWEGhIDyuTSYPoX3pwDZo=,D3LrFadIXKjHyUaQqJ0wG1bKnGA=
13101,6828,gJHGozOWEGhIDyuTSYPoX3pwDZo=,8Yq0DgC0okv4vEJcFfnCyAUhLS8=
13103,6831,gJHGozOWEGhIDyuTSYPoX3pwDZo=,D3LrFadIXKjHyUaQqJ0wG1bKnGA=
13099,6828,gJHGozOWEGhIDyuTSYPoX3pwDZo=,ltLAAEUBXfrTN3xDjLYIGicqOOk=
13101,6827,gJHGozOWEGhIDyuTSYPoX3pwDZo=,7ojs1PUcCYbVMdAvsNhdni08fEo=
13100,6828,gJHGozOWEGhIDyuTSYPoX3pwDZo=,8Yq0DgC0okv4vEJcFfnCyAUhLS8=
13099,6829,gJHGozOWEGhIDyuTSYPoX3pwDZo=,ltLAAEUBXfrTN3xDjLYIGicqOOk=
13099,6830,gJHGozOWEGhIDyuTSYPoX3pwDZo=,KZNZkcK9gaR8K3j3/VEZZoetuxg=
13100,6829,gJHGozOWEGhIDyuTSYPoX3pwDZo=,8Yq0DgC0okv4vEJcFfnCyAUhLS8=
13101,6829,gJHGozOWEGhIDyuTSYPoX3pwDZo=,8Yq0DgC0okv4vEJcFfnCyAUhLS8=
13100,6830,gJHGozOWEGhIDyuTSYPoX3pwDZo=,D3LrFadIXKjHyUaQqJ0wG1bKnGA=
13099,6817,gJHGozOWEGhIDyuTSYPoX3pwDZo=,tHZw4/ckj8yDuYjy8V6tzWa5InI=
13099,6818,gJHGozOWEGhIDyuTSYPoX3pwDZo=,bI7jgX2a6FfnKuHsMKncBlCQkAo=
13100,6817,gV2/sc9iBBDx4Yi/FuLRr4aVJHE=,YzdqgFhwuYWUxBZjOo9XyaXvLfA=
13100,6818,gV2/sc9iBBDx4Yi/FuLRr4aVJHE=,bmAM+btfEVTsjgP15K2UiHjdAXQ=
13098,6824,gV2/sc9iBBDx4Yi/FuLRr4aVJHE=,fNnyRorcnqXIXO3Odawf67i3v00=
13097,6823,gV2/sc9iBBDx4Yi/FuLRr4aVJHE=,+S8JI7F1YR0PN5gaDg7z0tMWD3Y=
13098,6823,gV2/sc9iBBDx4Yi/FuLRr4aVJHE=,bI7jgX2a6FfnKuHsMKncBlCQkAo=
13097,6824,gV2/sc9iBBDx4Yi/FuLRr4aVJHE=,kTkgluIj6N112dqYAssLjP5bsjQ=
13098,6818,gV2/sc9iBBDx4Yi/FuLRr4aVJHE=,bI7jgX2a6FfnKuHsMKncBlCQkAo=
13097,6817,gV2/sc9iBBDx4Yi/FuLRr4aVJHE=,XVouWVz7t8+g//Mf0jmNNyIYSjA=
13098,6817,gV2/sc9iBBDx4Yi/FuLRr4aVJHE=,tHZw4/ckj8yDuYjy8V6tzWa5InI=
13103,6819,gV2/sc9iBBDx4Yi/FuLRr4aVJHE=,bI7jgX2a6FfnKuHsMKncBlCQkAo=
13103,6820,gV2/sc9iBBDx4Yi/FuLRr4aVJHE=,MgY9QQGrk5An3Q/8Re6kd+sdQKM=
13102,6819,gV2/sc9iBBDx4Yi/FuLRr4aVJHE=,bI7jgX2a6FfnKuHsMKncBlCQkAo=
13102,6820,gV2/sc9iBBDx4Yi/FuLRr4aVJHE=,MgY9QQGrk5An3Q/8Re6kd+sdQKM=
13101,6820,gV2/sc9iBBDx4Yi/FuLRr4aVJHE=,bmAM+btfEVTsjgP15K2UiHjdAXQ=
13099,6816,gV2/sc9iBBDx4Yi/FuLRr4aVJHE=,tHZw4/ckj8yDuYjy8V6tzWa5InI=
13101,6819,gV2/sc9iBBDx4Yi/FuLRr4aVJHE=,bmAM+btfEVTsjgP15K2UiHjdAXQ=
13100,6816,gV2/sc9iBBDx4Yi/FuLRr4aVJHE=,YzdqgFhwuYWUxBZjOo9XyaXvLfA=
13097,6816,gV2/sc9iBBDx4Yi/FuLRr4aVJHE=,XVouWVz7t8+g//Mf0jmNNyIYSjA=
13098,6816,gV2/sc9iBBDx4Yi/FuLRr4aVJHE=,tHZw4/ckj8yDuYjy8V6tzWa5InI=
13098,6822,gV2/sc9iBBDx4Yi/FuLRr4aVJHE=,bI7jgX2a6FfnKuHsMKncBlCQkAo=
13097,6822,gV2/sc9iBBDx4Yi/FuLRr4aVJHE=,+S8JI7F1YR0PN5gaDg7z0tMWD3Y=
13098,6821,gV2/sc9iBBDx4Yi/FuLRr4aVJHE=,bI7jgX2a6FfnKuHsMKncBlCQkAo=
13098,6819,gV2/sc9iBBDx4Yi/FuLRr4aVJHE=,bI7jgX2a6FfnKuHsMKncBlCQkAo=
13099,6821,gV2/sc9iBBDx4Yi/FuLRr4aVJHE=,bI7jgX2a6FfnKuHsMKncBlCQkAo=
13099,6819,gV2/sc9iBBDx4Yi/FuLRr4aVJHE=,bI7jgX2a6FfnKuHsMKncBlCQkAo=
13099,6822,gV2/sc9iBBDx4Yi/FuLRr4aVJHE=,bI7jgX2a6FfnKuHsMKncBlCQkAo=
13098,6820,gV2/sc9iBBDx4Yi/FuLRr4aVJHE=,bI7jgX2a6FfnKuHsMKncBlCQkAo=
13099,6820,gV2/sc9iBBDx4Yi/FuLRr4aVJHE=,bI7jgX2a6FfnKuHsMKncBlCQkAo=
13100,6822,gV2/sc9iBBDx4Yi/FuLRr4aVJHE=,bI7jgX2a6FfnKuHsMKncBlCQkAo=
13100,6821,gV2/sc9iBBDx4Yi/FuLRr4aVJHE=,bmAM+btfEVTsjgP15K2UiHjdAXQ=
13100,6819,gV2/sc9iBBDx4Yi/FuLRr4aVJHE=,bmAM+btfEVTsjgP15K2UiHjdAXQ=
13100,6820,gV2/sc9iBBDx4Yi/FuLRr4aVJHE=,bmAM+btfEVTsjgP15K2UiHjdAXQ=
13103,6817,gV2/sc9iBBDx4Yi/FuLRr4aVJHE=,EC/IBmq7v2Gz04gV9D1j2W+venU=
13103,6818,gV2/sc9iBBDx4Yi/FuLRr4aVJHE=,bI7jgX2a6FfnKuHsMKncBlCQkAo=
13102,6817,gV2/sc9iBBDx4Yi/FuLRr4aVJHE=,EC/IBmq7v2Gz04gV9D1j2W+venU=
13102,6818,gV2/sc9iBBDx4Yi/FuLRr4aVJHE=,bI7jgX2a6FfnKuHsMKncBlCQkAo=
13102,6816,gV2/sc9iBBDx4Yi/FuLRr4aVJHE=,EC/IBmq7v2Gz04gV9D1j2W+venU=
13101,6818,gV2/sc9iBBDx4Yi/FuLRr4aVJHE=,bmAM+btfEVTsjgP15K2UiHjdAXQ=
13101,6817,gV2/sc9iBBDx4Yi/FuLRr4aVJHE=,YzdqgFhwuYWUxBZjOo9XyaXvLfA=
13101,6816,gV2/sc9iBBDx4Yi/FuLRr4aVJHE=,YzdqgFhwuYWUxBZjOo9XyaXvLfA=
13095,6817,gV2/sc9iBBDx4Yi/FuLRr4aVJHE=,GNiuGy8ABAz17xp2n08BA5m0C0I=
13096,6817,gV2/sc9iBBDx4Yi/FuLRr4aVJHE=,XVouWVz7t8+g//Mf0jmNNyIYSjA=
13091,6817,gV2/sc9iBBDx4Yi/FuLRr4aVJHE=,hhx964k3WRueq7eFTAqqL3c26nA=
13094,6817,gV2/sc9iBBDx4Yi/FuLRr4aVJHE=,GNiuGy8ABAz17xp2n08BA5m0C0I=
13093,6817,gV2/sc9iBBDx4Yi/FuLRr4aVJHE=,pvqU98Wfbz362QoavWrEw9ieONk=
13092,6817,gV2/sc9iBBDx4Yi/FuLRr4aVJHE=,pvqU98Wfbz362QoavWrEw9ieONk=
13096,6816,gV2/sc9iBBDx4Yi/FuLRr4aVJHE=,XVouWVz7t8+g//Mf0jmNNyIYSjA=
13095,6816,gV2/sc9iBBDx4Yi/FuLRr4aVJHE=,GNiuGy8ABAz17xp2n08BA5m0C0I=
13100,6826,gV2/sc9iBBDx4Yi/FuLRr4aVJHE=,7ojs1PUcCYbVMdAvsNhdni08fEo=
13099,6825,gV2/sc9iBBDx4Yi/FuLRr4aVJHE=,fNnyRorcnqXIXO3Odawf67i3v00=
13099,6823,gV2/sc9iBBDx4Yi/FuLRr4aVJHE=,bI7jgX2a6FfnKuHsMKncBlCQkAo=
13099,6826,gV2/sc9iBBDx4Yi/FuLRr4aVJHE=,bI7jgX2a6FfnKuHsMKncBlCQkAo=
13100,6823,gV2/sc9iBBDx4Yi/FuLRr4aVJHE=,bI7jgX2a6FfnKuHsMKncBlCQkAo=
13099,6824,gV2/sc9iBBDx4Yi/FuLRr4aVJHE=,fNnyRorcnqXIXO3Odawf67i3v00=
13101,6826,gV2/sc9iBBDx4Yi/FuLRr4aVJHE=,7ojs1PUcCYbVMdAvsNhdni08fEo=
13103,6826,gV2/sc9iBBDx4Yi/FuLRr4aVJHE=,8Yq0DgC0okv4vEJcFfnCyAUhLS8=
13102,6826,gV2/sc9iBBDx4Yi/FuLRr4aVJHE=,8Yq0DgC0okv4vEJcFfnCyAUhLS8=
13094,6816,gV2/sc9iBBDx4Yi/FuLRr4aVJHE=,GNiuGy8ABAz17xp2n08BA5m0C0I=
13091,6816,gV2/sc9iBBDx4Yi/FuLRr4aVJHE=,hhx964k3WRueq7eFTAqqL3c26nA=
13093,6816,gV2/sc9iBBDx4Yi/FuLRr4aVJHE=,pvqU98Wfbz362QoavWrEw9ieONk=
13093,6824,gV2/sc9iBBDx4Yi/FuLRr4aVJHE=,S5k+lQakMhnRB01lPgEHP7C+ASc=
13092,6824,gV2/sc9iBBDx4Yi/FuLRr4aVJHE=,S5k+lQakMhnRB01lPgEHP7C+ASc=
13094,6823,gV2/sc9iBBDx4Yi/FuLRr4aVJHE=,V/OIFrZl0psBHdx9BAOPQH3ELFc=
13094,6824,gV2/sc9iBBDx4Yi/FuLRr4aVJHE=,kTkgluIj6N112dqYAssLjP5bsjQ=
13091,6823,gV2/sc9iBBDx4Yi/FuLRr4aVJHE=,cmzsvfXWPhvWxnyOZEK0RGF6l9c=
13092,6816,gV2/sc9iBBDx4Yi/FuLRr4aVJHE=,pvqU98Wfbz362QoavWrEw9ieONk=
13088,6831,gV2/sc9iBBDx4Yi/FuLRr4aVJHE=,OvjLOoYE+JXdkrVjR7z9oZOyS14=
13091,6824,gV2/sc9iBBDx4Yi/FuLRr4aVJHE=,8CKFExB2DSxoyUsfiGP35hxbWDc=
13092,6823,gV2/sc9iBBDx4Yi/FuLRr4aVJHE=,S5k+lQakMhnRB01lPgEHP7C+ASc=
13093,6823,gV2/sc9iBBDx4Yi/FuLRr4aVJHE=,S5k+lQakMhnRB01lPgEHP7C+ASc=
13103,6823,gV2/sc9iBBDx4Yi/FuLRr4aVJHE=,bI7jgX2a6FfnKuHsMKncBlCQkAo=
13102,6822,gV2/sc9iBBDx4Yi/FuLRr4aVJHE=,bI7jgX2a6FfnKuHsMKncBlCQkAo=
13103,6821,gV2/sc9iBBDx4Yi/FuLRr4aVJHE=,MgY9QQGrk5An3Q/8Re6kd+sdQKM=
13102,6823,gV2/sc9iBBDx4Yi/FuLRr4aVJHE=,bI7jgX2a6FfnKuHsMKncBlCQkAo=
13103,6822,gV2/sc9iBBDx4Yi/FuLRr4aVJHE=,bI7jgX2a6FfnKuHsMKncBlCQkAo=
13101,6823,gV2/sc9iBBDx4Yi/FuLRr4aVJHE=,bI7jgX2a6FfnKuHsMKncBlCQkAo=
13101,6822,gV2/sc9iBBDx4Yi/FuLRr4aVJHE=,bI7jgX2a6FfnKuHsMKncBlCQkAo=
13102,6821,gV2/sc9iBBDx4Yi/FuLRr4aVJHE=,MgY9QQGrk5An3Q/8Re6kd+sdQKM=
13101,6821,gV2/sc9iBBDx4Yi/FuLRr4aVJHE=,bmAM+btfEVTsjgP15K2UiHjdAXQ=
13088,6824,gV2/sc9iBBDx4Yi/FuLRr4aVJHE=,8CKFExB2DSxoyUsfiGP35hxbWDc=
13092,6822,gV2/sc9iBBDx4Yi/FuLRr4aVJHE=,S5k+lQakMhnRB01lPgEHP7C+ASc=
13091,6820,gV2/sc9iBBDx4Yi/FuLRr4aVJHE=,TPcB/FwYbE3C04b7aoCJeBKA6x4=
13091,6821,gV2/sc9iBBDx4Yi/FuLRr4aVJHE=,TPcB/FwYbE3C04b7aoCJeBKA6x4=
13091,6822,gV2/sc9iBBDx4Yi/FuLRr4aVJHE=,cmzsvfXWPhvWxnyOZEK0RGF6l9c=
13095,6822,gV2/sc9iBBDx4Yi/FuLRr4aVJHE=,V/OIFrZl0psBHdx9BAOPQH3ELFc=
13094,6822,gV2/sc9iBBDx4Yi/FuLRr4aVJHE=,V/OIFrZl0psBHdx9BAOPQH3ELFc=
13093,6822,gV2/sc9iBBDx4Yi/FuLRr4aVJHE=,S5k+lQakMhnRB01lPgEHP7C+ASc=
13096,6822,gV2/sc9iBBDx4Yi/FuLRr4aVJHE=,+S8JI7F1YR0PN5gaDg7z0tMWD3Y=
13103,6816,gV2/sc9iBBDx4Yi/FuLRr4aVJHE=,EC/IBmq7v2Gz04gV9D1j2W+venU=
13088,6823,gV2/sc9iBBDx4Yi/FuLRr4aVJHE=,IZXJYcKPmtaNOkvLyZdmP5VwG1s=
13088,6826,gV2/sc9iBBDx4Yi/FuLRr4aVJHE=,8CKFExB2DSxoyUsfiGP35hxbWDc=
13088,6827,gV2/sc9iBBDx4Yi/FuLRr4aVJHE=,8CKFExB2DSxoyUsfiGP35hxbWDc=
13088,6825,gV2/sc9iBBDx4Yi/FuLRr4aVJHE=,8CKFExB2DSxoyUsfiGP35hxbWDc=
13088,6828,gV2/sc9iBBDx4Yi/FuLRr4aVJHE=,6dehE/b8UCz2d5llHD7TxdYtjVo=
13089,6820,gV2/sc9iBBDx4Yi/FuLRr4aVJHE=,TPcB/FwYbE3C04b7aoCJeBKA6x4=
13088,6820,gV2/sc9iBBDx4Yi/FuLRr4aVJHE=,TPcB/FwYbE3C04b7aoCJeBKA6x4=
13088,6821,gV2/sc9iBBDx4Yi/FuLRr4aVJHE=,TPcB/FwYbE3C04b7aoCJeBKA6x4=
13090,6821,gV2/sc9iBBDx4Yi/FuLRr4aVJHE=,TPcB/FwYbE3C04b7aoCJeBKA6x4=
13090,6820,gV2/sc9iBBDx4Yi/FuLRr4aVJHE=,TPcB/FwYbE3C04b7aoCJeBKA6x4=
13089,6821,gV2/sc9iBBDx4Yi/FuLRr4aVJHE=,TPcB/FwYbE3C04b7aoCJeBKA6x4=
13088,6822,gV2/sc9iBBDx4Yi/FuLRr4aVJHE=,IZXJYcKPmtaNOkvLyZdmP5VwG1s=
13090,6822,gV2/sc9iBBDx4Yi/FuLRr4aVJHE=,cmzsvfXWPhvWxnyOZEK0RGF6l9c=
13090,6817,gV2/sc9iBBDx4Yi/FuLRr4aVJHE=,hhx964k3WRueq7eFTAqqL3c26nA=
13089,6817,gV2/sc9iBBDx4Yi/FuLRr4aVJHE=,HP3erhAqW6hwbm7SnlQ1L6RZ7So=
13089,6822,gV2/sc9iBBDx4Yi/FuLRr4aVJHE=,IZXJYcKPmtaNOkvLyZdmP5VwG1s=
13088,6817,gV2/sc9iBBDx4Yi/FuLRr4aVJHE=,HP3erhAqW6hwbm7SnlQ1L6RZ7So=
13088,6816,gV2/sc9iBBDx4Yi/FuLRr4aVJHE=,HP3erhAqW6hwbm7SnlQ1L6RZ7So=
13090,6816,gV2/sc9iBBDx4Yi/FuLRr4aVJHE=,hhx964k3WRueq7eFTAqqL3c26nA=
13089,6816,gV2/sc9iBBDx4Yi/FuLRr4aVJHE=,HP3erhAqW6hwbm7SnlQ1L6RZ7So=
13102,6836,GuLiG7W/xf4L5pO8frFtEJllWPo=,OwKLFhH5HNAS4wRRz/FzRVqyuwE=
13101,6836,GuLiG7W/xf4L5pO8frFtEJllWPo=,m5m6aTJCJyGUowcc/TswyofLzns=
13102,6835,GuLiG7W/xf4L5pO8frFtEJllWPo=,bI7jgX2a6FfnKuHsMKncBlCQkAo=
13101,6835,GuLiG7W/xf4L5pO8frFtEJllWPo=,uf5hyZjyvyicPGzoUle9LSu9C10=
13100,6836,VmHjcwYR7bB/ZcoNnJZaTY9hi5s=,m5m6aTJCJyGUowcc/TswyofLzns=
13099,6835,VmHjcwYR7bB/ZcoNnJZaTY9hi5s=,C/lyxDPSZSfH8wNDm33+Kpxu3QU=
13100,6835,VmHjcwYR7bB/ZcoNnJZaTY9hi5s=,uf5hyZjyvyicPGzoUle9LSu9C10=
13099,6836,VmHjcwYR7bB/ZcoNnJZaTY9hi5s=,C/lyxDPSZSfH8wNDm33+Kpxu3QU=
13100,6834,VmHjcwYR7bB/ZcoNnJZaTY9hi5s=,uf5hyZjyvyicPGzoUle9LSu9C10=
13100,6833,VmHjcwYR7bB/ZcoNnJZaTY9hi5s=,1wcy5R1SwkFiwzIHCPNYacuu11E=
13099,6833,VmHjcwYR7bB/ZcoNnJZaTY9hi5s=,l+mqvduJXJq/M8Limck8PNn1f1o=
13099,6834,VmHjcwYR7bB/ZcoNnJZaTY9hi5s=,C/lyxDPSZSfH8wNDm33+Kpxu3QU=
13098,6835,hGT4diPmKiNmjFT0/hMNH5siM1k=,C/lyxDPSZSfH8wNDm33+Kpxu3QU=
13097,6835,hGT4diPmKiNmjFT0/hMNH5siM1k=,HP3erhAqW6hwbm7SnlQ1L6RZ7So=
13097,6836,hGT4diPmKiNmjFT0/hMNH5siM1k=,SF76r98XfQb1cZ34P/ntN5XPaXo=
13098,6836,hGT4diPmKiNmjFT0/hMNH5siM1k=,C/lyxDPSZSfH8wNDm33+Kpxu3QU=
13098,6834,hGT4diPmKiNmjFT0/hMNH5siM1k=,C/lyxDPSZSfH8wNDm33+Kpxu3QU=
13097,6833,hGT4diPmKiNmjFT0/hMNH5siM1k=,oY0JZEtciFVQzcf7NFYWkilsCys=
13098,6833,hGT4diPmKiNmjFT0/hMNH5siM1k=,l+mqvduJXJq/M8Limck8PNn1f1o=
13097,6834,hGT4diPmKiNmjFT0/hMNH5siM1k=,HP3erhAqW6hwbm7SnlQ1L6RZ7So=
13096,6836,hGT4diPmKiNmjFT0/hMNH5siM1k=,SF76r98XfQb1cZ34P/ntN5XPaXo=
13095,6836,hGT4diPmKiNmjFT0/hMNH5siM1k=,coKf6VO1dI92QxzL0yNURBcaH0o=
13096,6835,hGT4diPmKiNmjFT0/hMNH5siM1k=,HP3erhAqW6hwbm7SnlQ1L6RZ7So=
13095,6835,hGT4diPmKiNmjFT0/hMNH5siM1k=,dQOEvQ90xDSzY5u1aZOTPelsTiU=
13095,6834,ymFe3Jw5c7B/A3cJczOmv5P7wCo=,dQOEvQ90xDSzY5u1aZOTPelsTiU=
13095,6833,ymFe3Jw5c7B/A3cJczOmv5P7wCo=,3yJ6CCa8BpVYUpjOijcyCJCzXgQ=
13096,6833,ymFe3Jw5c7B/A3cJczOmv5P7wCo=,oY0JZEtciFVQzcf7NFYWkilsCys=
13096,6834,ymFe3Jw5c7B/A3cJczOmv5P7wCo=,HP3erhAqW6hwbm7SnlQ1L6RZ7So=
13093,6835,ymFe3Jw5c7B/A3cJczOmv5P7wCo=,2HfNpyIRa5vn0cKMwWuyLT5caew=
13093,6836,ymFe3Jw5c7B/A3cJczOmv5P7wCo=,ZbB+vskU4L2lJFPwdBd9dq1gOiU=
13094,6835,ymFe3Jw5c7B/A3cJczOmv5P7wCo=,dQOEvQ90xDSzY5u1aZOTPelsTiU=
13094,6836,ymFe3Jw5c7B/A3cJczOmv5P7wCo=,coKf6VO1dI92QxzL0yNURBcaH0o=
13094,6833,ymFe3Jw5c7B/A3cJczOmv5P7wCo=,3yJ6CCa8BpVYUpjOijcyCJCzXgQ=
13094,6834,ymFe3Jw5c7B/A3cJczOmv5P7wCo=,dQOEvQ90xDSzY5u1aZOTPelsTiU=
13093,6833,ymFe3Jw5c7B/A3cJczOmv5P7wCo=,/3r72C2vBc8G0WmoySGJzO13wpg=
13093,6834,ymFe3Jw5c7B/A3cJczOmv5P7wCo=,2HfNpyIRa5vn0cKMwWuyLT5caew=
13091,6836,LBy6bHwbayx2koQhLPL5cmHxXSs=,hcQX45cvjU7RG1DBQpY6Pk7cIzg=
13092,6835,LBy6bHwbayx2koQhLPL5cmHxXSs=,2HfNpyIRa5vn0cKMwWuyLT5caew=
13091,6835,LBy6bHwbayx2koQhLPL5cmHxXSs=,KnPG1CFFg00VUdDvQ6CbHM7LBbM=
13092,6836,LBy6bHwbayx2koQhLPL5cmHxXSs=,ZbB+vskU4L2lJFPwdBd9dq1gOiU=
13092,6834,LBy6bHwbayx2koQhLPL5cmHxXSs=,2HfNpyIRa5vn0cKMwWuyLT5caew=
13091,6834,LBy6bHwbayx2koQhLPL5cmHxXSs=,KnPG1CFFg00VUdDvQ6CbHM7LBbM=
13091,6833,LBy6bHwbayx2koQhLPL5cmHxXSs=,MUzlZBKWM+Zxll7wVZ4O1a+KstM=
13092,6833,LBy6bHwbayx2koQhLPL5cmHxXSs=,/3r72C2vBc8G0WmoySGJzO13wpg=
13089,6838,T2bOdt6keH88mdmRdLdS+ZJEK3c=,11wrA219MRYQ1T4kp0LxT6keiu8=
13090,6837,T2bOdt6keH88mdmRdLdS+ZJEK3c=,hcQX45cvjU7RG1DBQpY6Pk7cIzg=
13090,6838,T2bOdt6keH88mdmRdLdS+ZJEK3c=,WWuTy4VlkIX139Nv1j5W3Jjq5dI=
13089,6837,T2bOdt6keH88mdmRdLdS+ZJEK3c=,vcqtHvPhdtk9mgvHYZh6ofAw2/w=
13090,6836,T2bOdt6keH88mdmRdLdS+ZJEK3c=,hcQX45cvjU7RG1DBQpY6Pk7cIzg=
13089,6836,T2bOdt6keH88mdmRdLdS+ZJEK3c=,vcqtHvPhdtk9mgvHYZh6ofAw2/w=
13090,6835,T2bOdt6keH88mdmRdLdS+ZJEK3c=,KnPG1CFFg00VUdDvQ6CbHM7LBbM=
13089,6835,T2bOdt6keH88mdmRdLdS+ZJEK3c=,ESn99A0s+q8HotdZQLNcIxtOyRI=
13090,6842,T2bOdt6keH88mdmRdLdS+ZJEK3c=,4UqGrPmIamxMQpL+O6oPrKUFFYY=
13090,6840,T2bOdt6keH88mdmRdLdS+ZJEK3c=,jGMTWd20KIbPLRPPF/aKzG37H5U=
13089,6842,T2bOdt6keH88mdmRdLdS+ZJEK3c=,6r9QNK8JY92hv7hIn5LL2DJcZZ0=
13090,6841,T2bOdt6keH88mdmRdLdS+ZJEK3c=,jGMTWd20KIbPLRPPF/aKzG37H5U=
13090,6839,T2bOdt6keH88mdmRdLdS+ZJEK3c=,WWuTy4VlkIX139Nv1j5W3Jjq5dI=
13089,6839,T2bOdt6keH88mdmRdLdS+ZJEK3c=,11wrA219MRYQ1T4kp0LxT6keiu8=
13089,6840,T2bOdt6keH88mdmRdLdS+ZJEK3c=,fco43awDUE6cFPI0PDZwKfUFmVw=
13089,6841,T2bOdt6keH88mdmRdLdS+ZJEK3c=,fco43awDUE6cFPI0PDZwKfUFmVw=
13092,6844,T2bOdt6keH88mdmRdLdS+ZJEK3c=,V/OIFrZl0psBHdx9BAOPQH3ELFc=
13091,6843,T2bOdt6keH88mdmRdLdS+ZJEK3c=,4UqGrPmIamxMQpL+O6oPrKUFFYY=
13091,6844,T2bOdt6keH88mdmRdLdS+ZJEK3c=,S5k+lQakMhnRB01lPgEHP7C+ASc=
13092,6843,T2bOdt6keH88mdmRdLdS+ZJEK3c=,d6eldLttr/uZCroDaVmBrZ6ifbs=
13095,6844,COv4XOVo0HJsgowS1fHQpmnX7d4=,+S8JI7F1YR0PN5gaDg7z0tMWD3Y=
13093,6843,COv4XOVo0HJsgowS1fHQpmnX7d4=,d6eldLttr/uZCroDaVmBrZ6ifbs=
13094,6844,COv4XOVo0HJsgowS1fHQpmnX7d4=,+S8JI7F1YR0PN5gaDg7z0tMWD3Y=
13093,6844,COv4XOVo0HJsgowS1fHQpmnX7d4=,V/OIFrZl0psBHdx9BAOPQH3ELFc=
13096,6844,COv4XOVo0HJsgowS1fHQpmnX7d4=,CtTzbtcdbimjVXNXMs0B8LFhL4c=
13096,6843,COv4XOVo0HJsgowS1fHQpmnX7d4=,fNnyRorcnqXIXO3Odawf67i3v00=
13095,6843,COv4XOVo0HJsgowS1fHQpmnX7d4=,rv/LB7vmACxi3quoTreWCsVoPaU=
13094,6843,COv4XOVo0HJsgowS1fHQpmnX7d4=,rv/LB7vmACxi3quoTreWCsVoPaU=
13091,6842,COv4XOVo0HJsgowS1fHQpmnX7d4=,4UqGrPmIamxMQpL+O6oPrKUFFYY=
13092,6842,COv4XOVo0HJsgowS1fHQpmnX7d4=,d6eldLttr/uZCroDaVmBrZ6ifbs=
13091,6841,COv4XOVo0HJsgowS1fHQpmnX7d4=,jGMTWd20KIbPLRPPF/aKzG37H5U=
13092,6841,COv4XOVo0HJsgowS1fHQpmnX7d4=,i9YWgkZiZytMxqBUXfMVUG3yeQk=
13096,6842,COv4XOVo0HJsgowS1fHQpmnX7d4=,fNnyRorcnqXIXO3Odawf67i3v00=
13093,6842,COv4XOVo0HJsgowS1fHQpmnX7d4=,d6eldLttr/uZCroDaVmBrZ6ifbs=
13096,6841,COv4XOVo0HJsgowS1fHQpmnX7d4=,TFnHjUsrRqOPMlNiMJK0ZkAU2N0=
13093,6841,COv4XOVo0HJsgowS1fHQpmnX7d4=,i9YWgkZiZytMxqBUXfMVUG3yeQk=
13094,6842,COv4XOVo0HJsgowS1fHQpmnX7d4=,rv/LB7vmACxi3quoTreWCsVoPaU=
13094,6841,COv4XOVo0HJsgowS1fHQpmnX7d4=,h2cEWbJDtkzV8Yzx1aTdL05mHlw=
13095,6841,COv4XOVo0HJsgowS1fHQpmnX7d4=,h2cEWbJDtkzV8Yzx1aTdL05mHlw=
13095,6842,COv4XOVo0HJsgowS1fHQpmnX7d4=,rv/LB7vmACxi3quoTreWCsVoPaU=
13091,6838,YAHG1TgzdaoCY7+6APEhs2IbbLA=,WWuTy4VlkIX139Nv1j5W3Jjq5dI=
13091,6837,YAHG1TgzdaoCY7+6APEhs2IbbLA=,hcQX45cvjU7RG1DBQpY6Pk7cIzg=
13092,6838,YAHG1TgzdaoCY7+6APEhs2IbbLA=,i9ZniUTnaDKDMjOd40lsL3/SLHs=
13092,6837,YAHG1TgzdaoCY7+6APEhs2IbbLA=,ZbB+vskU4L2lJFPwdBd9dq1gOiU=
13091,6840,YAHG1TgzdaoCY7+6APEhs2IbbLA=,jGMTWd20KIbPLRPPF/aKzG37H5U=
13092,6840,YAHG1TgzdaoCY7+6APEhs2IbbLA=,i9YWgkZiZytMxqBUXfMVUG3yeQk=
13092,6839,YAHG1TgzdaoCY7+6APEhs2IbbLA=,i9ZniUTnaDKDMjOd40lsL3/SLHs=
13091,6839,YAHG1TgzdaoCY7+6APEhs2IbbLA=,WWuTy4VlkIX139Nv1j5W3Jjq5dI=
13094,6840,YAHG1TgzdaoCY7+6APEhs2IbbLA=,h2cEWbJDtkzV8Yzx1aTdL05mHlw=
13093,6840,YAHG1TgzdaoCY7+6APEhs2IbbLA=,i9YWgkZiZytMxqBUXfMVUG3yeQk=
13094,6838,YAHG1TgzdaoCY7+6APEhs2IbbLA=,i9ZniUTnaDKDMjOd40lsL3/SLHs=
13094,6839,YAHG1TgzdaoCY7+6APEhs2IbbLA=,i9ZniUTnaDKDMjOd40lsL3/SLHs=
13093,6837,YAHG1TgzdaoCY7+6APEhs2IbbLA=,ZbB+vskU4L2lJFPwdBd9dq1gOiU=
13093,6839,YAHG1TgzdaoCY7+6APEhs2IbbLA=,i9ZniUTnaDKDMjOd40lsL3/SLHs=
13093,6838,YAHG1TgzdaoCY7+6APEhs2IbbLA=,i9ZniUTnaDKDMjOd40lsL3/SLHs=
13094,6837,YAHG1TgzdaoCY7+6APEhs2IbbLA=,coKf6VO1dI92QxzL0yNURBcaH0o=
13095,6838,YAHG1TgzdaoCY7+6APEhs2IbbLA=,i9ZniUTnaDKDMjOd40lsL3/SLHs=
13095,6837,YAHG1TgzdaoCY7+6APEhs2IbbLA=,coKf6VO1dI92QxzL0yNURBcaH0o=
13095,6839,YAHG1TgzdaoCY7+6APEhs2IbbLA=,i9ZniUTnaDKDMjOd40lsL3/SLHs=
13096,6839,YAHG1TgzdaoCY7+6APEhs2IbbLA=,z6gfabKaOWlCLO4r1aF4VnliZL4=
13096,6838,YAHG1TgzdaoCY7+6APEhs2IbbLA=,z6gfabKaOWlCLO4r1aF4VnliZL4=
13096,6840,YAHG1TgzdaoCY7+6APEhs2IbbLA=,TFnHjUsrRqOPMlNiMJK0ZkAU2N0=
13095,6840,YAHG1TgzdaoCY7+6APEhs2IbbLA=,h2cEWbJDtkzV8Yzx1aTdL05mHlw=
13096,6837,YAHG1TgzdaoCY7+6APEhs2IbbLA=,SF76r98XfQb1cZ34P/ntN5XPaXo=
13098,6837,YAHG1TgzdaoCY7+6APEhs2IbbLA=,C/lyxDPSZSfH8wNDm33+Kpxu3QU=
13097,6838,YAHG1TgzdaoCY7+6APEhs2IbbLA=,z6gfabKaOWlCLO4r1aF4VnliZL4=
13097,6837,YAHG1TgzdaoCY7+6APEhs2IbbLA=,SF76r98XfQb1cZ34P/ntN5XPaXo=
13098,6838,YAHG1TgzdaoCY7+6APEhs2IbbLA=,31TSHyumAnmPjTuKgUvu5kLEe0Q=
13103,6836,YAHG1TgzdaoCY7+6APEhs2IbbLA=,OwKLFhH5HNAS4wRRz/FzRVqyuwE=
13103,6835,YAHG1TgzdaoCY7+6APEhs2IbbLA=,bI7jgX2a6FfnKuHsMKncBlCQkAo=
13100,6838,YAHG1TgzdaoCY7+6APEhs2IbbLA=,8Yq0DgC0okv4vEJcFfnCyAUhLS8=
13099,6837,YAHG1TgzdaoCY7+6APEhs2IbbLA=,C/lyxDPSZSfH8wNDm33+Kpxu3QU=
13100,6837,YAHG1TgzdaoCY7+6APEhs2IbbLA=,m5m6aTJCJyGUowcc/TswyofLzns=
13099,6838,YAHG1TgzdaoCY7+6APEhs2IbbLA=,31TSHyumAnmPjTuKgUvu5kLEe0Q=
13097,6842,YAHG1TgzdaoCY7+6APEhs2IbbLA=,fNnyRorcnqXIXO3Odawf67i3v00=
13097,6841,YAHG1TgzdaoCY7+6APEhs2IbbLA=,TFnHjUsrRqOPMlNiMJK0ZkAU2N0=
13098,6841,YAHG1TgzdaoCY7+6APEhs2IbbLA=,7ojs1PUcCYbVMdAvsNhdni08fEo=
13098,6840,YAHG1TgzdaoCY7+6APEhs2IbbLA=,7ojs1PUcCYbVMdAvsNhdni08fEo=
13100,6839,YAHG1TgzdaoCY7+6APEhs2IbbLA=,8Yq0DgC0okv4vEJcFfnCyAUhLS8=
13099,6839,YAHG1TgzdaoCY7+6APEhs2IbbLA=,31TSHyumAnmPjTuKgUvu5kLEe0Q=
13099,6840,YAHG1TgzdaoCY7+6APEhs2IbbLA=,7ojs1PUcCYbVMdAvsNhdni08fEo=
13099,6832,YAHG1TgzdaoCY7+6APEhs2IbbLA=,l+mqvduJXJq/M8Limck8PNn1f1o=
13100,6832,YAHG1TgzdaoCY7+6APEhs2IbbLA=,1wcy5R1SwkFiwzIHCPNYacuu11E=
13097,6840,YAHG1TgzdaoCY7+6APEhs2IbbLA=,TFnHjUsrRqOPMlNiMJK0ZkAU2N0=
13098,6839,YAHG1TgzdaoCY7+6APEhs2IbbLA=,31TSHyumAnmPjTuKgUvu5kLEe0Q=
13097,6839,YAHG1TgzdaoCY7+6APEhs2IbbLA=,z6gfabKaOWlCLO4r1aF4VnliZL4=
13098,6832,YAHG1TgzdaoCY7+6APEhs2IbbLA=,l+mqvduJXJq/M8Limck8PNn1f1o=
13094,6832,YAHG1TgzdaoCY7+6APEhs2IbbLA=,3yJ6CCa8BpVYUpjOijcyCJCzXgQ=
13093,6832,YAHG1TgzdaoCY7+6APEhs2IbbLA=,/3r72C2vBc8G0WmoySGJzO13wpg=
13095,6832,YAHG1TgzdaoCY7+6APEhs2IbbLA=,3yJ6CCa8BpVYUpjOijcyCJCzXgQ=
13097,6832,YAHG1TgzdaoCY7+6APEhs2IbbLA=,oY0JZEtciFVQzcf7NFYWkilsCys=
13091,6832,YAHG1TgzdaoCY7+6APEhs2IbbLA=,MUzlZBKWM+Zxll7wVZ4O1a+KstM=
13096,6832,YAHG1TgzdaoCY7+6APEhs2IbbLA=,oY0JZEtciFVQzcf7NFYWkilsCys=
13092,6832,YAHG1TgzdaoCY7+6APEhs2IbbLA=,/3r72C2vBc8G0WmoySGJzO13wpg=
13102,6839,YAHG1TgzdaoCY7+6APEhs2IbbLA=,OBS3hHq71G2qoXxK4DbgSl+hn44=
13101,6839,YAHG1TgzdaoCY7+6APEhs2IbbLA=,8Yq0DgC0okv4vEJcFfnCyAUhLS8=
13102,6838,YAHG1TgzdaoCY7+6APEhs2IbbLA=,OBS3hHq71G2qoXxK4DbgSl+hn44=
13103,6838,NOSfAdy3i8YVOZLcziXVi7NMH5A=,OBS3hHq71G2qoXxK4DbgSl+hn44=
13103,6837,NOSfAdy3i8YVOZLcziXVi7NMH5A=,OwKLFhH5HNAS4wRRz/FzRVqyuwE=
13102,6837,NOSfAdy3i8YVOZLcziXVi7NMH5A=,OwKLFhH5HNAS4wRRz/FzRVqyuwE=
13101,6837,NOSfAdy3i8YVOZLcziXVi7NMH5A=,m5m6aTJCJyGUowcc/TswyofLzns=
13101,6838,NOSfAdy3i8YVOZLcziXVi7NMH5A=,8Yq0DgC0okv4vEJcFfnCyAUhLS8=
13088,6836,NOSfAdy3i8YVOZLcziXVi7NMH5A=,vcqtHvPhdtk9mgvHYZh6ofAw2/w=
13088,6835,NOSfAdy3i8YVOZLcziXVi7NMH5A=,ESn99A0s+q8HotdZQLNcIxtOyRI=
13088,6838,NOSfAdy3i8YVOZLcziXVi7NMH5A=,11wrA219MRYQ1T4kp0LxT6keiu8=
13088,6837,NOSfAdy3i8YVOZLcziXVi7NMH5A=,vcqtHvPhdtk9mgvHYZh6ofAw2/w=
13090,6844,NOSfAdy3i8YVOZLcziXVi7NMH5A=,S5k+lQakMhnRB01lPgEHP7C+ASc=
13089,6844,NOSfAdy3i8YVOZLcziXVi7NMH5A=,eyUBwr2VgWl6uVYKD2lSh/Pv0ic=
13088,6841,NOSfAdy3i8YVOZLcziXVi7NMH5A=,fco43awDUE6cFPI0PDZwKfUFmVw=
13089,6843,NOSfAdy3i8YVOZLcziXVi7NMH5A=,6r9QNK8JY92hv7hIn5LL2DJcZZ0=
13090,6843,NOSfAdy3i8YVOZLcziXVi7NMH5A=,4UqGrPmIamxMQpL+O6oPrKUFFYY=
13088,6840,NOSfAdy3i8YVOZLcziXVi7NMH5A=,fco43awDUE6cFPI0PDZwKfUFmVw=
13088,6842,NOSfAdy3i8YVOZLcziXVi7NMH5A=,6r9QNK8JY92hv7hIn5LL2DJcZZ0=
13088,6839,NOSfAdy3i8YVOZLcziXVi7NMH5A=,11wrA219MRYQ1T4kp0LxT6keiu8=
13093,6846,NOSfAdy3i8YVOZLcziXVi7NMH5A=,V/OIFrZl0psBHdx9BAOPQH3ELFc=
13093,6845,NOSfAdy3i8YVOZLcziXVi7NMH5A=,V/OIFrZl0psBHdx9BAOPQH3ELFc=
13094,6845,NOSfAdy3i8YVOZLcziXVi7NMH5A=,+S8JI7F1YR0PN5gaDg7z0tMWD3Y=
13097,6843,NOSfAdy3i8YVOZLcziXVi7NMH5A=,fNnyRorcnqXIXO3Odawf67i3v00=
13097,6844,NOSfAdy3i8YVOZLcziXVi7NMH5A=,CtTzbtcdbimjVXNXMs0B8LFhL4c=
13095,6845,NOSfAdy3i8YVOZLcziXVi7NMH5A=,+S8JI7F1YR0PN5gaDg7z0tMWD3Y=
13096,6845,NOSfAdy3i8YVOZLcziXVi7NMH5A=,CtTzbtcdbimjVXNXMs0B8LFhL4c=
13097,6845,NOSfAdy3i8YVOZLcziXVi7NMH5A=,CtTzbtcdbimjVXNXMs0B8LFhL4c=
13099,6841,NOSfAdy3i8YVOZLcziXVi7NMH5A=,7ojs1PUcCYbVMdAvsNhdni08fEo=
13088,6846,NOSfAdy3i8YVOZLcziXVi7NMH5A=,SW8XkYdZHMIzGB0mUlhc4Lnnh9w=
13088,6845,NOSfAdy3i8YVOZLcziXVi7NMH5A=,eyUBwr2VgWl6uVYKD2lSh/Pv0ic=
13088,6844,NOSfAdy3i8YVOZLcziXVi7NMH5A=,eyUBwr2VgWl6uVYKD2lSh/Pv0ic=
13088,6847,NOSfAdy3i8YVOZLcziXVi7NMH5A=,SW8XkYdZHMIzGB0mUlhc4Lnnh9w=
13088,6843,NOSfAdy3i8YVOZLcziXVi7NMH5A=,6r9QNK8JY92hv7hIn5LL2DJcZZ0=
13093,6847,NOSfAdy3i8YVOZLcziXVi7NMH5A=,V/OIFrZl0psBHdx9BAOPQH3ELFc=
13103,6839,NOSfAdy3i8YVOZLcziXVi7NMH5A=,OBS3hHq71G2qoXxK4DbgSl+hn44=
13101,6834,NOSfAdy3i8YVOZLcziXVi7NMH5A=,uf5hyZjyvyicPGzoUle9LSu9C10=
13102,6834,NOSfAdy3i8YVOZLcziXVi7NMH5A=,bI7jgX2a6FfnKuHsMKncBlCQkAo=
13103,6834,NOSfAdy3i8YVOZLcziXVi7NMH5A=,bI7jgX2a6FfnKuHsMKncBlCQkAo=
13102,6832,NOSfAdy3i8YVOZLcziXVi7NMH5A=,pgshC1YpLM+X+IegXRjDBigPEds=
13101,6832,NOSfAdy3i8YVOZLcziXVi7NMH5A=,1wcy5R1SwkFiwzIHCPNYacuu11E=
13101,6833,NOSfAdy3i8YVOZLcziXVi7NMH5A=,1wcy5R1SwkFiwzIHCPNYacuu11E=
13102,6833,NOSfAdy3i8YVOZLcziXVi7NMH5A=,pgshC1YpLM+X+IegXRjDBigPEds=
13103,6833,NOSfAdy3i8YVOZLcziXVi7NMH5A=,pgshC1YpLM+X+IegXRjDBigPEds=
13103,6832,NOSfAdy3i8YVOZLcziXVi7NMH5A=,pgshC1YpLM+X+IegXRjDBigPEds=
13091,6847,NOSfAdy3i8YVOZLcziXVi7NMH5A=,4UqGrPmIamxMQpL+O6oPrKUFFYY=
13089,6845,NOSfAdy3i8YVOZLcziXVi7NMH5A=,eyUBwr2VgWl6uVYKD2lSh/Pv0ic=
13089,6846,NOSfAdy3i8YVOZLcziXVi7NMH5A=,SW8XkYdZHMIzGB0mUlhc4Lnnh9w=
13092,6847,NOSfAdy3i8YVOZLcziXVi7NMH5A=,V/OIFrZl0psBHdx9BAOPQH3ELFc=
13092,6845,NOSfAdy3i8YVOZLcziXVi7NMH5A=,V/OIFrZl0psBHdx9BAOPQH3ELFc=
13090,6845,NOSfAdy3i8YVOZLcziXVi7NMH5A=,S5k+lQakMhnRB01lPgEHP7C+ASc=
13092,6846,NOSfAdy3i8YVOZLcziXVi7NMH5A=,V/OIFrZl0psBHdx9BAOPQH3ELFc=
13089,6847,NOSfAdy3i8YVOZLcziXVi7NMH5A=,SW8XkYdZHMIzGB0mUlhc4Lnnh9w=
13091,6846,NOSfAdy3i8YVOZLcziXVi7NMH5A=,4UqGrPmIamxMQpL+O6oPrKUFFYY=
13090,6846,NOSfAdy3i8YVOZLcziXVi7NMH5A=,4UqGrPmIamxMQpL+O6oPrKUFFYY=
13090,6847,NOSfAdy3i8YVOZLcziXVi7NMH5A=,4UqGrPmIamxMQpL+O6oPrKUFFYY=
13091,6845,NOSfAdy3i8YVOZLcziXVi7NMH5A=,S5k+lQakMhnRB01lPgEHP7C+ASc=
13090,6832,NOSfAdy3i8YVOZLcziXVi7NMH5A=,MUzlZBKWM+Zxll7wVZ4O1a+KstM=
13088,6834,NOSfAdy3i8YVOZLcziXVi7NMH5A=,ESn99A0s+q8HotdZQLNcIxtOyRI=
13090,6833,NOSfAdy3i8YVOZLcziXVi7NMH5A=,MUzlZBKWM+Zxll7wVZ4O1a+KstM=
13090,6834,NOSfAdy3i8YVOZLcziXVi7NMH5A=,KnPG1CFFg00VUdDvQ6CbHM7LBbM=
13089,6834,NOSfAdy3i8YVOZLcziXVi7NMH5A=,ESn99A0s+q8HotdZQLNcIxtOyRI=
13088,6832,NOSfAdy3i8YVOZLcziXVi7NMH5A=,+cigCjEWxkutpY5LheUXZDyYmhY=
13088,6833,NOSfAdy3i8YVOZLcziXVi7NMH5A=,+cigCjEWxkutpY5LheUXZDyYmhY=
13089,6833,NOSfAdy3i8YVOZLcziXVi7NMH5A=,+cigCjEWxkutpY5LheUXZDyYmhY=
13089,6832,NOSfAdy3i8YVOZLcziXVi7NMH5A=,+cigCjEWxkutpY5LheUXZDyYmhY=
13108,6835,TxNGhiX6EeXVjIPrXK38kEfojW4=,G5n6BFPuRNSEFgP5BtB0mns5H3Q=
13108,6836,TxNGhiX6EeXVjIPrXK38kEfojW4=,G5n6BFPuRNSEFgP5BtB0mns5H3Q=
13107,6836,TxNGhiX6EeXVjIPrXK38kEfojW4=,vc14OYCKumn4A3FVZHXpBuRTBqk=
13107,6835,TxNGhiX6EeXVjIPrXK38kEfojW4=,G5n6BFPuRNSEFgP5BtB0mns5H3Q=
13108,6837,TxNGhiX6EeXVjIPrXK38kEfojW4=,G5n6BFPuRNSEFgP5BtB0mns5H3Q=
13107,6837,TxNGhiX6EeXVjIPrXK38kEfojW4=,vc14OYCKumn4A3FVZHXpBuRTBqk=
13107,6838,TxNGhiX6EeXVjIPrXK38kEfojW4=,vc14OYCKumn4A3FVZHXpBuRTBqk=
13108,6838,TxNGhiX6EeXVjIPrXK38kEfojW4=,eXgxNWtRSYD/OJk4SGapwB/0phQ=
13105,6837,m6rqB9VkLhfmeT5UWyY6KZfUquQ=,jqjEjV5Gv+RkeY7MNLDiAmrDOiM=
13106,6837,m6rqB9VkLhfmeT5UWyY6KZfUquQ=,vc14OYCKumn4A3FVZHXpBuRTBqk=
13106,6838,m6rqB9VkLhfmeT5UWyY6KZfUquQ=,vc14OYCKumn4A3FVZHXpBuRTBqk=
13105,6838,m6rqB9VkLhfmeT5UWyY6KZfUquQ=,FqFcets6nbZ33nqBTE4STqLSmhE=
13106,6835,m6rqB9VkLhfmeT5UWyY6KZfUquQ=,G5n6BFPuRNSEFgP5BtB0mns5H3Q=
13106,6836,m6rqB9VkLhfmeT5UWyY6KZfUquQ=,vc14OYCKumn4A3FVZHXpBuRTBqk=
13105,6836,m6rqB9VkLhfmeT5UWyY6KZfUquQ=,jqjEjV5Gv+RkeY7MNLDiAmrDOiM=
13105,6835,m6rqB9VkLhfmeT5UWyY6KZfUquQ=,bI7jgX2a6FfnKuHsMKncBlCQkAo=
13111,6833,m6rqB9VkLhfmeT5UWyY6KZfUquQ=,b2lOAR8voGjAe2piWnD6vbcuzU4=
13111,6832,m6rqB9VkLhfmeT5UWyY6KZfUquQ=,b2lOAR8voGjAe2piWnD6vbcuzU4=
13104,6832,m6rqB9VkLhfmeT5UWyY6KZfUquQ=,bI7jgX2a6FfnKuHsMKncBlCQkAo=
13106,6834,m6rqB9VkLhfmeT5UWyY6KZfUquQ=,G5n6BFPuRNSEFgP5BtB0mns5H3Q=
13105,6833,m6rqB9VkLhfmeT5UWyY6KZfUquQ=,bI7jgX2a6FfnKuHsMKncBlCQkAo=
13105,6834,m6rqB9VkLhfmeT5UWyY6KZfUquQ=,bI7jgX2a6FfnKuHsMKncBlCQkAo=
13105,6832,m6rqB9VkLhfmeT5UWyY6KZfUquQ=,bI7jgX2a6FfnKuHsMKncBlCQkAo=
13106,6832,m6rqB9VkLhfmeT5UWyY6KZfUquQ=,0SQUmxOs/Er9u06vd0al2V0y89I=
13106,6833,m6rqB9VkLhfmeT5UWyY6KZfUquQ=,0SQUmxOs/Er9u06vd0al2V0y89I=
13109,6835,m6rqB9VkLhfmeT5UWyY6KZfUquQ=,G5n6BFPuRNSEFgP5BtB0mns5H3Q=
13109,6836,m6rqB9VkLhfmeT5UWyY6KZfUquQ=,G5n6BFPuRNSEFgP5BtB0mns5H3Q=
13110,6836,m6rqB9VkLhfmeT5UWyY6KZfUquQ=,eXgxNWtRSYD/OJk4SGapwB/0phQ=
13111,6836,m6rqB9VkLhfmeT5UWyY6KZfUquQ=,eXgxNWtRSYD/OJk4SGapwB/0phQ=
13112,6836,m6rqB9VkLhfmeT5UWyY6KZfUquQ=,eXgxNWtRSYD/OJk4SGapwB/0phQ=
13110,6833,6hhw8uANz9JQ1+fPZmTXW/yjwRY=,b2lOAR8voGjAe2piWnD6vbcuzU4=
13109,6834,6hhw8uANz9JQ1+fPZmTXW/yjwRY=,G5n6BFPuRNSEFgP5BtB0mns5H3Q=
13108,6834,6hhw8uANz9JQ1+fPZmTXW/yjwRY=,G5n6BFPuRNSEFgP5BtB0mns5H3Q=
13109,6833,6hhw8uANz9JQ1+fPZmTXW/yjwRY=,RBEY7r8Pn3eBxBUFcOnXT/JW/CU=
13107,6834,6hhw8uANz9JQ1+fPZmTXW/yjwRY=,G5n6BFPuRNSEFgP5BtB0mns5H3Q=
13110,6832,6hhw8uANz9JQ1+fPZmTXW/yjwRY=,b2lOAR8voGjAe2piWnD6vbcuzU4=
13107,6833,6hhw8uANz9JQ1+fPZmTXW/yjwRY=,0SQUmxOs/Er9u06vd0al2V0y89I=
13108,6833,6hhw8uANz9JQ1+fPZmTXW/yjwRY=,RBEY7r8Pn3eBxBUFcOnXT/JW/CU=
13107,6832,6hhw8uANz9JQ1+fPZmTXW/yjwRY=,0SQUmxOs/Er9u06vd0al2V0y89I=
13109,6832,6hhw8uANz9JQ1+fPZmTXW/yjwRY=,RBEY7r8Pn3eBxBUFcOnXT/JW/CU=
13108,6832,6hhw8uANz9JQ1+fPZmTXW/yjwRY=,RBEY7r8Pn3eBxBUFcOnXT/JW/CU=
13110,6837,6hhw8uANz9JQ1+fPZmTXW/yjwRY=,eXgxNWtRSYD/OJk4SGapwB/0phQ=
13109,6837,6hhw8uANz9JQ1+fPZmTXW/yjwRY=,G5n6BFPuRNSEFgP5BtB0mns5H3Q=
13110,6838,6hhw8uANz9JQ1+fPZmTXW/yjwRY=,XO14VIVr8WAdDpXWVsmBYOQVrdw=
13109,6838,6hhw8uANz9JQ1+fPZmTXW/yjwRY=,eXgxNWtRSYD/OJk4SGapwB/0phQ=
13111,6837,6hhw8uANz9JQ1+fPZmTXW/yjwRY=,eXgxNWtRSYD/OJk4SGapwB/0phQ=
13112,6837,6hhw8uANz9JQ1+fPZmTXW/yjwRY=,eXgxNWtRSYD/OJk4SGapwB/0phQ=
13112,6838,6hhw8uANz9JQ1+fPZmTXW/yjwRY=,hW7r3UsHYS3bfahnKqBEC8ybVjw=
13111,6838,6hhw8uANz9JQ1+fPZmTXW/yjwRY=,XO14VIVr8WAdDpXWVsmBYOQVrdw=
13114,6836,6hhw8uANz9JQ1+fPZmTXW/yjwRY=,hW7r3UsHYS3bfahnKqBEC8ybVjw=
13113,6836,6hhw8uANz9JQ1+fPZmTXW/yjwRY=,eXgxNWtRSYD/OJk4SGapwB/0phQ=
13115,6836,6hhw8uANz9JQ1+fPZmTXW/yjwRY=,hW7r3UsHYS3bfahnKqBEC8ybVjw=
13118,6836,6hhw8uANz9JQ1+fPZmTXW/yjwRY=,wHZzrYvscxriy2bivrCM1b7maYI=
13117,6836,6hhw8uANz9JQ1+fPZmTXW/yjwRY=,t9lZaeUYNKOjCVlm8VFcSX3tmlQ=
13116,6836,6hhw8uANz9JQ1+fPZmTXW/yjwRY=,t9lZaeUYNKOjCVlm8VFcSX3tmlQ=
13107,6839,6hhw8uANz9JQ1+fPZmTXW/yjwRY=,vc14OYCKumn4A3FVZHXpBuRTBqk=
13109,6839,6hhw8uANz9JQ1+fPZmTXW/yjwRY=,eXgxNWtRSYD/OJk4SGapwB/0phQ=
13108,6839,6hhw8uANz9JQ1+fPZmTXW/yjwRY=,eXgxNWtRSYD/OJk4SGapwB/0phQ=
13112,6839,6hhw8uANz9JQ1+fPZmTXW/yjwRY=,hW7r3UsHYS3bfahnKqBEC8ybVjw=
13110,6839,6hhw8uANz9JQ1+fPZmTXW/yjwRY=,XO14VIVr8WAdDpXWVsmBYOQVrdw=
13111,6839,6hhw8uANz9JQ1+fPZmTXW/yjwRY=,XO14VIVr8WAdDpXWVsmBYOQVrdw=
13106,6839,6hhw8uANz9JQ1+fPZmTXW/yjwRY=,vc14OYCKumn4A3FVZHXpBuRTBqk=
13105,6839,6hhw8uANz9JQ1+fPZmTXW/yjwRY=,FqFcets6nbZ33nqBTE4STqLSmhE=
13104,6837,6hhw8uANz9JQ1+fPZmTXW/yjwRY=,jqjEjV5Gv+RkeY7MNLDiAmrDOiM=
13104,6838,6hhw8uANz9JQ1+fPZmTXW/yjwRY=,FqFcets6nbZ33nqBTE4STqLSmhE=
13104,6836,6hhw8uANz9JQ1+fPZmTXW/yjwRY=,jqjEjV5Gv+RkeY7MNLDiAmrDOiM=
13104,6839,6hhw8uANz9JQ1+fPZmTXW/yjwRY=,FqFcets6nbZ33nqBTE4STqLSmhE=
13119,6836,6hhw8uANz9JQ1+fPZmTXW/yjwRY=,wHZzrYvscxriy2bivrCM1b7maYI=
13114,6837,6hhw8uANz9JQ1+fPZmTXW/yjwRY=,hW7r3UsHYS3bfahnKqBEC8ybVjw=
13114,6839,6hhw8uANz9JQ1+fPZmTXW/yjwRY=,t9lZaeUYNKOjCVlm8VFcSX3tmlQ=
13113,6839,6hhw8uANz9JQ1+fPZmTXW/yjwRY=,hW7r3UsHYS3bfahnKqBEC8ybVjw=
13113,6837,6hhw8uANz9JQ1+fPZmTXW/yjwRY=,eXgxNWtRSYD/OJk4SGapwB/0phQ=
13104,6835,6hhw8uANz9JQ1+fPZmTXW/yjwRY=,bI7jgX2a6FfnKuHsMKncBlCQkAo=
13113,6838,6hhw8uANz9JQ1+fPZmTXW/yjwRY=,hW7r3UsHYS3bfahnKqBEC8ybVjw=
13114,6838,6hhw8uANz9JQ1+fPZmTXW/yjwRY=,t9lZaeUYNKOjCVlm8VFcSX3tmlQ=
13104,6834,6hhw8uANz9JQ1+fPZmTXW/yjwRY=,bI7jgX2a6FfnKuHsMKncBlCQkAo=
13104,6833,6hhw8uANz9JQ1+fPZmTXW/yjwRY=,bI7jgX2a6FfnKuHsMKncBlCQkAo=
13115,6839,6hhw8uANz9JQ1+fPZmTXW/yjwRY=,t9lZaeUYNKOjCVlm8VFcSX3tmlQ=
13116,6837,6hhw8uANz9JQ1+fPZmTXW/yjwRY=,t9lZaeUYNKOjCVlm8VFcSX3tmlQ=
13115,6837,6hhw8uANz9JQ1+fPZmTXW/yjwRY=,hW7r3UsHYS3bfahnKqBEC8ybVjw=
13115,6838,6hhw8uANz9JQ1+fPZmTXW/yjwRY=,t9lZaeUYNKOjCVlm8VFcSX3tmlQ=
13116,6838,6hhw8uANz9JQ1+fPZmTXW/yjwRY=,XO14VIVr8WAdDpXWVsmBYOQVrdw=
13116,6839,6hhw8uANz9JQ1+fPZmTXW/yjwRY=,XO14VIVr8WAdDpXWVsmBYOQVrdw=
13118,6839,6hhw8uANz9JQ1+fPZmTXW/yjwRY=,XO14VIVr8WAdDpXWVsmBYOQVrdw=
13119,6839,6hhw8uANz9JQ1+fPZmTXW/yjwRY=,XO14VIVr8WAdDpXWVsmBYOQVrdw=
13118,6837,6hhw8uANz9JQ1+fPZmTXW/yjwRY=,wHZzrYvscxriy2bivrCM1b7maYI=
13117,6839,6hhw8uANz9JQ1+fPZmTXW/yjwRY=,XO14VIVr8WAdDpXWVsmBYOQVrdw=
13118,6838,6hhw8uANz9JQ1+fPZmTXW/yjwRY=,XO14VIVr8WAdDpXWVsmBYOQVrdw=
13119,6838,6hhw8uANz9JQ1+fPZmTXW/yjwRY=,XO14VIVr8WAdDpXWVsmBYOQVrdw=
13117,6837,6hhw8uANz9JQ1+fPZmTXW/yjwRY=,t9lZaeUYNKOjCVlm8VFcSX3tmlQ=
13117,6838,6hhw8uANz9JQ1+fPZmTXW/yjwRY=,XO14VIVr8WAdDpXWVsmBYOQVrdw=
13119,6837,6hhw8uANz9JQ1+fPZmTXW/yjwRY=,wHZzrYvscxriy2bivrCM1b7maYI=
13104,6830,47buZECawRD9VGQw5Tcno+fVv+U=,bI7jgX2a6FfnKuHsMKncBlCQkAo=
13106,6830,47buZECawRD9VGQw5Tcno+fVv+U=,FqFcets6nbZ33nqBTE4STqLSmhE=
13105,6830,47buZECawRD9VGQw5Tcno+fVv+U=,bI7jgX2a6FfnKuHsMKncBlCQkAo=
13105,6831,47buZECawRD9VGQw5Tcno+fVv+U=,bI7jgX2a6FfnKuHsMKncBlCQkAo=
13106,6831,47buZECawRD9VGQw5Tcno+fVv+U=,FqFcets6nbZ33nqBTE4STqLSmhE=
13104,6831,47buZECawRD9VGQw5Tcno+fVv+U=,bI7jgX2a6FfnKuHsMKncBlCQkAo=
13111,6831,47buZECawRD9VGQw5Tcno+fVv+U=,b2lOAR8voGjAe2piWnD6vbcuzU4=
13111,6830,47buZECawRD9VGQw5Tcno+fVv+U=,b2lOAR8voGjAe2piWnD6vbcuzU4=
13107,6830,47buZECawRD9VGQw5Tcno+fVv+U=,FqFcets6nbZ33nqBTE4STqLSmhE=
13110,6830,47buZECawRD9VGQw5Tcno+fVv+U=,b2lOAR8voGjAe2piWnD6vbcuzU4=
13108,6830,47buZECawRD9VGQw5Tcno+fVv+U=,RBEY7r8Pn3eBxBUFcOnXT/JW/CU=
13109,6830,47buZECawRD9VGQw5Tcno+fVv+U=,RBEY7r8Pn3eBxBUFcOnXT/JW/CU=
13107,6831,47buZECawRD9VGQw5Tcno+fVv+U=,FqFcets6nbZ33nqBTE4STqLSmhE=
13110,6831,47buZECawRD9VGQw5Tcno+fVv+U=,b2lOAR8voGjAe2piWnD6vbcuzU4=
13108,6831,47buZECawRD9VGQw5Tcno+fVv+U=,RBEY7r8Pn3eBxBUFcOnXT/JW/CU=
13109,6831,47buZECawRD9VGQw5Tcno+fVv+U=,RBEY7r8Pn3eBxBUFcOnXT/JW/CU=
