13038,6837,QS/E35RORLFE9qND2rek7giUb/s=,ZAqSzAgc9XSeJoheKLGfOMNfBPQ=
13037,6837,QS/E35RORLFE9qND2rek7giUb/s=,erWL36vlNx72+4nv6Rhp2FCVYe4=
13038,6838,QS/E35RORLFE9qND2rek7giUb/s=,6S62YCdqXhQAsKIp1dv6PhXg7eE=
13037,6838,QS/E35RORLFE9qND2rek7giUb/s=,ZAqSzAgc9XSeJoheKLGfOMNfBPQ=
13036,6837,QS/E35RORLFE9qND2rek7giUb/s=,erWL36vlNx72+4nv6Rhp2FCVYe4=
13035,6837,QS/E35RORLFE9qND2rek7giUb/s=,R3BQuKPNJUncNPgxz0n9Z7XSADQ=
13035,6838,QS/E35RORLFE9qND2rek7giUb/s=,erWL36vlNx72+4nv6Rhp2FCVYe4=
13036,6838,QS/E35RORLFE9qND2rek7giUb/s=,ZAqSzAgc9XSeJoheKLGfOMNfBPQ=
13034,6837,ilRqH6hXy6fIxZu+miOyEUZK/d8=,R3BQuKPNJUncNPgxz0n9Z7XSADQ=
13033,6837,ilRqH6hXy6fIxZu+miOyEUZK/d8=,yCES9iQLcrWdouLiczpMoNCSIDA=
13032,6837,ilRqH6hXy6fIxZu+miOyEUZK/d8=,yCES9iQLcrWdouLiczpMoNCSIDA=
13034,6838,ilRqH6hXy6fIxZu+miOyEUZK/d8=,erWL36vlNx72+4nv6Rhp2FCVYe4=
13032,6838,ilRqH6hXy6fIxZu+miOyEUZK/d8=,R3BQuKPNJUncNPgxz0n9Z7XSADQ=
13031,6837,ilRqH6hXy6fIxZu+miOyEUZK/d8=,rC5KjDnH4bKM6mKZ/H4zs04jWq4=
13033,6838,ilRqH6hXy6fIxZu+miOyEUZK/d8=,R3BQuKPNJUncNPgxz0n9Z7XSADQ=
13031,6838,ilRqH6hXy6fIxZu+miOyEUZK/d8=,yCES9iQLcrWdouLiczpMoNCSIDA=
13031,6839,ilRqH6hXy6fIxZu+miOyEUZK/d8=,yCES9iQLcrWdouLiczpMoNCSIDA=
13032,6839,ilRqH6hXy6fIxZu+miOyEUZK/d8=,R3BQuKPNJUncNPgxz0n9Z7XSADQ=
13035,6836,ilRqH6hXy6fIxZu+miOyEUZK/d8=,R3BQuKPNJUncNPgxz0n9Z7XSADQ=
13036,6836,ilRqH6hXy6fIxZu+miOyEUZK/d8=,erWL36vlNx72+4nv6Rhp2FCVYe4=
13037,6836,ilRqH6hXy6fIxZu+miOyEUZK/d8=,erWL36vlNx72+4nv6Rhp2FCVYe4=
13038,6836,ilRqH6hXy6fIxZu+miOyEUZK/d8=,ZAqSzAgc9XSeJoheKLGfOMNfBPQ=
13039,6837,ilRqH6hXy6fIxZu+miOyEUZK/d8=,ZAqSzAgc9XSeJoheKLGfOMNfBPQ=
13033,6836,ilRqH6hXy6fIxZu+miOyEUZK/d8=,yCES9iQLcrWdouLiczpMoNCSIDA=
13034,6836,ilRqH6hXy6fIxZu+miOyEUZK/d8=,R3BQuKPNJUncNPgxz0n9Z7XSADQ=
13031,6836,ilRqH6hXy6fIxZu+miOyEUZK/d8=,rC5KjDnH4bKM6mKZ/H4zs04jWq4=
13032,6836,ilRqH6hXy6fIxZu+miOyEUZK/d8=,yCES9iQLcrWdouLiczpMoNCSIDA=
13034,6839,ilRqH6hXy6fIxZu+miOyEUZK/d8=,erWL36vlNx72+4nv6Rhp2FCVYe4=
13033,6839,ilRqH6hXy6fIxZu+miOyEUZK/d8=,R3BQuKPNJUncNPgxz0n9Z7XSADQ=
13035,6839,ilRqH6hXy6fIxZu+miOyEUZK/d8=,erWL36vlNx72+4nv6Rhp2FCVYe4=
13038,6839,ilRqH6hXy6fIxZu+miOyEUZK/d8=,6S62YCdqXhQAsKIp1dv6PhXg7eE=
13037,6839,ilRqH6hXy6fIxZu+miOyEUZK/d8=,ZAqSzAgc9XSeJoheKLGfOMNfBPQ=
13036,6839,ilRqH6hXy6fIxZu+miOyEUZK/d8=,ZAqSzAgc9XSeJoheKLGfOMNfBPQ=
13028,6836,ilRqH6hXy6fIxZu+miOyEUZK/d8=,rC5KjDnH4bKM6mKZ/H4zs04jWq4=
13029,6836,ilRqH6hXy6fIxZu+miOyEUZK/d8=,rC5KjDnH4bKM6mKZ/H4zs04jWq4=
13025,6836,ilRqH6hXy6fIxZu+miOyEUZK/d8=,LGhBPZcdhgrkeMGgBNVkulQtrlQ=
13026,6836,ilRqH6hXy6fIxZu+miOyEUZK/d8=,0009BPZjr9p0gtqB1K0Ytjzexks=
13039,6839,ilRqH6hXy6fIxZu+miOyEUZK/d8=,6S62YCdqXhQAsKIp1dv6PhXg7eE=
13039,6836,ilRqH6hXy6fIxZu+miOyEUZK/d8=,ZAqSzAgc9XSeJoheKLGfOMNfBPQ=
13030,6836,ilRqH6hXy6fIxZu+miOyEUZK/d8=,rC5KjDnH4bKM6mKZ/H4zs04jWq4=
13027,6836,ilRqH6hXy6fIxZu+miOyEUZK/d8=,0009BPZjr9p0gtqB1K0Ytjzexks=
13024,6836,ilRqH6hXy6fIxZu+miOyEUZK/d8=,LGhBPZcdhgrkeMGgBNVkulQtrlQ=
13030,6837,ilRqH6hXy6fIxZu+miOyEUZK/d8=,rC5KjDnH4bKM6mKZ/H4zs04jWq4=
13030,6839,ilRqH6hXy6fIxZu+miOyEUZK/d8=,yCES9iQLcrWdouLiczpMoNCSIDA=
13029,6837,ilRqH6hXy6fIxZu+miOyEUZK/d8=,rC5KjDnH4bKM6mKZ/H4zs04jWq4=
13030,6838,ilRqH6hXy6fIxZu+miOyEUZK/d8=,yCES9iQLcrWdouLiczpMoNCSIDA=
13028,6837,ilRqH6hXy6fIxZu+miOyEUZK/d8=,rC5KjDnH4bKM6mKZ/H4zs04jWq4=
13027,6837,ilRqH6hXy6fIxZu+miOyEUZK/d8=,0009BPZjr9p0gtqB1K0Ytjzexks=
13029,6838,ilRqH6hXy6fIxZu+miOyEUZK/d8=,ZAqSzAgc9XSeJoheKLGfOMNfBPQ=
13027,6839,ilRqH6hXy6fIxZu+miOyEUZK/d8=,rC5KjDnH4bKM6mKZ/H4zs04jWq4=
13027,6838,ilRqH6hXy6fIxZu+miOyEUZK/d8=,rC5KjDnH4bKM6mKZ/H4zs04jWq4=
13026,6837,ilRqH6hXy6fIxZu+miOyEUZK/d8=,0009BPZjr9p0gtqB1K0Ytjzexks=
13028,6839,ilRqH6hXy6fIxZu+miOyEUZK/d8=,ZAqSzAgc9XSeJoheKLGfOMNfBPQ=
13029,6839,ilRqH6hXy6fIxZu+miOyEUZK/d8=,ZAqSzAgc9XSeJoheKLGfOMNfBPQ=
13028,6838,ilRqH6hXy6fIxZu+miOyEUZK/d8=,ZAqSzAgc9XSeJoheKLGfOMNfBPQ=
13025,6837,ilRqH6hXy6fIxZu+miOyEUZK/d8=,LGhBPZcdhgrkeMGgBNVkulQtrlQ=
13026,6839,ilRqH6hXy6fIxZu+miOyEUZK/d8=,rC5KjDnH4bKM6mKZ/H4zs04jWq4=
13024,6837,ilRqH6hXy6fIxZu+miOyEUZK/d8=,LGhBPZcdhgrkeMGgBNVkulQtrlQ=
13026,6838,ilRqH6hXy6fIxZu+miOyEUZK/d8=,rC5KjDnH4bKM6mKZ/H4zs04jWq4=
13024,6839,ilRqH6hXy6fIxZu+miOyEUZK/d8=,0009BPZjr9p0gtqB1K0Ytjzexks=
13025,6838,ilRqH6hXy6fIxZu+miOyEUZK/d8=,0009BPZjr9p0gtqB1K0Ytjzexks=
13024,6838,ilRqH6hXy6fIxZu+miOyEUZK/d8=,0009BPZjr9p0gtqB1K0Ytjzexks=
13025,6839,ilRqH6hXy6fIxZu+miOyEUZK/d8=,0009BPZjr9p0gtqB1K0Ytjzexks=
13039,6838,ilRqH6hXy6fIxZu+miOyEUZK/d8=,6S62YCdqXhQAsKIp1dv6PhXg7eE=
13041,6837,UTQqxMpDe0oAGIfo+CM4p+gE7yU=,ZAqSzAgc9XSeJoheKLGfOMNfBPQ=
13041,6838,UTQqxMpDe0oAGIfo+CM4p+gE7yU=,xoZZoVR9wQ3VxaFub2bkZzcHVlE=
13042,6837,UTQqxMpDe0oAGIfo+CM4p+gE7yU=,xoZZoVR9wQ3VxaFub2bkZzcHVlE=
13042,6838,UTQqxMpDe0oAGIfo+CM4p+gE7yU=,SXu7zn2QKPsfZLEY5Pk93XJRaYw=
13043,6837,UTQqxMpDe0oAGIfo+CM4p+gE7yU=,xoZZoVR9wQ3VxaFub2bkZzcHVlE=
13043,6838,UTQqxMpDe0oAGIfo+CM4p+gE7yU=,SXu7zn2QKPsfZLEY5Pk93XJRaYw=
13044,6837,UTQqxMpDe0oAGIfo+CM4p+gE7yU=,SXu7zn2QKPsfZLEY5Pk93XJRaYw=
13044,6838,UTQqxMpDe0oAGIfo+CM4p+gE7yU=,6S62YCdqXhQAsKIp1dv6PhXg7eE=
13045,6837,UTQqxMpDe0oAGIfo+CM4p+gE7yU=,SXu7zn2QKPsfZLEY5Pk93XJRaYw=
13045,6838,UTQqxMpDe0oAGIfo+CM4p+gE7yU=,6S62YCdqXhQAsKIp1dv6PhXg7eE=
13046,6837,UTQqxMpDe0oAGIfo+CM4p+gE7yU=,6S62YCdqXhQAsKIp1dv6PhXg7eE=
13046,6838,UTQqxMpDe0oAGIfo+CM4p+gE7yU=,tufSetqmzFvCpbQQe+rnsXbVR+0=
13047,6837,UTQqxMpDe0oAGIfo+CM4p+gE7yU=,6S62YCdqXhQAsKIp1dv6PhXg7eE=
13048,6837,UTQqxMpDe0oAGIfo+CM4p+gE7yU=,EUXYo+hOuDIfj0SorwcaBGmD7WI=
13048,6838,UTQqxMpDe0oAGIfo+CM4p+gE7yU=,EUXYo+hOuDIfj0SorwcaBGmD7WI=
13047,6838,UTQqxMpDe0oAGIfo+CM4p+gE7yU=,tufSetqmzFvCpbQQe+rnsXbVR+0=
13049,6837,UTQqxMpDe0oAGIfo+CM4p+gE7yU=,EUXYo+hOuDIfj0SorwcaBGmD7WI=
13049,6838,UTQqxMpDe0oAGIfo+CM4p+gE7yU=,EUXYo+hOuDIfj0SorwcaBGmD7WI=
13050,6837,UTQqxMpDe0oAGIfo+CM4p+gE7yU=,9wdiupEzugBiHVzgKOg0zAoezZk=
13050,6838,UTQqxMpDe0oAGIfo+CM4p+gE7yU=,9wdiupEzugBiHVzgKOg0zAoezZk=
13050,6839,UTQqxMpDe0oAGIfo+CM4p+gE7yU=,9wdiupEzugBiHVzgKOg0zAoezZk=
13049,6839,UTQqxMpDe0oAGIfo+CM4p+gE7yU=,EUXYo+hOuDIfj0SorwcaBGmD7WI=
13051,6836,UTQqxMpDe0oAGIfo+CM4p+gE7yU=,9wdiupEzugBiHVzgKOg0zAoezZk=
13052,6836,UTQqxMpDe0oAGIfo+CM4p+gE7yU=,tufSetqmzFvCpbQQe+rnsXbVR+0=
13041,6839,UTQqxMpDe0oAGIfo+CM4p+gE7yU=,xoZZoVR9wQ3VxaFub2bkZzcHVlE=
13042,6839,UTQqxMpDe0oAGIfo+CM4p+gE7yU=,SXu7zn2QKPsfZLEY5Pk93XJRaYw=
13040,6837,UTQqxMpDe0oAGIfo+CM4p+gE7yU=,ZAqSzAgc9XSeJoheKLGfOMNfBPQ=
13042,6836,UTQqxMpDe0oAGIfo+CM4p+gE7yU=,xoZZoVR9wQ3VxaFub2bkZzcHVlE=
13040,6839,UTQqxMpDe0oAGIfo+CM4p+gE7yU=,xoZZoVR9wQ3VxaFub2bkZzcHVlE=
13043,6839,UTQqxMpDe0oAGIfo+CM4p+gE7yU=,SXu7zn2QKPsfZLEY5Pk93XJRaYw=
13044,6839,UTQqxMpDe0oAGIfo+CM4p+gE7yU=,6S62YCdqXhQAsKIp1dv6PhXg7eE=
13040,6836,UTQqxMpDe0oAGIfo+CM4p+gE7yU=,ZAqSzAgc9XSeJoheKLGfOMNfBPQ=
13041,6836,UTQqxMpDe0oAGIfo+CM4p+gE7yU=,ZAqSzAgc9XSeJoheKLGfOMNfBPQ=
13048,6839,UTQqxMpDe0oAGIfo+CM4p+gE7yU=,EUXYo+hOuDIfj0SorwcaBGmD7WI=
13046,6839,UTQqxMpDe0oAGIfo+CM4p+gE7yU=,tufSetqmzFvCpbQQe+rnsXbVR+0=
13047,6839,UTQqxMpDe0oAGIfo+CM4p+gE7yU=,tufSetqmzFvCpbQQe+rnsXbVR+0=
13043,6836,UTQqxMpDe0oAGIfo+CM4p+gE7yU=,xoZZoVR9wQ3VxaFub2bkZzcHVlE=
13045,6836,UTQqxMpDe0oAGIfo+CM4p+gE7yU=,SXu7zn2QKPsfZLEY5Pk93XJRaYw=
13044,6836,UTQqxMpDe0oAGIfo+CM4p+gE7yU=,SXu7zn2QKPsfZLEY5Pk93XJRaYw=
13045,6839,UTQqxMpDe0oAGIfo+CM4p+gE7yU=,6S62YCdqXhQAsKIp1dv6PhXg7eE=
13050,6836,UTQqxMpDe0oAGIfo+CM4p+gE7yU=,9wdiupEzugBiHVzgKOg0zAoezZk=
13046,6836,UTQqxMpDe0oAGIfo+CM4p+gE7yU=,6S62YCdqXhQAsKIp1dv6PhXg7eE=
13049,6836,UTQqxMpDe0oAGIfo+CM4p+gE7yU=,EUXYo+hOuDIfj0SorwcaBGmD7WI=
13048,6836,UTQqxMpDe0oAGIfo+CM4p+gE7yU=,EUXYo+hOuDIfj0SorwcaBGmD7WI=
13040,6838,UTQqxMpDe0oAGIfo+CM4p+gE7yU=,xoZZoVR9wQ3VxaFub2bkZzcHVlE=
13047,6836,UTQqxMpDe0oAGIfo+CM4p+gE7yU=,6S62YCdqXhQAsKIp1dv6PhXg7eE=
13051,6839,UTQqxMpDe0oAGIfo+CM4p+gE7yU=,9wdiupEzugBiHVzgKOg0zAoezZk=
13053,6836,UTQqxMpDe0oAGIfo+CM4p+gE7yU=,tufSetqmzFvCpbQQe+rnsXbVR+0=
13051,6837,UTQqxMpDe0oAGIfo+CM4p+gE7yU=,9wdiupEzugBiHVzgKOg0zAoezZk=
13052,6837,UTQqxMpDe0oAGIfo+CM4p+gE7yU=,tufSetqmzFvCpbQQe+rnsXbVR+0=
13054,6836,UTQqxMpDe0oAGIfo+CM4p+gE7yU=,fbV+ALnqtJ3Xd6I4SUaEk2YRV1I=
13051,6838,UTQqxMpDe0oAGIfo+CM4p+gE7yU=,9wdiupEzugBiHVzgKOg0zAoezZk=
13055,6836,UTQqxMpDe0oAGIfo+CM4p+gE7yU=,fbV+ALnqtJ3Xd6I4SUaEk2YRV1I=
13052,6839,UTQqxMpDe0oAGIfo+CM4p+gE7yU=,tufSetqmzFvCpbQQe+rnsXbVR+0=
13053,6837,UTQqxMpDe0oAGIfo+CM4p+gE7yU=,tufSetqmzFvCpbQQe+rnsXbVR+0=
13054,6837,UTQqxMpDe0oAGIfo+CM4p+gE7yU=,fbV+ALnqtJ3Xd6I4SUaEk2YRV1I=
13055,6837,UTQqxMpDe0oAGIfo+CM4p+gE7yU=,fbV+ALnqtJ3Xd6I4SUaEk2YRV1I=
13053,6838,UTQqxMpDe0oAGIfo+CM4p+gE7yU=,tufSetqmzFvCpbQQe+rnsXbVR+0=
13055,6839,UTQqxMpDe0oAGIfo+CM4p+gE7yU=,kgXUnUDX/JDX7s5Q0PhPTadozTI=
13052,6838,UTQqxMpDe0oAGIfo+CM4p+gE7yU=,tufSetqmzFvCpbQQe+rnsXbVR+0=
13054,6839,UTQqxMpDe0oAGIfo+CM4p+gE7yU=,kgXUnUDX/JDX7s5Q0PhPTadozTI=
13053,6839,UTQqxMpDe0oAGIfo+CM4p+gE7yU=,tufSetqmzFvCpbQQe+rnsXbVR+0=
13055,6838,UTQqxMpDe0oAGIfo+CM4p+gE7yU=,kgXUnUDX/JDX7s5Q0PhPTadozTI=
13054,6838,UTQqxMpDe0oAGIfo+CM4p+gE7yU=,kgXUnUDX/JDX7s5Q0PhPTadozTI=
