13095,6849,NOSfAdy3i8YVOZLcziXVi7NMH5A=,+S8JI7F1YR0PN5gaDg7z0tMWD3Y=
13094,6849,NOSfAdy3i8YVOZLcziXVi7NMH5A=,+S8JI7F1YR0PN5gaDg7z0tMWD3Y=
13095,6848,NOSfAdy3i8YVOZLcziXVi7NMH5A=,+S8JI7F1YR0PN5gaDg7z0tMWD3Y=
13094,6848,NOSfAdy3i8YVOZLcziXVi7NMH5A=,+S8JI7F1YR0PN5gaDg7z0tMWD3Y=
13091,6849,NOSfAdy3i8YVOZLcziXVi7NMH5A=,VBDkUB2Nvk4KttPeV+NdTQeOy0w=
13088,6848,NOSfAdy3i8YVOZLcziXVi7NMH5A=,SW8XkYdZHMIzGB0mUlhc4Lnnh9w=
13090,6849,NOSfAdy3i8YVOZLcziXVi7NMH5A=,VBDkUB2Nvk4KttPeV+NdTQeOy0w=
13090,6848,NOSfAdy3i8YVOZLcziXVi7NMH5A=,VBDkUB2Nvk4KttPeV+NdTQeOy0w=
13089,6848,NOSfAdy3i8YVOZLcziXVi7NMH5A=,SW8XkYdZHMIzGB0mUlhc4Lnnh9w=
13091,6848,NOSfAdy3i8YVOZLcziXVi7NMH5A=,VBDkUB2Nvk4KttPeV+NdTQeOy0w=
13088,6849,NOSfAdy3i8YVOZLcziXVi7NMH5A=,SW8XkYdZHMIzGB0mUlhc4Lnnh9w=
13089,6849,NOSfAdy3i8YVOZLcziXVi7NMH5A=,SW8XkYdZHMIzGB0mUlhc4Lnnh9w=
