13094,-2,pl8clFHVovsQSNJ+l089MjyWgU4=,V/OIFrZl0psBHdx9BAOPQH3ELFc=
13093,-1,pl8clFHVovsQSNJ+l089MjyWgU4=,HP3erhAqW6hwbm7SnlQ1L6RZ7So=
13093,-2,pl8clFHVovsQSNJ+l089MjyWgU4=,HP3erhAqW6hwbm7SnlQ1L6RZ7So=
13094,-1,pl8clFHVovsQSNJ+l089MjyWgU4=,V/OIFrZl0psBHdx9BAOPQH3ELFc=
13095,-1,pl8clFHVovsQSNJ+l089MjyWgU4=,V/OIFrZl0psBHdx9BAOPQH3ELFc=
13095,-2,pl8clFHVovsQSNJ+l089MjyWgU4=,V/OIFrZl0psBHdx9BAOPQH3ELFc=
13091,-2,pl8clFHVovsQSNJ+l089MjyWgU4=,HP3erhAqW6hwbm7SnlQ1L6RZ7So=
13092,-2,pl8clFHVovsQSNJ+l089MjyWgU4=,HP3erhAqW6hwbm7SnlQ1L6RZ7So=
13091,-1,pl8clFHVovsQSNJ+l089MjyWgU4=,HP3erhAqW6hwbm7SnlQ1L6RZ7So=
13090,-2,pl8clFHVovsQSNJ+l089MjyWgU4=,HP3erhAqW6hwbm7SnlQ1L6RZ7So=
13092,-1,pl8clFHVovsQSNJ+l089MjyWgU4=,HP3erhAqW6hwbm7SnlQ1L6RZ7So=
13090,-1,pl8clFHVovsQSNJ+l089MjyWgU4=,HP3erhAqW6hwbm7SnlQ1L6RZ7So=
13088,-2,pl8clFHVovsQSNJ+l089MjyWgU4=,KNXMyqEYmoto1ubyNxkPyQTskZ0=
13088,-1,pl8clFHVovsQSNJ+l089MjyWgU4=,KNXMyqEYmoto1ubyNxkPyQTskZ0=
13089,-1,pl8clFHVovsQSNJ+l089MjyWgU4=,KNXMyqEYmoto1ubyNxkPyQTskZ0=
13089,-2,pl8clFHVovsQSNJ+l089MjyWgU4=,KNXMyqEYmoto1ubyNxkPyQTskZ0=
