12953,6837,dl/O6FBzHEmU9/MbKS6dSU6MBoA=,8estxJc/hBqDVwKaWaqD1W3ToC0=
12954,6837,dl/O6FBzHEmU9/MbKS6dSU6MBoA=,HWuIHTSM8N8Ox/N7OZRtGG+dj48=
12953,6839,dl/O6FBzHEmU9/MbKS6dSU6MBoA=,8estxJc/hBqDVwKaWaqD1W3ToC0=
12954,6839,dl/O6FBzHEmU9/MbKS6dSU6MBoA=,HWuIHTSM8N8Ox/N7OZRtGG+dj48=
12958,6836,dl/O6FBzHEmU9/MbKS6dSU6MBoA=,GLUflU/NvheN6CLNMihlpvi/Ydw=
12957,6836,dl/O6FBzHEmU9/MbKS6dSU6MBoA=,HWuIHTSM8N8Ox/N7OZRtGG+dj48=
12955,6836,dl/O6FBzHEmU9/MbKS6dSU6MBoA=,HWuIHTSM8N8Ox/N7OZRtGG+dj48=
12956,6836,dl/O6FBzHEmU9/MbKS6dSU6MBoA=,HWuIHTSM8N8Ox/N7OZRtGG+dj48=
12954,6836,dl/O6FBzHEmU9/MbKS6dSU6MBoA=,HWuIHTSM8N8Ox/N7OZRtGG+dj48=
12953,6836,dl/O6FBzHEmU9/MbKS6dSU6MBoA=,8estxJc/hBqDVwKaWaqD1W3ToC0=
12952,6836,dl/O6FBzHEmU9/MbKS6dSU6MBoA=,8estxJc/hBqDVwKaWaqD1W3ToC0=
12952,6837,dl/O6FBzHEmU9/MbKS6dSU6MBoA=,8estxJc/hBqDVwKaWaqD1W3ToC0=
12952,6838,dl/O6FBzHEmU9/MbKS6dSU6MBoA=,8estxJc/hBqDVwKaWaqD1W3ToC0=
12952,6839,dl/O6FBzHEmU9/MbKS6dSU6MBoA=,8estxJc/hBqDVwKaWaqD1W3ToC0=
12959,6836,dl/O6FBzHEmU9/MbKS6dSU6MBoA=,GLUflU/NvheN6CLNMihlpvi/Ydw=
12953,6838,dl/O6FBzHEmU9/MbKS6dSU6MBoA=,8estxJc/hBqDVwKaWaqD1W3ToC0=
12954,6838,dl/O6FBzHEmU9/MbKS6dSU6MBoA=,HWuIHTSM8N8Ox/N7OZRtGG+dj48=
12955,6839,dl/O6FBzHEmU9/MbKS6dSU6MBoA=,HWuIHTSM8N8Ox/N7OZRtGG+dj48=
12955,6837,dl/O6FBzHEmU9/MbKS6dSU6MBoA=,HWuIHTSM8N8Ox/N7OZRtGG+dj48=
12956,6837,dl/O6FBzHEmU9/MbKS6dSU6MBoA=,HWuIHTSM8N8Ox/N7OZRtGG+dj48=
12956,6839,dl/O6FBzHEmU9/MbKS6dSU6MBoA=,GLUflU/NvheN6CLNMihlpvi/Ydw=
12956,6838,dl/O6FBzHEmU9/MbKS6dSU6MBoA=,GLUflU/NvheN6CLNMihlpvi/Ydw=
12955,6838,dl/O6FBzHEmU9/MbKS6dSU6MBoA=,HWuIHTSM8N8Ox/N7OZRtGG+dj48=
12957,6839,dl/O6FBzHEmU9/MbKS6dSU6MBoA=,GLUflU/NvheN6CLNMihlpvi/Ydw=
12957,6837,dl/O6FBzHEmU9/MbKS6dSU6MBoA=,HWuIHTSM8N8Ox/N7OZRtGG+dj48=
12959,6837,dl/O6FBzHEmU9/MbKS6dSU6MBoA=,GLUflU/NvheN6CLNMihlpvi/Ydw=
12958,6837,dl/O6FBzHEmU9/MbKS6dSU6MBoA=,GLUflU/NvheN6CLNMihlpvi/Ydw=
12959,6839,dl/O6FBzHEmU9/MbKS6dSU6MBoA=,APncljJvkD0m/yZgOH7ACG1wxlY=
12958,6839,dl/O6FBzHEmU9/MbKS6dSU6MBoA=,APncljJvkD0m/yZgOH7ACG1wxlY=
12957,6838,dl/O6FBzHEmU9/MbKS6dSU6MBoA=,GLUflU/NvheN6CLNMihlpvi/Ydw=
12959,6838,dl/O6FBzHEmU9/MbKS6dSU6MBoA=,APncljJvkD0m/yZgOH7ACG1wxlY=
12958,6838,dl/O6FBzHEmU9/MbKS6dSU6MBoA=,APncljJvkD0m/yZgOH7ACG1wxlY=
