13094,1,3eBWBHQgJn/DRbdGQH9xuwA4T4A=,sJREZwFfxoV7Kphs8KiLlldmhpM=
13093,1,3eBWBHQgJn/DRbdGQH9xuwA4T4A=,HP3erhAqW6hwbm7SnlQ1L6RZ7So=
13095,1,3eBWBHQgJn/DRbdGQH9xuwA4T4A=,sJREZwFfxoV7Kphs8KiLlldmhpM=
13093,0,3eBWBHQgJn/DRbdGQH9xuwA4T4A=,HP3erhAqW6hwbm7SnlQ1L6RZ7So=
13092,0,3eBWBHQgJn/DRbdGQH9xuwA4T4A=,HP3erhAqW6hwbm7SnlQ1L6RZ7So=
13094,0,3eBWBHQgJn/DRbdGQH9xuwA4T4A=,sJREZwFfxoV7Kphs8KiLlldmhpM=
13095,0,3eBWBHQgJn/DRbdGQH9xuwA4T4A=,sJREZwFfxoV7Kphs8KiLlldmhpM=
13092,1,3eBWBHQgJn/DRbdGQH9xuwA4T4A=,HP3erhAqW6hwbm7SnlQ1L6RZ7So=
13091,1,3eBWBHQgJn/DRbdGQH9xuwA4T4A=,HP3erhAqW6hwbm7SnlQ1L6RZ7So=
13091,0,3eBWBHQgJn/DRbdGQH9xuwA4T4A=,HP3erhAqW6hwbm7SnlQ1L6RZ7So=
13090,1,3eBWBHQgJn/DRbdGQH9xuwA4T4A=,HP3erhAqW6hwbm7SnlQ1L6RZ7So=
13089,1,3eBWBHQgJn/DRbdGQH9xuwA4T4A=,KNXMyqEYmoto1ubyNxkPyQTskZ0=
13090,0,3eBWBHQgJn/DRbdGQH9xuwA4T4A=,HP3erhAqW6hwbm7SnlQ1L6RZ7So=
13088,0,3eBWBHQgJn/DRbdGQH9xuwA4T4A=,KNXMyqEYmoto1ubyNxkPyQTskZ0=
13089,0,3eBWBHQgJn/DRbdGQH9xuwA4T4A=,KNXMyqEYmoto1ubyNxkPyQTskZ0=
13088,1,3eBWBHQgJn/DRbdGQH9xuwA4T4A=,KNXMyqEYmoto1ubyNxkPyQTskZ0=
