12970,6837,NqUzSaRi+7sE74bYE8XvqcB6yhU=,APncljJvkD0m/yZgOH7ACG1wxlY=
12969,6837,NqUzSaRi+7sE74bYE8XvqcB6yhU=,4yv8Lw/Zc20cX2ew7x59ZOLORnE=
12970,6838,NqUzSaRi+7sE74bYE8XvqcB6yhU=,FWbv7SvXnkdf4pzjLbuAo3sy08k=
12969,6838,NqUzSaRi+7sE74bYE8XvqcB6yhU=,APncljJvkD0m/yZgOH7ACG1wxlY=
12968,6837,NqUzSaRi+7sE74bYE8XvqcB6yhU=,4yv8Lw/Zc20cX2ew7x59ZOLORnE=
12967,6837,NqUzSaRi+7sE74bYE8XvqcB6yhU=,4yv8Lw/Zc20cX2ew7x59ZOLORnE=
12968,6838,NqUzSaRi+7sE74bYE8XvqcB6yhU=,APncljJvkD0m/yZgOH7ACG1wxlY=
12967,6838,NqUzSaRi+7sE74bYE8XvqcB6yhU=,4yv8Lw/Zc20cX2ew7x59ZOLORnE=
12970,6836,NqUzSaRi+7sE74bYE8XvqcB6yhU=,APncljJvkD0m/yZgOH7ACG1wxlY=
12969,6836,NqUzSaRi+7sE74bYE8XvqcB6yhU=,4yv8Lw/Zc20cX2ew7x59ZOLORnE=
12968,6839,NqUzSaRi+7sE74bYE8XvqcB6yhU=,APncljJvkD0m/yZgOH7ACG1wxlY=
12967,6839,NqUzSaRi+7sE74bYE8XvqcB6yhU=,4yv8Lw/Zc20cX2ew7x59ZOLORnE=
12970,6839,NqUzSaRi+7sE74bYE8XvqcB6yhU=,FWbv7SvXnkdf4pzjLbuAo3sy08k=
12969,6839,NqUzSaRi+7sE74bYE8XvqcB6yhU=,APncljJvkD0m/yZgOH7ACG1wxlY=
12963,6837,VwrL/FbBoravYr62ovNTWfzjBZs=,9Zy4QXXZe7bo3IPdBgEbdIZltZI=
12963,6839,VwrL/FbBoravYr62ovNTWfzjBZs=,9Zy4QXXZe7bo3IPdBgEbdIZltZI=
12966,6837,VwrL/FbBoravYr62ovNTWfzjBZs=,4yv8Lw/Zc20cX2ew7x59ZOLORnE=
12965,6839,VwrL/FbBoravYr62ovNTWfzjBZs=,fKke5YY75YrnEXF80gQixMrXd1g=
12964,6837,VwrL/FbBoravYr62ovNTWfzjBZs=,fKke5YY75YrnEXF80gQixMrXd1g=
12965,6837,VwrL/FbBoravYr62ovNTWfzjBZs=,fKke5YY75YrnEXF80gQixMrXd1g=
12964,6839,VwrL/FbBoravYr62ovNTWfzjBZs=,fKke5YY75YrnEXF80gQixMrXd1g=
12964,6838,VwrL/FbBoravYr62ovNTWfzjBZs=,fKke5YY75YrnEXF80gQixMrXd1g=
12966,6838,VwrL/FbBoravYr62ovNTWfzjBZs=,4yv8Lw/Zc20cX2ew7x59ZOLORnE=
12963,6838,VwrL/FbBoravYr62ovNTWfzjBZs=,9Zy4QXXZe7bo3IPdBgEbdIZltZI=
12965,6838,VwrL/FbBoravYr62ovNTWfzjBZs=,fKke5YY75YrnEXF80gQixMrXd1g=
12966,6839,VwrL/FbBoravYr62ovNTWfzjBZs=,4yv8Lw/Zc20cX2ew7x59ZOLORnE=
12962,6837,VwrL/FbBoravYr62ovNTWfzjBZs=,9Zy4QXXZe7bo3IPdBgEbdIZltZI=
12960,6837,VwrL/FbBoravYr62ovNTWfzjBZs=,lEZhIbLtieimHIEgWoPjoDNnnaA=
12961,6839,VwrL/FbBoravYr62ovNTWfzjBZs=,lEZhIbLtieimHIEgWoPjoDNnnaA=
12960,6839,VwrL/FbBoravYr62ovNTWfzjBZs=,lEZhIbLtieimHIEgWoPjoDNnnaA=
12961,6837,VwrL/FbBoravYr62ovNTWfzjBZs=,lEZhIbLtieimHIEgWoPjoDNnnaA=
12962,6839,VwrL/FbBoravYr62ovNTWfzjBZs=,9Zy4QXXZe7bo3IPdBgEbdIZltZI=
12968,6836,VwrL/FbBoravYr62ovNTWfzjBZs=,4yv8Lw/Zc20cX2ew7x59ZOLORnE=
12967,6836,VwrL/FbBoravYr62ovNTWfzjBZs=,4yv8Lw/Zc20cX2ew7x59ZOLORnE=
12971,6836,VwrL/FbBoravYr62ovNTWfzjBZs=,APncljJvkD0m/yZgOH7ACG1wxlY=
12974,6836,VwrL/FbBoravYr62ovNTWfzjBZs=,nrzKmplt/ad4uE93p+06L9fvzJs=
12973,6836,VwrL/FbBoravYr62ovNTWfzjBZs=,c1xeBr1CF3GzRS0wiqnnzHeJ4po=
12972,6836,VwrL/FbBoravYr62ovNTWfzjBZs=,c1xeBr1CF3GzRS0wiqnnzHeJ4po=
12961,6836,VwrL/FbBoravYr62ovNTWfzjBZs=,lEZhIbLtieimHIEgWoPjoDNnnaA=
12962,6836,VwrL/FbBoravYr62ovNTWfzjBZs=,9Zy4QXXZe7bo3IPdBgEbdIZltZI=
12963,6836,VwrL/FbBoravYr62ovNTWfzjBZs=,9Zy4QXXZe7bo3IPdBgEbdIZltZI=
12964,6836,VwrL/FbBoravYr62ovNTWfzjBZs=,fKke5YY75YrnEXF80gQixMrXd1g=
12966,6836,VwrL/FbBoravYr62ovNTWfzjBZs=,4yv8Lw/Zc20cX2ew7x59ZOLORnE=
12965,6836,VwrL/FbBoravYr62ovNTWfzjBZs=,fKke5YY75YrnEXF80gQixMrXd1g=
12960,6836,VwrL/FbBoravYr62ovNTWfzjBZs=,lEZhIbLtieimHIEgWoPjoDNnnaA=
12975,6836,VwrL/FbBoravYr62ovNTWfzjBZs=,nrzKmplt/ad4uE93p+06L9fvzJs=
12962,6838,VwrL/FbBoravYr62ovNTWfzjBZs=,9Zy4QXXZe7bo3IPdBgEbdIZltZI=
12960,6838,VwrL/FbBoravYr62ovNTWfzjBZs=,lEZhIbLtieimHIEgWoPjoDNnnaA=
12961,6838,VwrL/FbBoravYr62ovNTWfzjBZs=,lEZhIbLtieimHIEgWoPjoDNnnaA=
12972,6837,VwrL/FbBoravYr62ovNTWfzjBZs=,c1xeBr1CF3GzRS0wiqnnzHeJ4po=
12972,6839,VwrL/FbBoravYr62ovNTWfzjBZs=,c1xeBr1CF3GzRS0wiqnnzHeJ4po=
12971,6839,VwrL/FbBoravYr62ovNTWfzjBZs=,FWbv7SvXnkdf4pzjLbuAo3sy08k=
12971,6837,VwrL/FbBoravYr62ovNTWfzjBZs=,APncljJvkD0m/yZgOH7ACG1wxlY=
12975,6839,VwrL/FbBoravYr62ovNTWfzjBZs=,nrzKmplt/ad4uE93p+06L9fvzJs=
12974,6837,VwrL/FbBoravYr62ovNTWfzjBZs=,nrzKmplt/ad4uE93p+06L9fvzJs=
12973,6837,VwrL/FbBoravYr62ovNTWfzjBZs=,c1xeBr1CF3GzRS0wiqnnzHeJ4po=
12975,6837,VwrL/FbBoravYr62ovNTWfzjBZs=,nrzKmplt/ad4uE93p+06L9fvzJs=
12974,6839,VwrL/FbBoravYr62ovNTWfzjBZs=,nrzKmplt/ad4uE93p+06L9fvzJs=
12973,6839,VwrL/FbBoravYr62ovNTWfzjBZs=,c1xeBr1CF3GzRS0wiqnnzHeJ4po=
12972,6838,VwrL/FbBoravYr62ovNTWfzjBZs=,c1xeBr1CF3GzRS0wiqnnzHeJ4po=
12971,6838,VwrL/FbBoravYr62ovNTWfzjBZs=,FWbv7SvXnkdf4pzjLbuAo3sy08k=
12973,6838,VwrL/FbBoravYr62ovNTWfzjBZs=,c1xeBr1CF3GzRS0wiqnnzHeJ4po=
12974,6838,VwrL/FbBoravYr62ovNTWfzjBZs=,nrzKmplt/ad4uE93p+06L9fvzJs=
12975,6838,VwrL/FbBoravYr62ovNTWfzjBZs=,nrzKmplt/ad4uE93p+06L9fvzJs=
12983,6837,bvcUiCU87E1OTRJ5XnnhYiNbjsQ=,AAsEQdT1wko75EdMJvTcxyL3tQc=
12984,6837,bvcUiCU87E1OTRJ5XnnhYiNbjsQ=,jIHgsN6oq4jzWv8tYIaMWl5Uy4I=
12984,6838,bvcUiCU87E1OTRJ5XnnhYiNbjsQ=,jIHgsN6oq4jzWv8tYIaMWl5Uy4I=
12983,6838,bvcUiCU87E1OTRJ5XnnhYiNbjsQ=,AAsEQdT1wko75EdMJvTcxyL3tQc=
12982,6837,bvcUiCU87E1OTRJ5XnnhYiNbjsQ=,AAsEQdT1wko75EdMJvTcxyL3tQc=
12981,6837,bvcUiCU87E1OTRJ5XnnhYiNbjsQ=,45Kq2UanfOxmfXESBsT65pTX+xw=
12982,6839,bvcUiCU87E1OTRJ5XnnhYiNbjsQ=,AAsEQdT1wko75EdMJvTcxyL3tQc=
12981,6839,bvcUiCU87E1OTRJ5XnnhYiNbjsQ=,45Kq2UanfOxmfXESBsT65pTX+xw=
12978,6836,bvcUiCU87E1OTRJ5XnnhYiNbjsQ=,FWbv7SvXnkdf4pzjLbuAo3sy08k=
12977,6836,bvcUiCU87E1OTRJ5XnnhYiNbjsQ=,FWbv7SvXnkdf4pzjLbuAo3sy08k=
12981,6838,bvcUiCU87E1OTRJ5XnnhYiNbjsQ=,45Kq2UanfOxmfXESBsT65pTX+xw=
12982,6838,bvcUiCU87E1OTRJ5XnnhYiNbjsQ=,AAsEQdT1wko75EdMJvTcxyL3tQc=
12976,6836,bvcUiCU87E1OTRJ5XnnhYiNbjsQ=,FWbv7SvXnkdf4pzjLbuAo3sy08k=
12980,6837,bvcUiCU87E1OTRJ5XnnhYiNbjsQ=,45Kq2UanfOxmfXESBsT65pTX+xw=
12978,6837,bvcUiCU87E1OTRJ5XnnhYiNbjsQ=,FWbv7SvXnkdf4pzjLbuAo3sy08k=
12979,6837,bvcUiCU87E1OTRJ5XnnhYiNbjsQ=,FWbv7SvXnkdf4pzjLbuAo3sy08k=
12979,6839,bvcUiCU87E1OTRJ5XnnhYiNbjsQ=,jIHgsN6oq4jzWv8tYIaMWl5Uy4I=
12980,6839,bvcUiCU87E1OTRJ5XnnhYiNbjsQ=,45Kq2UanfOxmfXESBsT65pTX+xw=
12977,6839,bvcUiCU87E1OTRJ5XnnhYiNbjsQ=,FWbv7SvXnkdf4pzjLbuAo3sy08k=
12977,6837,bvcUiCU87E1OTRJ5XnnhYiNbjsQ=,FWbv7SvXnkdf4pzjLbuAo3sy08k=
12978,6839,bvcUiCU87E1OTRJ5XnnhYiNbjsQ=,jIHgsN6oq4jzWv8tYIaMWl5Uy4I=
12976,6839,bvcUiCU87E1OTRJ5XnnhYiNbjsQ=,FWbv7SvXnkdf4pzjLbuAo3sy08k=
12976,6837,bvcUiCU87E1OTRJ5XnnhYiNbjsQ=,FWbv7SvXnkdf4pzjLbuAo3sy08k=
12979,6838,bvcUiCU87E1OTRJ5XnnhYiNbjsQ=,jIHgsN6oq4jzWv8tYIaMWl5Uy4I=
12980,6838,bvcUiCU87E1OTRJ5XnnhYiNbjsQ=,45Kq2UanfOxmfXESBsT65pTX+xw=
12977,6838,bvcUiCU87E1OTRJ5XnnhYiNbjsQ=,FWbv7SvXnkdf4pzjLbuAo3sy08k=
12976,6838,bvcUiCU87E1OTRJ5XnnhYiNbjsQ=,FWbv7SvXnkdf4pzjLbuAo3sy08k=
12978,6838,bvcUiCU87E1OTRJ5XnnhYiNbjsQ=,jIHgsN6oq4jzWv8tYIaMWl5Uy4I=
12984,6839,bvcUiCU87E1OTRJ5XnnhYiNbjsQ=,jIHgsN6oq4jzWv8tYIaMWl5Uy4I=
12983,6839,bvcUiCU87E1OTRJ5XnnhYiNbjsQ=,AAsEQdT1wko75EdMJvTcxyL3tQc=
12988,6836,bvcUiCU87E1OTRJ5XnnhYiNbjsQ=,ljmWEd/aEGDMl9A/ZQOO3iH4ClE=
12987,6836,bvcUiCU87E1OTRJ5XnnhYiNbjsQ=,ljmWEd/aEGDMl9A/ZQOO3iH4ClE=
12980,6836,bvcUiCU87E1OTRJ5XnnhYiNbjsQ=,45Kq2UanfOxmfXESBsT65pTX+xw=
12979,6836,bvcUiCU87E1OTRJ5XnnhYiNbjsQ=,FWbv7SvXnkdf4pzjLbuAo3sy08k=
12982,6836,bvcUiCU87E1OTRJ5XnnhYiNbjsQ=,AAsEQdT1wko75EdMJvTcxyL3tQc=
12981,6836,bvcUiCU87E1OTRJ5XnnhYiNbjsQ=,45Kq2UanfOxmfXESBsT65pTX+xw=
12986,6836,bvcUiCU87E1OTRJ5XnnhYiNbjsQ=,ljmWEd/aEGDMl9A/ZQOO3iH4ClE=
12984,6836,bvcUiCU87E1OTRJ5XnnhYiNbjsQ=,jIHgsN6oq4jzWv8tYIaMWl5Uy4I=
12985,6836,bvcUiCU87E1OTRJ5XnnhYiNbjsQ=,jIHgsN6oq4jzWv8tYIaMWl5Uy4I=
12983,6836,bvcUiCU87E1OTRJ5XnnhYiNbjsQ=,AAsEQdT1wko75EdMJvTcxyL3tQc=
12990,6836,bvcUiCU87E1OTRJ5XnnhYiNbjsQ=,faT7myMKbyCQIqmWDELA6H4SdsU=
12991,6836,bvcUiCU87E1OTRJ5XnnhYiNbjsQ=,faT7myMKbyCQIqmWDELA6H4SdsU=
12989,6836,bvcUiCU87E1OTRJ5XnnhYiNbjsQ=,ljmWEd/aEGDMl9A/ZQOO3iH4ClE=
12990,6839,bvcUiCU87E1OTRJ5XnnhYiNbjsQ=,faT7myMKbyCQIqmWDELA6H4SdsU=
12989,6839,bvcUiCU87E1OTRJ5XnnhYiNbjsQ=,faT7myMKbyCQIqmWDELA6H4SdsU=
12991,6837,bvcUiCU87E1OTRJ5XnnhYiNbjsQ=,faT7myMKbyCQIqmWDELA6H4SdsU=
12990,6837,bvcUiCU87E1OTRJ5XnnhYiNbjsQ=,faT7myMKbyCQIqmWDELA6H4SdsU=
12991,6839,bvcUiCU87E1OTRJ5XnnhYiNbjsQ=,faT7myMKbyCQIqmWDELA6H4SdsU=
12989,6837,bvcUiCU87E1OTRJ5XnnhYiNbjsQ=,ljmWEd/aEGDMl9A/ZQOO3iH4ClE=
12989,6838,bvcUiCU87E1OTRJ5XnnhYiNbjsQ=,faT7myMKbyCQIqmWDELA6H4SdsU=
12991,6838,bvcUiCU87E1OTRJ5XnnhYiNbjsQ=,faT7myMKbyCQIqmWDELA6H4SdsU=
12990,6838,bvcUiCU87E1OTRJ5XnnhYiNbjsQ=,faT7myMKbyCQIqmWDELA6H4SdsU=
12985,6839,bvcUiCU87E1OTRJ5XnnhYiNbjsQ=,jIHgsN6oq4jzWv8tYIaMWl5Uy4I=
12987,6837,bvcUiCU87E1OTRJ5XnnhYiNbjsQ=,ljmWEd/aEGDMl9A/ZQOO3iH4ClE=
12987,6839,bvcUiCU87E1OTRJ5XnnhYiNbjsQ=,hqThrCAurui0EToluoDJFzg0rOc=
12985,6837,bvcUiCU87E1OTRJ5XnnhYiNbjsQ=,jIHgsN6oq4jzWv8tYIaMWl5Uy4I=
12986,6837,bvcUiCU87E1OTRJ5XnnhYiNbjsQ=,ljmWEd/aEGDMl9A/ZQOO3iH4ClE=
12986,6839,bvcUiCU87E1OTRJ5XnnhYiNbjsQ=,hqThrCAurui0EToluoDJFzg0rOc=
12988,6837,bvcUiCU87E1OTRJ5XnnhYiNbjsQ=,ljmWEd/aEGDMl9A/ZQOO3iH4ClE=
12988,6839,bvcUiCU87E1OTRJ5XnnhYiNbjsQ=,faT7myMKbyCQIqmWDELA6H4SdsU=
12986,6838,bvcUiCU87E1OTRJ5XnnhYiNbjsQ=,hqThrCAurui0EToluoDJFzg0rOc=
12985,6838,bvcUiCU87E1OTRJ5XnnhYiNbjsQ=,jIHgsN6oq4jzWv8tYIaMWl5Uy4I=
12988,6838,bvcUiCU87E1OTRJ5XnnhYiNbjsQ=,faT7myMKbyCQIqmWDELA6H4SdsU=
12987,6838,bvcUiCU87E1OTRJ5XnnhYiNbjsQ=,hqThrCAurui0EToluoDJFzg0rOc=
