13098,6810,pzWMIosAzeYrgrc/yUcGJiEvrgA=,Hs4X2aD/jGhKSOWb3xbT02Qy8Os=
13098,6809,pzWMIosAzeYrgrc/yUcGJiEvrgA=,xW9qLxlblFXF+mHbFBYGwtnjv8M=
13097,6809,pzWMIosAzeYrgrc/yUcGJiEvrgA=,AMgv4stjnjeo+m1Ev/bz865zFc8=
13097,6810,pzWMIosAzeYrgrc/yUcGJiEvrgA=,rv1LQMdqciYwUCy8sez52HwKnw0=
13098,6812,pzWMIosAzeYrgrc/yUcGJiEvrgA=,EC/IBmq7v2Gz04gV9D1j2W+venU=
13098,6811,pzWMIosAzeYrgrc/yUcGJiEvrgA=,Hs4X2aD/jGhKSOWb3xbT02Qy8Os=
13097,6812,pzWMIosAzeYrgrc/yUcGJiEvrgA=,RSGeTxo/rb0GFYRBVmwBWfHSpGQ=
13095,6812,pzWMIosAzeYrgrc/yUcGJiEvrgA=,EC/IBmq7v2Gz04gV9D1j2W+venU=
13095,6811,pzWMIosAzeYrgrc/yUcGJiEvrgA=,RSGeTxo/rb0GFYRBVmwBWfHSpGQ=
13097,6811,pzWMIosAzeYrgrc/yUcGJiEvrgA=,rv1LQMdqciYwUCy8sez52HwKnw0=
13096,6812,pzWMIosAzeYrgrc/yUcGJiEvrgA=,RSGeTxo/rb0GFYRBVmwBWfHSpGQ=
13096,6811,pzWMIosAzeYrgrc/yUcGJiEvrgA=,rv1LQMdqciYwUCy8sez52HwKnw0=
13093,6813,jhtgcm1pHtfE6Ktql0SaPMR2OCg=,00V1xf64boiOEa4ydCh67M+dV0Y=
13094,6813,jhtgcm1pHtfE6Ktql0SaPMR2OCg=,EC/IBmq7v2Gz04gV9D1j2W+venU=
13094,6814,jhtgcm1pHtfE6Ktql0SaPMR2OCg=,xASCMwjcwmqdHuUb/TsNnnsWBog=
13093,6814,jhtgcm1pHtfE6Ktql0SaPMR2OCg=,pvqU98Wfbz362QoavWrEw9ieONk=
13096,6813,jhtgcm1pHtfE6Ktql0SaPMR2OCg=,RSGeTxo/rb0GFYRBVmwBWfHSpGQ=
13096,6814,jhtgcm1pHtfE6Ktql0SaPMR2OCg=,CPIDAZeVrwCniuUGhZA8ShGbq0A=
13095,6813,jhtgcm1pHtfE6Ktql0SaPMR2OCg=,EC/IBmq7v2Gz04gV9D1j2W+venU=
13095,6814,jhtgcm1pHtfE6Ktql0SaPMR2OCg=,xASCMwjcwmqdHuUb/TsNnnsWBog=
13098,6813,jhtgcm1pHtfE6Ktql0SaPMR2OCg=,EC/IBmq7v2Gz04gV9D1j2W+venU=
13097,6813,jhtgcm1pHtfE6Ktql0SaPMR2OCg=,RSGeTxo/rb0GFYRBVmwBWfHSpGQ=
13098,6814,jhtgcm1pHtfE6Ktql0SaPMR2OCg=,GGL0OM8dVIH7W9wE41Enib3Waqo=
13097,6814,jhtgcm1pHtfE6Ktql0SaPMR2OCg=,CPIDAZeVrwCniuUGhZA8ShGbq0A=
13092,6813,dl/O6FBzHEmU9/MbKS6dSU6MBoA=,00V1xf64boiOEa4ydCh67M+dV0Y=
13091,6813,dl/O6FBzHEmU9/MbKS6dSU6MBoA=,00V1xf64boiOEa4ydCh67M+dV0Y=
13091,6814,dl/O6FBzHEmU9/MbKS6dSU6MBoA=,hhx964k3WRueq7eFTAqqL3c26nA=
13092,6814,dl/O6FBzHEmU9/MbKS6dSU6MBoA=,pvqU98Wfbz362QoavWrEw9ieONk=
13099,6813,dl/O6FBzHEmU9/MbKS6dSU6MBoA=,EC/IBmq7v2Gz04gV9D1j2W+venU=
13100,6813,dl/O6FBzHEmU9/MbKS6dSU6MBoA=,EC/IBmq7v2Gz04gV9D1j2W+venU=
13099,6814,dl/O6FBzHEmU9/MbKS6dSU6MBoA=,GGL0OM8dVIH7W9wE41Enib3Waqo=
13100,6814,dl/O6FBzHEmU9/MbKS6dSU6MBoA=,4tf1u4n+TzgyQ7hAJTlMAfwo0u0=
13100,6815,dl/O6FBzHEmU9/MbKS6dSU6MBoA=,4tf1u4n+TzgyQ7hAJTlMAfwo0u0=
13099,6815,dl/O6FBzHEmU9/MbKS6dSU6MBoA=,GGL0OM8dVIH7W9wE41Enib3Waqo=
13098,6815,dl/O6FBzHEmU9/MbKS6dSU6MBoA=,GGL0OM8dVIH7W9wE41Enib3Waqo=
13097,6815,dl/O6FBzHEmU9/MbKS6dSU6MBoA=,CPIDAZeVrwCniuUGhZA8ShGbq0A=
13101,6813,dl/O6FBzHEmU9/MbKS6dSU6MBoA=,EC/IBmq7v2Gz04gV9D1j2W+venU=
13101,6814,dl/O6FBzHEmU9/MbKS6dSU6MBoA=,4tf1u4n+TzgyQ7hAJTlMAfwo0u0=
13095,6815,dl/O6FBzHEmU9/MbKS6dSU6MBoA=,xASCMwjcwmqdHuUb/TsNnnsWBog=
13102,6814,dl/O6FBzHEmU9/MbKS6dSU6MBoA=,EC/IBmq7v2Gz04gV9D1j2W+venU=
13100,6812,dl/O6FBzHEmU9/MbKS6dSU6MBoA=,EC/IBmq7v2Gz04gV9D1j2W+venU=
13088,6812,dl/O6FBzHEmU9/MbKS6dSU6MBoA=,HP3erhAqW6hwbm7SnlQ1L6RZ7So=
13099,6812,dl/O6FBzHEmU9/MbKS6dSU6MBoA=,EC/IBmq7v2Gz04gV9D1j2W+venU=
13099,6811,dl/O6FBzHEmU9/MbKS6dSU6MBoA=,Hs4X2aD/jGhKSOWb3xbT02Qy8Os=
13102,6815,dl/O6FBzHEmU9/MbKS6dSU6MBoA=,EC/IBmq7v2Gz04gV9D1j2W+venU=
13101,6815,dl/O6FBzHEmU9/MbKS6dSU6MBoA=,4tf1u4n+TzgyQ7hAJTlMAfwo0u0=
13096,6815,dl/O6FBzHEmU9/MbKS6dSU6MBoA=,CPIDAZeVrwCniuUGhZA8ShGbq0A=
13090,6812,dl/O6FBzHEmU9/MbKS6dSU6MBoA=,00V1xf64boiOEa4ydCh67M+dV0Y=
13092,6812,dl/O6FBzHEmU9/MbKS6dSU6MBoA=,00V1xf64boiOEa4ydCh67M+dV0Y=
13091,6812,dl/O6FBzHEmU9/MbKS6dSU6MBoA=,00V1xf64boiOEa4ydCh67M+dV0Y=
13089,6812,dl/O6FBzHEmU9/MbKS6dSU6MBoA=,HP3erhAqW6hwbm7SnlQ1L6RZ7So=
13093,6812,dl/O6FBzHEmU9/MbKS6dSU6MBoA=,00V1xf64boiOEa4ydCh67M+dV0Y=
13094,6812,dl/O6FBzHEmU9/MbKS6dSU6MBoA=,EC/IBmq7v2Gz04gV9D1j2W+venU=
13098,6808,dl/O6FBzHEmU9/MbKS6dSU6MBoA=,xW9qLxlblFXF+mHbFBYGwtnjv8M=
13097,6808,dl/O6FBzHEmU9/MbKS6dSU6MBoA=,AMgv4stjnjeo+m1Ev/bz865zFc8=
13103,6814,dl/O6FBzHEmU9/MbKS6dSU6MBoA=,EC/IBmq7v2Gz04gV9D1j2W+venU=
13099,6809,dl/O6FBzHEmU9/MbKS6dSU6MBoA=,xW9qLxlblFXF+mHbFBYGwtnjv8M=
13094,6811,dl/O6FBzHEmU9/MbKS6dSU6MBoA=,RSGeTxo/rb0GFYRBVmwBWfHSpGQ=
13101,6812,dl/O6FBzHEmU9/MbKS6dSU6MBoA=,EC/IBmq7v2Gz04gV9D1j2W+venU=
13099,6810,dl/O6FBzHEmU9/MbKS6dSU6MBoA=,Hs4X2aD/jGhKSOWb3xbT02Qy8Os=
13103,6815,dl/O6FBzHEmU9/MbKS6dSU6MBoA=,EC/IBmq7v2Gz04gV9D1j2W+venU=
13099,6808,dl/O6FBzHEmU9/MbKS6dSU6MBoA=,xW9qLxlblFXF+mHbFBYGwtnjv8M=
13094,6815,dl/O6FBzHEmU9/MbKS6dSU6MBoA=,xASCMwjcwmqdHuUb/TsNnnsWBog=
13093,6815,dl/O6FBzHEmU9/MbKS6dSU6MBoA=,pvqU98Wfbz362QoavWrEw9ieONk=
13091,6815,dl/O6FBzHEmU9/MbKS6dSU6MBoA=,hhx964k3WRueq7eFTAqqL3c26nA=
13092,6815,dl/O6FBzHEmU9/MbKS6dSU6MBoA=,pvqU98Wfbz362QoavWrEw9ieONk=
13090,6813,dl/O6FBzHEmU9/MbKS6dSU6MBoA=,00V1xf64boiOEa4ydCh67M+dV0Y=
13088,6813,dl/O6FBzHEmU9/MbKS6dSU6MBoA=,HP3erhAqW6hwbm7SnlQ1L6RZ7So=
13089,6813,dl/O6FBzHEmU9/MbKS6dSU6MBoA=,HP3erhAqW6hwbm7SnlQ1L6RZ7So=
13090,6814,dl/O6FBzHEmU9/MbKS6dSU6MBoA=,hhx964k3WRueq7eFTAqqL3c26nA=
13096,6808,dl/O6FBzHEmU9/MbKS6dSU6MBoA=,AMgv4stjnjeo+m1Ev/bz865zFc8=
13094,6810,dl/O6FBzHEmU9/MbKS6dSU6MBoA=,RSGeTxo/rb0GFYRBVmwBWfHSpGQ=
13094,6809,dl/O6FBzHEmU9/MbKS6dSU6MBoA=,xW9qLxlblFXF+mHbFBYGwtnjv8M=
13089,6814,dl/O6FBzHEmU9/MbKS6dSU6MBoA=,ZPrT0Ij5WAmXoUjj2Q1qzbYOiSE=
13095,6808,dl/O6FBzHEmU9/MbKS6dSU6MBoA=,xW9qLxlblFXF+mHbFBYGwtnjv8M=
13088,6815,dl/O6FBzHEmU9/MbKS6dSU6MBoA=,ZPrT0Ij5WAmXoUjj2Q1qzbYOiSE=
13090,6815,dl/O6FBzHEmU9/MbKS6dSU6MBoA=,hhx964k3WRueq7eFTAqqL3c26nA=
13095,6809,dl/O6FBzHEmU9/MbKS6dSU6MBoA=,xW9qLxlblFXF+mHbFBYGwtnjv8M=
13089,6815,dl/O6FBzHEmU9/MbKS6dSU6MBoA=,ZPrT0Ij5WAmXoUjj2Q1qzbYOiSE=
13096,6809,dl/O6FBzHEmU9/MbKS6dSU6MBoA=,AMgv4stjnjeo+m1Ev/bz865zFc8=
13088,6814,dl/O6FBzHEmU9/MbKS6dSU6MBoA=,ZPrT0Ij5WAmXoUjj2Q1qzbYOiSE=
13095,6810,dl/O6FBzHEmU9/MbKS6dSU6MBoA=,RSGeTxo/rb0GFYRBVmwBWfHSpGQ=
13096,6810,dl/O6FBzHEmU9/MbKS6dSU6MBoA=,rv1LQMdqciYwUCy8sez52HwKnw0=
13094,6808,dl/O6FBzHEmU9/MbKS6dSU6MBoA=,xW9qLxlblFXF+mHbFBYGwtnjv8M=
