13001,6837,k6XvIkYVtCIqMsRRjIkrjXjeY24=,obBXfby/3wHdKnuXUKghzoFeoj4=
13002,6837,k6XvIkYVtCIqMsRRjIkrjXjeY24=,0kRSk9pfeBuNrGBGhuxYhWWh3zM=
13002,6838,k6XvIkYVtCIqMsRRjIkrjXjeY24=,STYqvAiAbA35R+3rU5o+6NLFODU=
13001,6838,k6XvIkYVtCIqMsRRjIkrjXjeY24=,0kRSk9pfeBuNrGBGhuxYhWWh3zM=
13003,6837,k6XvIkYVtCIqMsRRjIkrjXjeY24=,0kRSk9pfeBuNrGBGhuxYhWWh3zM=
13004,6837,k6XvIkYVtCIqMsRRjIkrjXjeY24=,STYqvAiAbA35R+3rU5o+6NLFODU=
13004,6838,k6XvIkYVtCIqMsRRjIkrjXjeY24=,STYqvAiAbA35R+3rU5o+6NLFODU=
13003,6838,k6XvIkYVtCIqMsRRjIkrjXjeY24=,STYqvAiAbA35R+3rU5o+6NLFODU=
13000,6837,k6XvIkYVtCIqMsRRjIkrjXjeY24=,obBXfby/3wHdKnuXUKghzoFeoj4=
12999,6837,k6XvIkYVtCIqMsRRjIkrjXjeY24=,obBXfby/3wHdKnuXUKghzoFeoj4=
13000,6838,k6XvIkYVtCIqMsRRjIkrjXjeY24=,0kRSk9pfeBuNrGBGhuxYhWWh3zM=
12999,6838,k6XvIkYVtCIqMsRRjIkrjXjeY24=,0kRSk9pfeBuNrGBGhuxYhWWh3zM=
12997,6837,k6XvIkYVtCIqMsRRjIkrjXjeY24=,XLbUdgB8wlOLdz9T00dfr+jdXzk=
12998,6837,k6XvIkYVtCIqMsRRjIkrjXjeY24=,obBXfby/3wHdKnuXUKghzoFeoj4=
12997,6838,k6XvIkYVtCIqMsRRjIkrjXjeY24=,obBXfby/3wHdKnuXUKghzoFeoj4=
12998,6838,k6XvIkYVtCIqMsRRjIkrjXjeY24=,0kRSk9pfeBuNrGBGhuxYhWWh3zM=
13002,6836,k6XvIkYVtCIqMsRRjIkrjXjeY24=,0kRSk9pfeBuNrGBGhuxYhWWh3zM=
13001,6836,k6XvIkYVtCIqMsRRjIkrjXjeY24=,obBXfby/3wHdKnuXUKghzoFeoj4=
13004,6836,k6XvIkYVtCIqMsRRjIkrjXjeY24=,STYqvAiAbA35R+3rU5o+6NLFODU=
12992,6836,k6XvIkYVtCIqMsRRjIkrjXjeY24=,hqThrCAurui0EToluoDJFzg0rOc=
13003,6836,k6XvIkYVtCIqMsRRjIkrjXjeY24=,0kRSk9pfeBuNrGBGhuxYhWWh3zM=
13006,6839,k6XvIkYVtCIqMsRRjIkrjXjeY24=,hAFSvXk8OAFNA8n0lLXnU86F444=
13005,6839,k6XvIkYVtCIqMsRRjIkrjXjeY24=,STYqvAiAbA35R+3rU5o+6NLFODU=
12998,6836,k6XvIkYVtCIqMsRRjIkrjXjeY24=,obBXfby/3wHdKnuXUKghzoFeoj4=
12997,6836,k6XvIkYVtCIqMsRRjIkrjXjeY24=,XLbUdgB8wlOLdz9T00dfr+jdXzk=
13000,6836,k6XvIkYVtCIqMsRRjIkrjXjeY24=,obBXfby/3wHdKnuXUKghzoFeoj4=
12999,6836,k6XvIkYVtCIqMsRRjIkrjXjeY24=,obBXfby/3wHdKnuXUKghzoFeoj4=
13003,6839,k6XvIkYVtCIqMsRRjIkrjXjeY24=,STYqvAiAbA35R+3rU5o+6NLFODU=
13004,6839,k6XvIkYVtCIqMsRRjIkrjXjeY24=,STYqvAiAbA35R+3rU5o+6NLFODU=
12995,6836,k6XvIkYVtCIqMsRRjIkrjXjeY24=,hqThrCAurui0EToluoDJFzg0rOc=
12993,6836,k6XvIkYVtCIqMsRRjIkrjXjeY24=,hqThrCAurui0EToluoDJFzg0rOc=
12994,6836,k6XvIkYVtCIqMsRRjIkrjXjeY24=,hqThrCAurui0EToluoDJFzg0rOc=
12996,6836,k6XvIkYVtCIqMsRRjIkrjXjeY24=,XLbUdgB8wlOLdz9T00dfr+jdXzk=
13007,6839,k6XvIkYVtCIqMsRRjIkrjXjeY24=,hAFSvXk8OAFNA8n0lLXnU86F444=
12997,6839,k6XvIkYVtCIqMsRRjIkrjXjeY24=,obBXfby/3wHdKnuXUKghzoFeoj4=
12998,6839,k6XvIkYVtCIqMsRRjIkrjXjeY24=,0kRSk9pfeBuNrGBGhuxYhWWh3zM=
13000,6839,k6XvIkYVtCIqMsRRjIkrjXjeY24=,0kRSk9pfeBuNrGBGhuxYhWWh3zM=
12999,6839,k6XvIkYVtCIqMsRRjIkrjXjeY24=,0kRSk9pfeBuNrGBGhuxYhWWh3zM=
13001,6839,k6XvIkYVtCIqMsRRjIkrjXjeY24=,0kRSk9pfeBuNrGBGhuxYhWWh3zM=
13002,6839,k6XvIkYVtCIqMsRRjIkrjXjeY24=,STYqvAiAbA35R+3rU5o+6NLFODU=
12995,6839,k6XvIkYVtCIqMsRRjIkrjXjeY24=,XLbUdgB8wlOLdz9T00dfr+jdXzk=
12996,6837,k6XvIkYVtCIqMsRRjIkrjXjeY24=,XLbUdgB8wlOLdz9T00dfr+jdXzk=
12996,6839,k6XvIkYVtCIqMsRRjIkrjXjeY24=,obBXfby/3wHdKnuXUKghzoFeoj4=
12995,6837,k6XvIkYVtCIqMsRRjIkrjXjeY24=,hqThrCAurui0EToluoDJFzg0rOc=
12995,6838,k6XvIkYVtCIqMsRRjIkrjXjeY24=,XLbUdgB8wlOLdz9T00dfr+jdXzk=
12996,6838,k6XvIkYVtCIqMsRRjIkrjXjeY24=,obBXfby/3wHdKnuXUKghzoFeoj4=
13007,6837,k6XvIkYVtCIqMsRRjIkrjXjeY24=,h02w+M0XPPx5y80WUewK+DFCj74=
13006,6837,k6XvIkYVtCIqMsRRjIkrjXjeY24=,h02w+M0XPPx5y80WUewK+DFCj74=
13007,6836,k6XvIkYVtCIqMsRRjIkrjXjeY24=,h02w+M0XPPx5y80WUewK+DFCj74=
13006,6836,k6XvIkYVtCIqMsRRjIkrjXjeY24=,h02w+M0XPPx5y80WUewK+DFCj74=
13005,6836,k6XvIkYVtCIqMsRRjIkrjXjeY24=,STYqvAiAbA35R+3rU5o+6NLFODU=
13006,6838,k6XvIkYVtCIqMsRRjIkrjXjeY24=,hAFSvXk8OAFNA8n0lLXnU86F444=
13007,6838,k6XvIkYVtCIqMsRRjIkrjXjeY24=,hAFSvXk8OAFNA8n0lLXnU86F444=
13005,6838,k6XvIkYVtCIqMsRRjIkrjXjeY24=,STYqvAiAbA35R+3rU5o+6NLFODU=
13005,6837,k6XvIkYVtCIqMsRRjIkrjXjeY24=,STYqvAiAbA35R+3rU5o+6NLFODU=
12994,6837,k6XvIkYVtCIqMsRRjIkrjXjeY24=,hqThrCAurui0EToluoDJFzg0rOc=
12992,6839,k6XvIkYVtCIqMsRRjIkrjXjeY24=,obBXfby/3wHdKnuXUKghzoFeoj4=
12993,6839,k6XvIkYVtCIqMsRRjIkrjXjeY24=,obBXfby/3wHdKnuXUKghzoFeoj4=
12994,6839,k6XvIkYVtCIqMsRRjIkrjXjeY24=,XLbUdgB8wlOLdz9T00dfr+jdXzk=
12993,6837,k6XvIkYVtCIqMsRRjIkrjXjeY24=,hqThrCAurui0EToluoDJFzg0rOc=
12992,6838,k6XvIkYVtCIqMsRRjIkrjXjeY24=,obBXfby/3wHdKnuXUKghzoFeoj4=
12993,6838,k6XvIkYVtCIqMsRRjIkrjXjeY24=,obBXfby/3wHdKnuXUKghzoFeoj4=
12992,6837,k6XvIkYVtCIqMsRRjIkrjXjeY24=,hqThrCAurui0EToluoDJFzg0rOc=
12994,6838,k6XvIkYVtCIqMsRRjIkrjXjeY24=,XLbUdgB8wlOLdz9T00dfr+jdXzk=
13022,6837,JmZFYyFuLMU+PyD3X54gbH+sP9M=,LGhBPZcdhgrkeMGgBNVkulQtrlQ=
13021,6837,JmZFYyFuLMU+PyD3X54gbH+sP9M=,2R+88O/9dOWq1W0IWQCEHnr5dbc=
13021,6838,JmZFYyFuLMU+PyD3X54gbH+sP9M=,2R+88O/9dOWq1W0IWQCEHnr5dbc=
13022,6838,JmZFYyFuLMU+PyD3X54gbH+sP9M=,rC5KjDnH4bKM6mKZ/H4zs04jWq4=
13019,6837,JmZFYyFuLMU+PyD3X54gbH+sP9M=,rsyz9cHBzBbMJw8zVdrvOsNTe3g=
13020,6837,JmZFYyFuLMU+PyD3X54gbH+sP9M=,2R+88O/9dOWq1W0IWQCEHnr5dbc=
13020,6838,JmZFYyFuLMU+PyD3X54gbH+sP9M=,2R+88O/9dOWq1W0IWQCEHnr5dbc=
13019,6838,JmZFYyFuLMU+PyD3X54gbH+sP9M=,2R+88O/9dOWq1W0IWQCEHnr5dbc=
13018,6837,JmZFYyFuLMU+PyD3X54gbH+sP9M=,rsyz9cHBzBbMJw8zVdrvOsNTe3g=
13017,6837,JmZFYyFuLMU+PyD3X54gbH+sP9M=,vZBVwuz/P4CfuocFkF36hcuO6C4=
13018,6838,JmZFYyFuLMU+PyD3X54gbH+sP9M=,2R+88O/9dOWq1W0IWQCEHnr5dbc=
13017,6838,JmZFYyFuLMU+PyD3X54gbH+sP9M=,rsyz9cHBzBbMJw8zVdrvOsNTe3g=
13015,6837,JmZFYyFuLMU+PyD3X54gbH+sP9M=,vZBVwuz/P4CfuocFkF36hcuO6C4=
13016,6837,JmZFYyFuLMU+PyD3X54gbH+sP9M=,vZBVwuz/P4CfuocFkF36hcuO6C4=
13016,6838,JmZFYyFuLMU+PyD3X54gbH+sP9M=,rsyz9cHBzBbMJw8zVdrvOsNTe3g=
13015,6838,JmZFYyFuLMU+PyD3X54gbH+sP9M=,LGhBPZcdhgrkeMGgBNVkulQtrlQ=
13013,6837,JmZFYyFuLMU+PyD3X54gbH+sP9M=,hAFSvXk8OAFNA8n0lLXnU86F444=
13014,6837,JmZFYyFuLMU+PyD3X54gbH+sP9M=,vZBVwuz/P4CfuocFkF36hcuO6C4=
13013,6838,JmZFYyFuLMU+PyD3X54gbH+sP9M=,hAFSvXk8OAFNA8n0lLXnU86F444=
13014,6838,JmZFYyFuLMU+PyD3X54gbH+sP9M=,LGhBPZcdhgrkeMGgBNVkulQtrlQ=
13023,6837,JmZFYyFuLMU+PyD3X54gbH+sP9M=,LGhBPZcdhgrkeMGgBNVkulQtrlQ=
13016,6839,JmZFYyFuLMU+PyD3X54gbH+sP9M=,rsyz9cHBzBbMJw8zVdrvOsNTe3g=
13015,6839,JmZFYyFuLMU+PyD3X54gbH+sP9M=,LGhBPZcdhgrkeMGgBNVkulQtrlQ=
13014,6839,JmZFYyFuLMU+PyD3X54gbH+sP9M=,LGhBPZcdhgrkeMGgBNVkulQtrlQ=
13013,6839,JmZFYyFuLMU+PyD3X54gbH+sP9M=,hAFSvXk8OAFNA8n0lLXnU86F444=
13018,6839,JmZFYyFuLMU+PyD3X54gbH+sP9M=,2R+88O/9dOWq1W0IWQCEHnr5dbc=
13017,6839,JmZFYyFuLMU+PyD3X54gbH+sP9M=,rsyz9cHBzBbMJw8zVdrvOsNTe3g=
13021,6836,JmZFYyFuLMU+PyD3X54gbH+sP9M=,2R+88O/9dOWq1W0IWQCEHnr5dbc=
13022,6836,JmZFYyFuLMU+PyD3X54gbH+sP9M=,LGhBPZcdhgrkeMGgBNVkulQtrlQ=
13020,6836,JmZFYyFuLMU+PyD3X54gbH+sP9M=,2R+88O/9dOWq1W0IWQCEHnr5dbc=
13019,6836,JmZFYyFuLMU+PyD3X54gbH+sP9M=,rsyz9cHBzBbMJw8zVdrvOsNTe3g=
13023,6839,JmZFYyFuLMU+PyD3X54gbH+sP9M=,rC5KjDnH4bKM6mKZ/H4zs04jWq4=
13019,6839,JmZFYyFuLMU+PyD3X54gbH+sP9M=,2R+88O/9dOWq1W0IWQCEHnr5dbc=
13020,6839,JmZFYyFuLMU+PyD3X54gbH+sP9M=,2R+88O/9dOWq1W0IWQCEHnr5dbc=
13022,6839,JmZFYyFuLMU+PyD3X54gbH+sP9M=,rC5KjDnH4bKM6mKZ/H4zs04jWq4=
13021,6839,JmZFYyFuLMU+PyD3X54gbH+sP9M=,2R+88O/9dOWq1W0IWQCEHnr5dbc=
13016,6836,JmZFYyFuLMU+PyD3X54gbH+sP9M=,vZBVwuz/P4CfuocFkF36hcuO6C4=
13018,6836,JmZFYyFuLMU+PyD3X54gbH+sP9M=,rsyz9cHBzBbMJw8zVdrvOsNTe3g=
13017,6836,JmZFYyFuLMU+PyD3X54gbH+sP9M=,vZBVwuz/P4CfuocFkF36hcuO6C4=
13015,6836,JmZFYyFuLMU+PyD3X54gbH+sP9M=,vZBVwuz/P4CfuocFkF36hcuO6C4=
13014,6836,JmZFYyFuLMU+PyD3X54gbH+sP9M=,vZBVwuz/P4CfuocFkF36hcuO6C4=
13013,6836,JmZFYyFuLMU+PyD3X54gbH+sP9M=,hAFSvXk8OAFNA8n0lLXnU86F444=
13023,6836,JmZFYyFuLMU+PyD3X54gbH+sP9M=,LGhBPZcdhgrkeMGgBNVkulQtrlQ=
13008,6836,JmZFYyFuLMU+PyD3X54gbH+sP9M=,h02w+M0XPPx5y80WUewK+DFCj74=
13010,6836,JmZFYyFuLMU+PyD3X54gbH+sP9M=,Q1quXU9Rfh9/dTwRHfQBl6yTxT8=
13012,6836,JmZFYyFuLMU+PyD3X54gbH+sP9M=,hAFSvXk8OAFNA8n0lLXnU86F444=
13011,6836,JmZFYyFuLMU+PyD3X54gbH+sP9M=,Q1quXU9Rfh9/dTwRHfQBl6yTxT8=
13009,6836,JmZFYyFuLMU+PyD3X54gbH+sP9M=,h02w+M0XPPx5y80WUewK+DFCj74=
13023,6838,JmZFYyFuLMU+PyD3X54gbH+sP9M=,rC5KjDnH4bKM6mKZ/H4zs04jWq4=
13008,6839,JmZFYyFuLMU+PyD3X54gbH+sP9M=,Q1quXU9Rfh9/dTwRHfQBl6yTxT8=
13008,6837,JmZFYyFuLMU+PyD3X54gbH+sP9M=,h02w+M0XPPx5y80WUewK+DFCj74=
13011,6837,3eBWBHQgJn/DRbdGQH9xuwA4T4A=,Q1quXU9Rfh9/dTwRHfQBl6yTxT8=
13012,6837,3eBWBHQgJn/DRbdGQH9xuwA4T4A=,hAFSvXk8OAFNA8n0lLXnU86F444=
13011,6839,3eBWBHQgJn/DRbdGQH9xuwA4T4A=,Q1quXU9Rfh9/dTwRHfQBl6yTxT8=
13009,6839,3eBWBHQgJn/DRbdGQH9xuwA4T4A=,Q1quXU9Rfh9/dTwRHfQBl6yTxT8=
13008,6838,3eBWBHQgJn/DRbdGQH9xuwA4T4A=,Q1quXU9Rfh9/dTwRHfQBl6yTxT8=
13010,6837,3eBWBHQgJn/DRbdGQH9xuwA4T4A=,Q1quXU9Rfh9/dTwRHfQBl6yTxT8=
13012,6839,3eBWBHQgJn/DRbdGQH9xuwA4T4A=,hAFSvXk8OAFNA8n0lLXnU86F444=
13010,6839,3eBWBHQgJn/DRbdGQH9xuwA4T4A=,Q1quXU9Rfh9/dTwRHfQBl6yTxT8=
13009,6837,3eBWBHQgJn/DRbdGQH9xuwA4T4A=,h02w+M0XPPx5y80WUewK+DFCj74=
13011,6838,3eBWBHQgJn/DRbdGQH9xuwA4T4A=,Q1quXU9Rfh9/dTwRHfQBl6yTxT8=
13010,6838,3eBWBHQgJn/DRbdGQH9xuwA4T4A=,Q1quXU9Rfh9/dTwRHfQBl6yTxT8=
13009,6838,3eBWBHQgJn/DRbdGQH9xuwA4T4A=,Q1quXU9Rfh9/dTwRHfQBl6yTxT8=
13012,6838,3eBWBHQgJn/DRbdGQH9xuwA4T4A=,hAFSvXk8OAFNA8n0lLXnU86F444=
