13360,6839,bvcUiCU87E1OTRJ5XnnhYiNbjsQ=,ny4OFxQxIdQxKmLs/vOiOXS55K0=
13361,6839,bvcUiCU87E1OTRJ5XnnhYiNbjsQ=,ny4OFxQxIdQxKmLs/vOiOXS55K0=
13360,6834,bvcUiCU87E1OTRJ5XnnhYiNbjsQ=,ny4OFxQxIdQxKmLs/vOiOXS55K0=
13361,6834,bvcUiCU87E1OTRJ5XnnhYiNbjsQ=,ny4OFxQxIdQxKmLs/vOiOXS55K0=
13361,6837,bvcUiCU87E1OTRJ5XnnhYiNbjsQ=,ny4OFxQxIdQxKmLs/vOiOXS55K0=
13361,6835,bvcUiCU87E1OTRJ5XnnhYiNbjsQ=,ny4OFxQxIdQxKmLs/vOiOXS55K0=
13361,6836,bvcUiCU87E1OTRJ5XnnhYiNbjsQ=,ny4OFxQxIdQxKmLs/vOiOXS55K0=
13361,6838,bvcUiCU87E1OTRJ5XnnhYiNbjsQ=,ny4OFxQxIdQxKmLs/vOiOXS55K0=
13360,6838,bvcUiCU87E1OTRJ5XnnhYiNbjsQ=,ny4OFxQxIdQxKmLs/vOiOXS55K0=
13360,6837,bvcUiCU87E1OTRJ5XnnhYiNbjsQ=,ny4OFxQxIdQxKmLs/vOiOXS55K0=
13360,6835,bvcUiCU87E1OTRJ5XnnhYiNbjsQ=,ny4OFxQxIdQxKmLs/vOiOXS55K0=
13360,6836,bvcUiCU87E1OTRJ5XnnhYiNbjsQ=,ny4OFxQxIdQxKmLs/vOiOXS55K0=
13356,6838,wWVlVQ4Z8BLFm2bUlt25YDVR6X4=,ny4OFxQxIdQxKmLs/vOiOXS55K0=
13356,6837,wWVlVQ4Z8BLFm2bUlt25YDVR6X4=,ny4OFxQxIdQxKmLs/vOiOXS55K0=
13356,6839,wWVlVQ4Z8BLFm2bUlt25YDVR6X4=,ny4OFxQxIdQxKmLs/vOiOXS55K0=
13356,6836,wWVlVQ4Z8BLFm2bUlt25YDVR6X4=,ny4OFxQxIdQxKmLs/vOiOXS55K0=
13356,6835,wWVlVQ4Z8BLFm2bUlt25YDVR6X4=,ny4OFxQxIdQxKmLs/vOiOXS55K0=
13356,6834,wWVlVQ4Z8BLFm2bUlt25YDVR6X4=,ny4OFxQxIdQxKmLs/vOiOXS55K0=
13358,6839,wWVlVQ4Z8BLFm2bUlt25YDVR6X4=,ny4OFxQxIdQxKmLs/vOiOXS55K0=
13357,6839,wWVlVQ4Z8BLFm2bUlt25YDVR6X4=,ny4OFxQxIdQxKmLs/vOiOXS55K0=
13359,6839,wWVlVQ4Z8BLFm2bUlt25YDVR6X4=,ny4OFxQxIdQxKmLs/vOiOXS55K0=
13357,6834,wWVlVQ4Z8BLFm2bUlt25YDVR6X4=,ny4OFxQxIdQxKmLs/vOiOXS55K0=
13359,6834,wWVlVQ4Z8BLFm2bUlt25YDVR6X4=,ny4OFxQxIdQxKmLs/vOiOXS55K0=
13358,6834,wWVlVQ4Z8BLFm2bUlt25YDVR6X4=,ny4OFxQxIdQxKmLs/vOiOXS55K0=
13357,6837,wWVlVQ4Z8BLFm2bUlt25YDVR6X4=,ny4OFxQxIdQxKmLs/vOiOXS55K0=
13359,6838,wWVlVQ4Z8BLFm2bUlt25YDVR6X4=,ny4OFxQxIdQxKmLs/vOiOXS55K0=
13357,6835,wWVlVQ4Z8BLFm2bUlt25YDVR6X4=,ny4OFxQxIdQxKmLs/vOiOXS55K0=
13357,6836,wWVlVQ4Z8BLFm2bUlt25YDVR6X4=,ny4OFxQxIdQxKmLs/vOiOXS55K0=
13358,6838,wWVlVQ4Z8BLFm2bUlt25YDVR6X4=,ny4OFxQxIdQxKmLs/vOiOXS55K0=
13357,6838,wWVlVQ4Z8BLFm2bUlt25YDVR6X4=,ny4OFxQxIdQxKmLs/vOiOXS55K0=
13358,6835,wWVlVQ4Z8BLFm2bUlt25YDVR6X4=,ny4OFxQxIdQxKmLs/vOiOXS55K0=
13359,6835,wWVlVQ4Z8BLFm2bUlt25YDVR6X4=,ny4OFxQxIdQxKmLs/vOiOXS55K0=
13358,6837,wWVlVQ4Z8BLFm2bUlt25YDVR6X4=,ny4OFxQxIdQxKmLs/vOiOXS55K0=
13359,6836,wWVlVQ4Z8BLFm2bUlt25YDVR6X4=,ny4OFxQxIdQxKmLs/vOiOXS55K0=
13359,6837,wWVlVQ4Z8BLFm2bUlt25YDVR6X4=,ny4OFxQxIdQxKmLs/vOiOXS55K0=
13358,6836,wWVlVQ4Z8BLFm2bUlt25YDVR6X4=,ny4OFxQxIdQxKmLs/vOiOXS55K0=
