13241,6834,47buZECawRD9VGQw5Tcno+fVv+U=,ny4OFxQxIdQxKmLs/vOiOXS55K0=
13242,6834,47buZECawRD9VGQw5Tcno+fVv+U=,ny4OFxQxIdQxKmLs/vOiOXS55K0=
13243,6839,47buZECawRD9VGQw5Tcno+fVv+U=,ny4OFxQxIdQxKmLs/vOiOXS55K0=
13243,6834,47buZECawRD9VGQw5Tcno+fVv+U=,ny4OFxQxIdQxKmLs/vOiOXS55K0=
13240,6834,47buZECawRD9VGQw5Tcno+fVv+U=,ny4OFxQxIdQxKmLs/vOiOXS55K0=
13240,6839,47buZECawRD9VGQw5Tcno+fVv+U=,ny4OFxQxIdQxKmLs/vOiOXS55K0=
13242,6839,47buZECawRD9VGQw5Tcno+fVv+U=,ny4OFxQxIdQxKmLs/vOiOXS55K0=
13241,6839,47buZECawRD9VGQw5Tcno+fVv+U=,ny4OFxQxIdQxKmLs/vOiOXS55K0=
13240,6838,47buZECawRD9VGQw5Tcno+fVv+U=,ny4OFxQxIdQxKmLs/vOiOXS55K0=
13240,6835,47buZECawRD9VGQw5Tcno+fVv+U=,ny4OFxQxIdQxKmLs/vOiOXS55K0=
13240,6837,47buZECawRD9VGQw5Tcno+fVv+U=,ny4OFxQxIdQxKmLs/vOiOXS55K0=
13240,6836,47buZECawRD9VGQw5Tcno+fVv+U=,ny4OFxQxIdQxKmLs/vOiOXS55K0=
13243,6838,47buZECawRD9VGQw5Tcno+fVv+U=,ny4OFxQxIdQxKmLs/vOiOXS55K0=
13242,6838,47buZECawRD9VGQw5Tcno+fVv+U=,ny4OFxQxIdQxKmLs/vOiOXS55K0=
13241,6838,47buZECawRD9VGQw5Tcno+fVv+U=,ny4OFxQxIdQxKmLs/vOiOXS55K0=
13243,6835,47buZECawRD9VGQw5Tcno+fVv+U=,ny4OFxQxIdQxKmLs/vOiOXS55K0=
13241,6835,47buZECawRD9VGQw5Tcno+fVv+U=,ny4OFxQxIdQxKmLs/vOiOXS55K0=
13243,6837,47buZECawRD9VGQw5Tcno+fVv+U=,ny4OFxQxIdQxKmLs/vOiOXS55K0=
13243,6836,47buZECawRD9VGQw5Tcno+fVv+U=,ny4OFxQxIdQxKmLs/vOiOXS55K0=
13242,6835,47buZECawRD9VGQw5Tcno+fVv+U=,ny4OFxQxIdQxKmLs/vOiOXS55K0=
13241,6837,47buZECawRD9VGQw5Tcno+fVv+U=,ny4OFxQxIdQxKmLs/vOiOXS55K0=
13241,6836,47buZECawRD9VGQw5Tcno+fVv+U=,ny4OFxQxIdQxKmLs/vOiOXS55K0=
13242,6836,47buZECawRD9VGQw5Tcno+fVv+U=,ny4OFxQxIdQxKmLs/vOiOXS55K0=
13242,6837,47buZECawRD9VGQw5Tcno+fVv+U=,ny4OFxQxIdQxKmLs/vOiOXS55K0=
