13154,6837,NqUzSaRi+7sE74bYE8XvqcB6yhU=,Ay8Yky0cu6mUlA3r37zxhTLcVyw=
13153,6837,NqUzSaRi+7sE74bYE8XvqcB6yhU=,6Gci03vjVbHqHOulgG/wiUiXC8A=
13153,6838,NqUzSaRi+7sE74bYE8XvqcB6yhU=,6Gci03vjVbHqHOulgG/wiUiXC8A=
13154,6838,NqUzSaRi+7sE74bYE8XvqcB6yhU=,hR9TlNp7D18loBOiwiOlGOcRhqU=
13155,6837,NqUzSaRi+7sE74bYE8XvqcB6yhU=,Ay8Yky0cu6mUlA3r37zxhTLcVyw=
13156,6837,NqUzSaRi+7sE74bYE8XvqcB6yhU=,Ay8Yky0cu6mUlA3r37zxhTLcVyw=
13156,6838,NqUzSaRi+7sE74bYE8XvqcB6yhU=,82hY7IMqf0WsuHdYbUg4gRa1+1Y=
13155,6838,NqUzSaRi+7sE74bYE8XvqcB6yhU=,hR9TlNp7D18loBOiwiOlGOcRhqU=
13157,6837,NqUzSaRi+7sE74bYE8XvqcB6yhU=,Ay8Yky0cu6mUlA3r37zxhTLcVyw=
13158,6837,NqUzSaRi+7sE74bYE8XvqcB6yhU=,82hY7IMqf0WsuHdYbUg4gRa1+1Y=
13160,6837,NqUzSaRi+7sE74bYE8XvqcB6yhU=,TfNyL3Gse5fkJcphI26rH+5x+TY=
13159,6837,NqUzSaRi+7sE74bYE8XvqcB6yhU=,82hY7IMqf0WsuHdYbUg4gRa1+1Y=
13157,6838,NqUzSaRi+7sE74bYE8XvqcB6yhU=,82hY7IMqf0WsuHdYbUg4gRa1+1Y=
13158,6838,NqUzSaRi+7sE74bYE8XvqcB6yhU=,TfNyL3Gse5fkJcphI26rH+5x+TY=
13162,6836,NqUzSaRi+7sE74bYE8XvqcB6yhU=,ytwl61wGaQYVB/8foowTGOBIuGo=
13161,6836,NqUzSaRi+7sE74bYE8XvqcB6yhU=,TfNyL3Gse5fkJcphI26rH+5x+TY=
13159,6839,NqUzSaRi+7sE74bYE8XvqcB6yhU=,TfNyL3Gse5fkJcphI26rH+5x+TY=
13159,6838,NqUzSaRi+7sE74bYE8XvqcB6yhU=,TfNyL3Gse5fkJcphI26rH+5x+TY=
13152,6837,NqUzSaRi+7sE74bYE8XvqcB6yhU=,6Gci03vjVbHqHOulgG/wiUiXC8A=
13158,6836,NqUzSaRi+7sE74bYE8XvqcB6yhU=,82hY7IMqf0WsuHdYbUg4gRa1+1Y=
13160,6836,NqUzSaRi+7sE74bYE8XvqcB6yhU=,TfNyL3Gse5fkJcphI26rH+5x+TY=
13159,6836,NqUzSaRi+7sE74bYE8XvqcB6yhU=,82hY7IMqf0WsuHdYbUg4gRa1+1Y=
13157,6836,NqUzSaRi+7sE74bYE8XvqcB6yhU=,Ay8Yky0cu6mUlA3r37zxhTLcVyw=
13153,6839,NqUzSaRi+7sE74bYE8XvqcB6yhU=,6Gci03vjVbHqHOulgG/wiUiXC8A=
13154,6839,NqUzSaRi+7sE74bYE8XvqcB6yhU=,hR9TlNp7D18loBOiwiOlGOcRhqU=
13160,6839,NqUzSaRi+7sE74bYE8XvqcB6yhU=,TfNyL3Gse5fkJcphI26rH+5x+TY=
13158,6839,NqUzSaRi+7sE74bYE8XvqcB6yhU=,TfNyL3Gse5fkJcphI26rH+5x+TY=
13156,6839,NqUzSaRi+7sE74bYE8XvqcB6yhU=,82hY7IMqf0WsuHdYbUg4gRa1+1Y=
13152,6839,NqUzSaRi+7sE74bYE8XvqcB6yhU=,6Gci03vjVbHqHOulgG/wiUiXC8A=
13157,6839,NqUzSaRi+7sE74bYE8XvqcB6yhU=,82hY7IMqf0WsuHdYbUg4gRa1+1Y=
13155,6839,NqUzSaRi+7sE74bYE8XvqcB6yhU=,hR9TlNp7D18loBOiwiOlGOcRhqU=
13154,6836,NqUzSaRi+7sE74bYE8XvqcB6yhU=,Ay8Yky0cu6mUlA3r37zxhTLcVyw=
13155,6836,NqUzSaRi+7sE74bYE8XvqcB6yhU=,Ay8Yky0cu6mUlA3r37zxhTLcVyw=
13156,6836,NqUzSaRi+7sE74bYE8XvqcB6yhU=,Ay8Yky0cu6mUlA3r37zxhTLcVyw=
13153,6836,NqUzSaRi+7sE74bYE8XvqcB6yhU=,6Gci03vjVbHqHOulgG/wiUiXC8A=
13152,6836,NqUzSaRi+7sE74bYE8XvqcB6yhU=,6Gci03vjVbHqHOulgG/wiUiXC8A=
13160,6838,NqUzSaRi+7sE74bYE8XvqcB6yhU=,TfNyL3Gse5fkJcphI26rH+5x+TY=
13152,6838,NqUzSaRi+7sE74bYE8XvqcB6yhU=,6Gci03vjVbHqHOulgG/wiUiXC8A=
13163,6836,NqUzSaRi+7sE74bYE8XvqcB6yhU=,ytwl61wGaQYVB/8foowTGOBIuGo=
13165,6836,NqUzSaRi+7sE74bYE8XvqcB6yhU=,Y0VvGuCSH3t6FNKMm2NBs+D9GJQ=
13165,6838,NqUzSaRi+7sE74bYE8XvqcB6yhU=,hR9TlNp7D18loBOiwiOlGOcRhqU=
13164,6836,NqUzSaRi+7sE74bYE8XvqcB6yhU=,Y0VvGuCSH3t6FNKMm2NBs+D9GJQ=
13165,6839,NqUzSaRi+7sE74bYE8XvqcB6yhU=,hR9TlNp7D18loBOiwiOlGOcRhqU=
13165,6837,NqUzSaRi+7sE74bYE8XvqcB6yhU=,Y0VvGuCSH3t6FNKMm2NBs+D9GJQ=
13164,6837,NqUzSaRi+7sE74bYE8XvqcB6yhU=,Y0VvGuCSH3t6FNKMm2NBs+D9GJQ=
13163,6837,NqUzSaRi+7sE74bYE8XvqcB6yhU=,ytwl61wGaQYVB/8foowTGOBIuGo=
13164,6839,NqUzSaRi+7sE74bYE8XvqcB6yhU=,hR9TlNp7D18loBOiwiOlGOcRhqU=
13162,6837,NqUzSaRi+7sE74bYE8XvqcB6yhU=,ytwl61wGaQYVB/8foowTGOBIuGo=
13161,6839,NqUzSaRi+7sE74bYE8XvqcB6yhU=,TfNyL3Gse5fkJcphI26rH+5x+TY=
13163,6839,NqUzSaRi+7sE74bYE8XvqcB6yhU=,hR9TlNp7D18loBOiwiOlGOcRhqU=
13161,6837,NqUzSaRi+7sE74bYE8XvqcB6yhU=,TfNyL3Gse5fkJcphI26rH+5x+TY=
13163,6838,NqUzSaRi+7sE74bYE8XvqcB6yhU=,hR9TlNp7D18loBOiwiOlGOcRhqU=
13161,6838,NqUzSaRi+7sE74bYE8XvqcB6yhU=,TfNyL3Gse5fkJcphI26rH+5x+TY=
13164,6838,NqUzSaRi+7sE74bYE8XvqcB6yhU=,hR9TlNp7D18loBOiwiOlGOcRhqU=
13162,6838,NqUzSaRi+7sE74bYE8XvqcB6yhU=,hR9TlNp7D18loBOiwiOlGOcRhqU=
13162,6839,NqUzSaRi+7sE74bYE8XvqcB6yhU=,hR9TlNp7D18loBOiwiOlGOcRhqU=
