13289,6839,UTQqxMpDe0oAGIfo+CM4p+gE7yU=,ny4OFxQxIdQxKmLs/vOiOXS55K0=
13290,6839,UTQqxMpDe0oAGIfo+CM4p+gE7yU=,ny4OFxQxIdQxKmLs/vOiOXS55K0=
13286,6836,UTQqxMpDe0oAGIfo+CM4p+gE7yU=,ny4OFxQxIdQxKmLs/vOiOXS55K0=
13291,6839,UTQqxMpDe0oAGIfo+CM4p+gE7yU=,ny4OFxQxIdQxKmLs/vOiOXS55K0=
13287,6834,UTQqxMpDe0oAGIfo+CM4p+gE7yU=,ny4OFxQxIdQxKmLs/vOiOXS55K0=
13286,6835,UTQqxMpDe0oAGIfo+CM4p+gE7yU=,ny4OFxQxIdQxKmLs/vOiOXS55K0=
13291,6837,UTQqxMpDe0oAGIfo+CM4p+gE7yU=,ny4OFxQxIdQxKmLs/vOiOXS55K0=
13288,6834,UTQqxMpDe0oAGIfo+CM4p+gE7yU=,ny4OFxQxIdQxKmLs/vOiOXS55K0=
13291,6838,UTQqxMpDe0oAGIfo+CM4p+gE7yU=,ny4OFxQxIdQxKmLs/vOiOXS55K0=
13286,6837,UTQqxMpDe0oAGIfo+CM4p+gE7yU=,ny4OFxQxIdQxKmLs/vOiOXS55K0=
13286,6839,UTQqxMpDe0oAGIfo+CM4p+gE7yU=,ny4OFxQxIdQxKmLs/vOiOXS55K0=
13286,6834,UTQqxMpDe0oAGIfo+CM4p+gE7yU=,ny4OFxQxIdQxKmLs/vOiOXS55K0=
13287,6839,UTQqxMpDe0oAGIfo+CM4p+gE7yU=,ny4OFxQxIdQxKmLs/vOiOXS55K0=
13286,6838,UTQqxMpDe0oAGIfo+CM4p+gE7yU=,ny4OFxQxIdQxKmLs/vOiOXS55K0=
13290,6834,UTQqxMpDe0oAGIfo+CM4p+gE7yU=,ny4OFxQxIdQxKmLs/vOiOXS55K0=
13288,6839,UTQqxMpDe0oAGIfo+CM4p+gE7yU=,ny4OFxQxIdQxKmLs/vOiOXS55K0=
13291,6834,UTQqxMpDe0oAGIfo+CM4p+gE7yU=,ny4OFxQxIdQxKmLs/vOiOXS55K0=
13291,6836,UTQqxMpDe0oAGIfo+CM4p+gE7yU=,ny4OFxQxIdQxKmLs/vOiOXS55K0=
13289,6834,UTQqxMpDe0oAGIfo+CM4p+gE7yU=,ny4OFxQxIdQxKmLs/vOiOXS55K0=
13291,6835,UTQqxMpDe0oAGIfo+CM4p+gE7yU=,ny4OFxQxIdQxKmLs/vOiOXS55K0=
13289,6838,UTQqxMpDe0oAGIfo+CM4p+gE7yU=,ny4OFxQxIdQxKmLs/vOiOXS55K0=
13290,6838,UTQqxMpDe0oAGIfo+CM4p+gE7yU=,ny4OFxQxIdQxKmLs/vOiOXS55K0=
13288,6838,UTQqxMpDe0oAGIfo+CM4p+gE7yU=,ny4OFxQxIdQxKmLs/vOiOXS55K0=
13287,6838,UTQqxMpDe0oAGIfo+CM4p+gE7yU=,ny4OFxQxIdQxKmLs/vOiOXS55K0=
13287,6835,UTQqxMpDe0oAGIfo+CM4p+gE7yU=,ny4OFxQxIdQxKmLs/vOiOXS55K0=
13290,6835,UTQqxMpDe0oAGIfo+CM4p+gE7yU=,ny4OFxQxIdQxKmLs/vOiOXS55K0=
13288,6835,UTQqxMpDe0oAGIfo+CM4p+gE7yU=,ny4OFxQxIdQxKmLs/vOiOXS55K0=
13290,6837,UTQqxMpDe0oAGIfo+CM4p+gE7yU=,ny4OFxQxIdQxKmLs/vOiOXS55K0=
13287,6836,UTQqxMpDe0oAGIfo+CM4p+gE7yU=,ny4OFxQxIdQxKmLs/vOiOXS55K0=
13289,6835,UTQqxMpDe0oAGIfo+CM4p+gE7yU=,ny4OFxQxIdQxKmLs/vOiOXS55K0=
13290,6836,UTQqxMpDe0oAGIfo+CM4p+gE7yU=,ny4OFxQxIdQxKmLs/vOiOXS55K0=
13287,6837,UTQqxMpDe0oAGIfo+CM4p+gE7yU=,ny4OFxQxIdQxKmLs/vOiOXS55K0=
13288,6836,UTQqxMpDe0oAGIfo+CM4p+gE7yU=,ny4OFxQxIdQxKmLs/vOiOXS55K0=
13289,6836,UTQqxMpDe0oAGIfo+CM4p+gE7yU=,ny4OFxQxIdQxKmLs/vOiOXS55K0=
13289,6837,UTQqxMpDe0oAGIfo+CM4p+gE7yU=,ny4OFxQxIdQxKmLs/vOiOXS55K0=
13288,6837,UTQqxMpDe0oAGIfo+CM4p+gE7yU=,ny4OFxQxIdQxKmLs/vOiOXS55K0=
