13121,6837,FywaPyWO+UPafV/JMjIKFAZQpTw=,pBdYVq8vnb733MS5wNqb3Jd+/tw=
13122,6837,FywaPyWO+UPafV/JMjIKFAZQpTw=,X0OoXTvhRnkftwyNAWAQ1hhrXfA=
13121,6838,FywaPyWO+UPafV/JMjIKFAZQpTw=,wHZzrYvscxriy2bivrCM1b7maYI=
13122,6838,FywaPyWO+UPafV/JMjIKFAZQpTw=,DFHQcHf50D8Epr0RnR1leiM0dxU=
13124,6837,FywaPyWO+UPafV/JMjIKFAZQpTw=,X0OoXTvhRnkftwyNAWAQ1hhrXfA=
13123,6837,FywaPyWO+UPafV/JMjIKFAZQpTw=,X0OoXTvhRnkftwyNAWAQ1hhrXfA=
13124,6838,FywaPyWO+UPafV/JMjIKFAZQpTw=,af+s31SqSw5nxqV5Ps8YjaIJVuM=
13123,6838,FywaPyWO+UPafV/JMjIKFAZQpTw=,DFHQcHf50D8Epr0RnR1leiM0dxU=
13126,6837,FywaPyWO+UPafV/JMjIKFAZQpTw=,af+s31SqSw5nxqV5Ps8YjaIJVuM=
13125,6837,FywaPyWO+UPafV/JMjIKFAZQpTw=,X0OoXTvhRnkftwyNAWAQ1hhrXfA=
13126,6838,FywaPyWO+UPafV/JMjIKFAZQpTw=,60fjsUc1lcbpoHK12JPEvZyZt20=
13125,6838,FywaPyWO+UPafV/JMjIKFAZQpTw=,af+s31SqSw5nxqV5Ps8YjaIJVuM=
13128,6837,FywaPyWO+UPafV/JMjIKFAZQpTw=,60fjsUc1lcbpoHK12JPEvZyZt20=
13127,6837,FywaPyWO+UPafV/JMjIKFAZQpTw=,af+s31SqSw5nxqV5Ps8YjaIJVuM=
13129,6837,FywaPyWO+UPafV/JMjIKFAZQpTw=,60fjsUc1lcbpoHK12JPEvZyZt20=
13130,6837,FywaPyWO+UPafV/JMjIKFAZQpTw=,DFHQcHf50D8Epr0RnR1leiM0dxU=
13127,6838,FywaPyWO+UPafV/JMjIKFAZQpTw=,60fjsUc1lcbpoHK12JPEvZyZt20=
13128,6838,FywaPyWO+UPafV/JMjIKFAZQpTw=,DFHQcHf50D8Epr0RnR1leiM0dxU=
13129,6838,FywaPyWO+UPafV/JMjIKFAZQpTw=,DFHQcHf50D8Epr0RnR1leiM0dxU=
13129,6839,FywaPyWO+UPafV/JMjIKFAZQpTw=,DFHQcHf50D8Epr0RnR1leiM0dxU=
13130,6838,FywaPyWO+UPafV/JMjIKFAZQpTw=,is/Iw0bHRgxmnpJr8sMoZidQq70=
13132,6836,FywaPyWO+UPafV/JMjIKFAZQpTw=,DFHQcHf50D8Epr0RnR1leiM0dxU=
13130,6839,FywaPyWO+UPafV/JMjIKFAZQpTw=,is/Iw0bHRgxmnpJr8sMoZidQq70=
13131,6836,FywaPyWO+UPafV/JMjIKFAZQpTw=,DFHQcHf50D8Epr0RnR1leiM0dxU=
13122,6839,FywaPyWO+UPafV/JMjIKFAZQpTw=,DFHQcHf50D8Epr0RnR1leiM0dxU=
13121,6839,FywaPyWO+UPafV/JMjIKFAZQpTw=,wHZzrYvscxriy2bivrCM1b7maYI=
13120,6837,FywaPyWO+UPafV/JMjIKFAZQpTw=,pBdYVq8vnb733MS5wNqb3Jd+/tw=
13124,6839,FywaPyWO+UPafV/JMjIKFAZQpTw=,af+s31SqSw5nxqV5Ps8YjaIJVuM=
13120,6839,FywaPyWO+UPafV/JMjIKFAZQpTw=,wHZzrYvscxriy2bivrCM1b7maYI=
13123,6839,FywaPyWO+UPafV/JMjIKFAZQpTw=,DFHQcHf50D8Epr0RnR1leiM0dxU=
13126,6839,FywaPyWO+UPafV/JMjIKFAZQpTw=,60fjsUc1lcbpoHK12JPEvZyZt20=
13128,6839,FywaPyWO+UPafV/JMjIKFAZQpTw=,DFHQcHf50D8Epr0RnR1leiM0dxU=
13127,6839,FywaPyWO+UPafV/JMjIKFAZQpTw=,60fjsUc1lcbpoHK12JPEvZyZt20=
13125,6839,FywaPyWO+UPafV/JMjIKFAZQpTw=,af+s31SqSw5nxqV5Ps8YjaIJVuM=
13129,6836,FywaPyWO+UPafV/JMjIKFAZQpTw=,60fjsUc1lcbpoHK12JPEvZyZt20=
13130,6836,FywaPyWO+UPafV/JMjIKFAZQpTw=,DFHQcHf50D8Epr0RnR1leiM0dxU=
13122,6836,FywaPyWO+UPafV/JMjIKFAZQpTw=,X0OoXTvhRnkftwyNAWAQ1hhrXfA=
13121,6836,FywaPyWO+UPafV/JMjIKFAZQpTw=,pBdYVq8vnb733MS5wNqb3Jd+/tw=
13123,6836,FywaPyWO+UPafV/JMjIKFAZQpTw=,X0OoXTvhRnkftwyNAWAQ1hhrXfA=
13124,6836,FywaPyWO+UPafV/JMjIKFAZQpTw=,X0OoXTvhRnkftwyNAWAQ1hhrXfA=
13125,6836,FywaPyWO+UPafV/JMjIKFAZQpTw=,X0OoXTvhRnkftwyNAWAQ1hhrXfA=
13128,6836,FywaPyWO+UPafV/JMjIKFAZQpTw=,60fjsUc1lcbpoHK12JPEvZyZt20=
13127,6836,FywaPyWO+UPafV/JMjIKFAZQpTw=,af+s31SqSw5nxqV5Ps8YjaIJVuM=
13120,6836,FywaPyWO+UPafV/JMjIKFAZQpTw=,pBdYVq8vnb733MS5wNqb3Jd+/tw=
13126,6836,FywaPyWO+UPafV/JMjIKFAZQpTw=,af+s31SqSw5nxqV5Ps8YjaIJVuM=
13120,6838,FywaPyWO+UPafV/JMjIKFAZQpTw=,wHZzrYvscxriy2bivrCM1b7maYI=
13133,6836,FywaPyWO+UPafV/JMjIKFAZQpTw=,DFHQcHf50D8Epr0RnR1leiM0dxU=
13135,6836,FywaPyWO+UPafV/JMjIKFAZQpTw=,z6NaIRhP4z+4vvbWmChYPlclKI4=
13134,6836,FywaPyWO+UPafV/JMjIKFAZQpTw=,z6NaIRhP4z+4vvbWmChYPlclKI4=
13131,6837,FywaPyWO+UPafV/JMjIKFAZQpTw=,DFHQcHf50D8Epr0RnR1leiM0dxU=
13132,6837,FywaPyWO+UPafV/JMjIKFAZQpTw=,DFHQcHf50D8Epr0RnR1leiM0dxU=
13132,6839,FywaPyWO+UPafV/JMjIKFAZQpTw=,z6NaIRhP4z+4vvbWmChYPlclKI4=
13131,6838,FywaPyWO+UPafV/JMjIKFAZQpTw=,is/Iw0bHRgxmnpJr8sMoZidQq70=
13131,6839,FywaPyWO+UPafV/JMjIKFAZQpTw=,is/Iw0bHRgxmnpJr8sMoZidQq70=
13134,6837,FywaPyWO+UPafV/JMjIKFAZQpTw=,z6NaIRhP4z+4vvbWmChYPlclKI4=
13132,6838,FywaPyWO+UPafV/JMjIKFAZQpTw=,z6NaIRhP4z+4vvbWmChYPlclKI4=
13133,6839,FywaPyWO+UPafV/JMjIKFAZQpTw=,z6NaIRhP4z+4vvbWmChYPlclKI4=
13133,6837,FywaPyWO+UPafV/JMjIKFAZQpTw=,DFHQcHf50D8Epr0RnR1leiM0dxU=
13135,6837,FywaPyWO+UPafV/JMjIKFAZQpTw=,z6NaIRhP4z+4vvbWmChYPlclKI4=
13133,6838,FywaPyWO+UPafV/JMjIKFAZQpTw=,z6NaIRhP4z+4vvbWmChYPlclKI4=
13134,6839,FywaPyWO+UPafV/JMjIKFAZQpTw=,is/Iw0bHRgxmnpJr8sMoZidQq70=
13134,6838,FywaPyWO+UPafV/JMjIKFAZQpTw=,is/Iw0bHRgxmnpJr8sMoZidQq70=
13135,6839,FywaPyWO+UPafV/JMjIKFAZQpTw=,is/Iw0bHRgxmnpJr8sMoZidQq70=
13135,6838,FywaPyWO+UPafV/JMjIKFAZQpTw=,is/Iw0bHRgxmnpJr8sMoZidQq70=
13137,6837,+s5y/OmhBF4gNZoxRXTcT6C7pdo=,is/Iw0bHRgxmnpJr8sMoZidQq70=
13138,6837,+s5y/OmhBF4gNZoxRXTcT6C7pdo=,J/bAqUlouUII4SLD2FWLaVPV32A=
13137,6838,+s5y/OmhBF4gNZoxRXTcT6C7pdo=,3L8Qw0zI7Q+XZaC44RWMOmKJ2iQ=
13138,6838,+s5y/OmhBF4gNZoxRXTcT6C7pdo=,3L8Qw0zI7Q+XZaC44RWMOmKJ2iQ=
13139,6837,+s5y/OmhBF4gNZoxRXTcT6C7pdo=,J/bAqUlouUII4SLD2FWLaVPV32A=
13140,6837,+s5y/OmhBF4gNZoxRXTcT6C7pdo=,J/bAqUlouUII4SLD2FWLaVPV32A=
13139,6838,+s5y/OmhBF4gNZoxRXTcT6C7pdo=,3L8Qw0zI7Q+XZaC44RWMOmKJ2iQ=
13140,6838,+s5y/OmhBF4gNZoxRXTcT6C7pdo=,J/bAqUlouUII4SLD2FWLaVPV32A=
13142,6837,+s5y/OmhBF4gNZoxRXTcT6C7pdo=,yp0EKQF/Cge+nRBj2YkkLELsplI=
13141,6837,+s5y/OmhBF4gNZoxRXTcT6C7pdo=,J/bAqUlouUII4SLD2FWLaVPV32A=
13141,6838,+s5y/OmhBF4gNZoxRXTcT6C7pdo=,J/bAqUlouUII4SLD2FWLaVPV32A=
13142,6838,+s5y/OmhBF4gNZoxRXTcT6C7pdo=,yp0EKQF/Cge+nRBj2YkkLELsplI=
13143,6837,+s5y/OmhBF4gNZoxRXTcT6C7pdo=,yp0EKQF/Cge+nRBj2YkkLELsplI=
13144,6837,+s5y/OmhBF4gNZoxRXTcT6C7pdo=,yp0EKQF/Cge+nRBj2YkkLELsplI=
13144,6838,+s5y/OmhBF4gNZoxRXTcT6C7pdo=,t4moaTVkfNg17CwwXU4V63DWhWQ=
13143,6838,+s5y/OmhBF4gNZoxRXTcT6C7pdo=,yp0EKQF/Cge+nRBj2YkkLELsplI=
13146,6837,+s5y/OmhBF4gNZoxRXTcT6C7pdo=,t4moaTVkfNg17CwwXU4V63DWhWQ=
13145,6837,+s5y/OmhBF4gNZoxRXTcT6C7pdo=,yp0EKQF/Cge+nRBj2YkkLELsplI=
13145,6838,+s5y/OmhBF4gNZoxRXTcT6C7pdo=,t4moaTVkfNg17CwwXU4V63DWhWQ=
13146,6838,+s5y/OmhBF4gNZoxRXTcT6C7pdo=,t4moaTVkfNg17CwwXU4V63DWhWQ=
13145,6839,+s5y/OmhBF4gNZoxRXTcT6C7pdo=,t4moaTVkfNg17CwwXU4V63DWhWQ=
13146,6839,+s5y/OmhBF4gNZoxRXTcT6C7pdo=,t4moaTVkfNg17CwwXU4V63DWhWQ=
13147,6836,+s5y/OmhBF4gNZoxRXTcT6C7pdo=,t4moaTVkfNg17CwwXU4V63DWhWQ=
13137,6839,+s5y/OmhBF4gNZoxRXTcT6C7pdo=,3L8Qw0zI7Q+XZaC44RWMOmKJ2iQ=
13140,6839,+s5y/OmhBF4gNZoxRXTcT6C7pdo=,J/bAqUlouUII4SLD2FWLaVPV32A=
13138,6839,+s5y/OmhBF4gNZoxRXTcT6C7pdo=,3L8Qw0zI7Q+XZaC44RWMOmKJ2iQ=
13148,6836,+s5y/OmhBF4gNZoxRXTcT6C7pdo=,t4moaTVkfNg17CwwXU4V63DWhWQ=
13139,6839,+s5y/OmhBF4gNZoxRXTcT6C7pdo=,3L8Qw0zI7Q+XZaC44RWMOmKJ2iQ=
13144,6839,+s5y/OmhBF4gNZoxRXTcT6C7pdo=,t4moaTVkfNg17CwwXU4V63DWhWQ=
13142,6839,+s5y/OmhBF4gNZoxRXTcT6C7pdo=,yp0EKQF/Cge+nRBj2YkkLELsplI=
13143,6839,+s5y/OmhBF4gNZoxRXTcT6C7pdo=,yp0EKQF/Cge+nRBj2YkkLELsplI=
13141,6839,+s5y/OmhBF4gNZoxRXTcT6C7pdo=,J/bAqUlouUII4SLD2FWLaVPV32A=
13140,6836,+s5y/OmhBF4gNZoxRXTcT6C7pdo=,J/bAqUlouUII4SLD2FWLaVPV32A=
13139,6836,+s5y/OmhBF4gNZoxRXTcT6C7pdo=,J/bAqUlouUII4SLD2FWLaVPV32A=
13137,6836,+s5y/OmhBF4gNZoxRXTcT6C7pdo=,is/Iw0bHRgxmnpJr8sMoZidQq70=
13138,6836,+s5y/OmhBF4gNZoxRXTcT6C7pdo=,J/bAqUlouUII4SLD2FWLaVPV32A=
13136,6837,+s5y/OmhBF4gNZoxRXTcT6C7pdo=,is/Iw0bHRgxmnpJr8sMoZidQq70=
13136,6839,+s5y/OmhBF4gNZoxRXTcT6C7pdo=,3L8Qw0zI7Q+XZaC44RWMOmKJ2iQ=
13142,6836,+s5y/OmhBF4gNZoxRXTcT6C7pdo=,yp0EKQF/Cge+nRBj2YkkLELsplI=
13141,6836,+s5y/OmhBF4gNZoxRXTcT6C7pdo=,J/bAqUlouUII4SLD2FWLaVPV32A=
13144,6836,+s5y/OmhBF4gNZoxRXTcT6C7pdo=,yp0EKQF/Cge+nRBj2YkkLELsplI=
13143,6836,+s5y/OmhBF4gNZoxRXTcT6C7pdo=,yp0EKQF/Cge+nRBj2YkkLELsplI=
13146,6836,+s5y/OmhBF4gNZoxRXTcT6C7pdo=,t4moaTVkfNg17CwwXU4V63DWhWQ=
13145,6836,+s5y/OmhBF4gNZoxRXTcT6C7pdo=,yp0EKQF/Cge+nRBj2YkkLELsplI=
13136,6836,+s5y/OmhBF4gNZoxRXTcT6C7pdo=,is/Iw0bHRgxmnpJr8sMoZidQq70=
13136,6838,+s5y/OmhBF4gNZoxRXTcT6C7pdo=,3L8Qw0zI7Q+XZaC44RWMOmKJ2iQ=
13149,6836,+s5y/OmhBF4gNZoxRXTcT6C7pdo=,t4moaTVkfNg17CwwXU4V63DWhWQ=
13147,6837,+s5y/OmhBF4gNZoxRXTcT6C7pdo=,t4moaTVkfNg17CwwXU4V63DWhWQ=
13151,6836,+s5y/OmhBF4gNZoxRXTcT6C7pdo=,xJQMRsE0uFQdE/7lwz0HnIf1x40=
13150,6836,+s5y/OmhBF4gNZoxRXTcT6C7pdo=,xJQMRsE0uFQdE/7lwz0HnIf1x40=
13147,6839,+s5y/OmhBF4gNZoxRXTcT6C7pdo=,t4moaTVkfNg17CwwXU4V63DWhWQ=
13148,6839,+s5y/OmhBF4gNZoxRXTcT6C7pdo=,6Gci03vjVbHqHOulgG/wiUiXC8A=
13148,6837,+s5y/OmhBF4gNZoxRXTcT6C7pdo=,t4moaTVkfNg17CwwXU4V63DWhWQ=
13147,6838,+s5y/OmhBF4gNZoxRXTcT6C7pdo=,t4moaTVkfNg17CwwXU4V63DWhWQ=
13148,6838,+s5y/OmhBF4gNZoxRXTcT6C7pdo=,6Gci03vjVbHqHOulgG/wiUiXC8A=
13149,6839,+s5y/OmhBF4gNZoxRXTcT6C7pdo=,6Gci03vjVbHqHOulgG/wiUiXC8A=
13151,6837,+s5y/OmhBF4gNZoxRXTcT6C7pdo=,xJQMRsE0uFQdE/7lwz0HnIf1x40=
13150,6837,+s5y/OmhBF4gNZoxRXTcT6C7pdo=,xJQMRsE0uFQdE/7lwz0HnIf1x40=
13149,6837,+s5y/OmhBF4gNZoxRXTcT6C7pdo=,t4moaTVkfNg17CwwXU4V63DWhWQ=
13151,6838,+s5y/OmhBF4gNZoxRXTcT6C7pdo=,xJQMRsE0uFQdE/7lwz0HnIf1x40=
13151,6839,+s5y/OmhBF4gNZoxRXTcT6C7pdo=,xJQMRsE0uFQdE/7lwz0HnIf1x40=
13149,6838,+s5y/OmhBF4gNZoxRXTcT6C7pdo=,6Gci03vjVbHqHOulgG/wiUiXC8A=
13150,6838,+s5y/OmhBF4gNZoxRXTcT6C7pdo=,xJQMRsE0uFQdE/7lwz0HnIf1x40=
13150,6839,+s5y/OmhBF4gNZoxRXTcT6C7pdo=,xJQMRsE0uFQdE/7lwz0HnIf1x40=
