13318,6834,pl8clFHVovsQSNJ+l089MjyWgU4=,ny4OFxQxIdQxKmLs/vOiOXS55K0=
13319,6839,pl8clFHVovsQSNJ+l089MjyWgU4=,ny4OFxQxIdQxKmLs/vOiOXS55K0=
13320,6839,pl8clFHVovsQSNJ+l089MjyWgU4=,ny4OFxQxIdQxKmLs/vOiOXS55K0=
13321,6839,pl8clFHVovsQSNJ+l089MjyWgU4=,ny4OFxQxIdQxKmLs/vOiOXS55K0=
13318,6839,pl8clFHVovsQSNJ+l089MjyWgU4=,ny4OFxQxIdQxKmLs/vOiOXS55K0=
13320,6834,pl8clFHVovsQSNJ+l089MjyWgU4=,ny4OFxQxIdQxKmLs/vOiOXS55K0=
13319,6834,pl8clFHVovsQSNJ+l089MjyWgU4=,ny4OFxQxIdQxKmLs/vOiOXS55K0=
13321,6834,pl8clFHVovsQSNJ+l089MjyWgU4=,ny4OFxQxIdQxKmLs/vOiOXS55K0=
13318,6835,FywaPyWO+UPafV/JMjIKFAZQpTw=,ny4OFxQxIdQxKmLs/vOiOXS55K0=
13318,6838,FywaPyWO+UPafV/JMjIKFAZQpTw=,ny4OFxQxIdQxKmLs/vOiOXS55K0=
13318,6836,FywaPyWO+UPafV/JMjIKFAZQpTw=,ny4OFxQxIdQxKmLs/vOiOXS55K0=
13318,6837,FywaPyWO+UPafV/JMjIKFAZQpTw=,ny4OFxQxIdQxKmLs/vOiOXS55K0=
13321,6838,FywaPyWO+UPafV/JMjIKFAZQpTw=,ny4OFxQxIdQxKmLs/vOiOXS55K0=
13320,6838,FywaPyWO+UPafV/JMjIKFAZQpTw=,ny4OFxQxIdQxKmLs/vOiOXS55K0=
13321,6835,FywaPyWO+UPafV/JMjIKFAZQpTw=,ny4OFxQxIdQxKmLs/vOiOXS55K0=
13319,6838,FywaPyWO+UPafV/JMjIKFAZQpTw=,ny4OFxQxIdQxKmLs/vOiOXS55K0=
13320,6835,FywaPyWO+UPafV/JMjIKFAZQpTw=,ny4OFxQxIdQxKmLs/vOiOXS55K0=
13319,6835,FywaPyWO+UPafV/JMjIKFAZQpTw=,ny4OFxQxIdQxKmLs/vOiOXS55K0=
13319,6836,FywaPyWO+UPafV/JMjIKFAZQpTw=,ny4OFxQxIdQxKmLs/vOiOXS55K0=
13321,6837,FywaPyWO+UPafV/JMjIKFAZQpTw=,ny4OFxQxIdQxKmLs/vOiOXS55K0=
13321,6836,FywaPyWO+UPafV/JMjIKFAZQpTw=,ny4OFxQxIdQxKmLs/vOiOXS55K0=
13319,6837,FywaPyWO+UPafV/JMjIKFAZQpTw=,ny4OFxQxIdQxKmLs/vOiOXS55K0=
13320,6837,FywaPyWO+UPafV/JMjIKFAZQpTw=,ny4OFxQxIdQxKmLs/vOiOXS55K0=
13320,6836,FywaPyWO+UPafV/JMjIKFAZQpTw=,ny4OFxQxIdQxKmLs/vOiOXS55K0=
